Ticker,Score,Months,Value,Values
MSFT,1.0783,71,1.53932,0.99566|1.00644|1.01972|1.03372|1.04827|1.06309|1.0778|1.09177|1.10527|1.11753|1.1315|1.14459|1.15694|1.17051|1.18463|1.20019|1.21627|1.23164|1.2478|1.26376|1.28157|1.29461|1.3084|1.32476|1.34028|1.35918|1.38032|1.40042|1.41978|1.43916|1.4589|1.47715|1.49541|1.51081|1.52531|1.53932
AAPL,1.5431,71,5.29117,1.01808|1.08295|1.1515|1.21882|1.28224|1.3501|1.42758|1.50956|1.58509|1.64629|1.70737|1.78313|1.87339|1.96208|2.04507|2.13474|2.24275|2.36495|2.48343|2.59098|2.66839|2.73093|2.84759|2.94577|3.00077|3.06534|3.20706|3.40219|3.61984|3.84984|4.08475|4.3227|4.56013|4.80781|5.067|5.29117
AMZN,1.4750999999999999,71,4.57516,1.00609|1.05279|1.1046|1.16378|1.22969|1.30063|1.37683|1.44944|1.51978|1.59291|1.67622|1.76147|1.84272|1.91681|1.99348|2.07987|2.16225|2.23967|2.32028|2.41258|2.50051|2.5918|2.69356|2.78887|2.88935|2.99906|3.1124|3.23441|3.3701|3.50576|3.66522|3.8252|3.99346|4.18013|4.3782|4.57516
FB,1.803,69,6.59784,1.01464|1.07211|1.13462|1.20432|1.28235|1.37331|1.47108|1.57261|1.66541|1.75557|1.84496|1.93966|2.04416|2.14374|2.25093|2.36688|2.50042|2.64101|2.7966|2.94708|3.10791|3.26647|3.45904|3.65678|3.87295|4.10011|4.36274|4.68069|5.00226|5.33419|5.6846|5.98707|6.19845|6.47674|6.59784|6.53695
GOOG,1.2063,71,2.55018,1.01111|1.05096|1.08725|1.12742|1.17205|1.20826|1.2464|1.28473|1.31078|1.34537|1.38025|1.41544|1.45607|1.49345|1.52422|1.56456|1.60634|1.63893|1.6804|1.7081|1.7253|1.7597|1.79536|1.82004|1.85734|1.90924|1.97755|2.04878|2.1183|2.18906|2.26007|2.32457|2.37461|2.42969|2.48406|2.55018
JNJ,1.0595,71,1.41753,0.99881|1.01142|1.02384|1.0352|1.04622|1.05673|1.06758|1.07983|1.09262|1.10433|1.11569|1.12627|1.13683|1.145|1.15397|1.16577|1.17717|1.18733|1.19869|1.20943|1.22092|1.23279|1.24676|1.26105|1.27524|1.28971|1.30401|1.31813|1.33268|1.34672|1.35929|1.37026|1.38181|1.39308|1.40555|1.41753
GOOGL,1.2096,71,2.5704,1.01105|1.05093|1.08724|1.12746|1.1721|1.20826|1.24626|1.28455|1.31069|1.34544|1.38065|1.41618|1.45724|1.49507|1.52627|1.56729|1.60966|1.64284|1.68517|1.71372|1.73172|1.76753|1.8048|1.83067|1.86898|1.92155|1.99053|2.0627|2.13325|2.20552|2.27742|2.34263|2.39333|2.44886|2.50365|2.5704
JPM,1.0655999999999999,71,1.44693,0.99477|1.00665|1.01771|1.03159|1.04382|1.05669|1.07017|1.08321|1.09657|1.10905|1.12226|1.13536|1.14928|1.16078|1.1699|1.17991|1.19159|1.20555|1.21886|1.23059|1.24454|1.25816|1.27412|1.29038|1.30575|1.31964|1.33381|1.34834|1.36022|1.37321|1.38833|1.40167|1.41528|1.42727|1.43772|1.44693
XOM,1.0622,71,1.40578,0.99544|1.0028|1.01047|1.01914|1.02726|1.03505|1.04335|1.05308|1.06209|1.07168|1.08208|1.09299|1.10428|1.11535|1.12745|1.14038|1.15464|1.16877|1.18296|1.19668|1.21143|1.22552|1.24002|1.25601|1.27045|1.28488|1.29968|1.31421|1.32869|1.34233|1.3547|1.36432|1.37516|1.38486|1.39484|1.40578
V,1.416,71,4.03037,1.00908|1.04284|1.08081|1.12385|1.17199|1.2221|1.27378|1.32404|1.37522|1.42711|1.47977|1.53363|1.59007|1.64972|1.71543|1.78767|1.86102|1.94197|2.02659|2.11397|2.20945|2.30466|2.40687|2.51338|2.61896|2.73266|2.8478|2.95698|3.07112|3.18849|3.31489|3.44864|3.58136|3.71976|3.87242|4.03037
PG,1.0498,71,1.34559,0.99707|1.00759|1.01921|1.03013|1.03945|1.04715|1.05561|1.06627|1.07806|1.0892|1.1|1.11028|1.12049|1.1295|1.13809|1.14781|1.15729|1.16719|1.17797|1.18819|1.19831|1.20765|1.21803|1.22805|1.23823|1.24896|1.25912|1.2687|1.27813|1.28708|1.29657|1.30634|1.31721|1.32698|1.3366|1.34559
UNH,1.2551,71,2.72404,1.00662|1.04383|1.08216|1.12104|1.16033|1.19927|1.2388|1.28042|1.3241|1.36859|1.41394|1.46054|1.50874|1.55896|1.60377|1.65|1.6974|1.74669|1.79953|1.85339|1.90648|1.96261|2.02293|2.08581|2.14734|2.20599|2.26753|2.33138|2.39469|2.44925|2.50113|2.55125|2.59963|2.6467|2.69421|2.72404
INTC,1.032,71,1.20999,0.99186|0.99824|1.00536|1.01176|1.01719|1.02567|1.03357|1.0385|1.04215|1.043|1.04656|1.05154|1.05782|1.06449|1.07033|1.07966|1.08857|1.09412|1.09859|1.10257|1.10747|1.11075|1.11542|1.1218|1.12995|1.14101|1.15076|1.16228|1.17478|1.18456|1.19374|1.20098|1.20463|1.20634|1.20786|1.20999
CVX,1.0778,71,1.53499,0.99723|1.00877|1.0195|1.03175|1.04477|1.05857|1.07266|1.08682|1.09952|1.11276|1.12541|1.13864|1.15202|1.16598|1.17912|1.19238|1.20718|1.22329|1.2391|1.25379|1.27099|1.28643|1.30426|1.32486|1.34362|1.36192|1.38136|1.40081|1.41918|1.43609|1.45254|1.46743|1.48509|1.50079|1.51726|1.53499
CSCO,1.0409,71,1.2601,0.99092|0.99563|1.00208|1.01043|1.01815|1.027|1.03797|1.05|1.05897|1.06766|1.07765|1.08595|1.0943|1.10154|1.10767|1.11566|1.12275|1.12744|1.13288|1.1371|1.1455|1.1544|1.16605|1.17924|1.19141|1.20352|1.21376|1.22251|1.23097|1.23889|1.24381|1.24752|1.2509|1.25455|1.25826|1.2601
PFE,1.0187,71,1.12905,0.99244|0.99718|1.00007|1.00148|1.00309|1.00377|1.00398|1.00509|1.00709|1.00972|1.01149|1.01173|1.01301|1.01399|1.01581|1.02006|1.02589|1.03085|1.03469|1.03878|1.04485|1.05036|1.05738|1.06379|1.06974|1.07445|1.07802|1.08208|1.08709|1.09203|1.09773|1.10277|1.10908|1.11399|1.12034|1.12905
T,1.0147,71,1.08052,0.99065|0.9906|0.98941|0.98911|0.99042|0.98932|0.99|0.99203|0.99485|0.99764|0.9994|1.00231|1.00558|1.00854|1.01137|1.01499|1.02056|1.02523|1.02885|1.03373|1.0379|1.041|1.04477|1.04925|1.05231|1.05524|1.05821|1.06119|1.06297|1.06447|1.06673|1.06818|1.07051|1.07304|1.07654|1.08052
WFC,1.0636,71,1.42926,0.99621|1.01018|1.02145|1.03212|1.04171|1.05185|1.06167|1.07205|1.08294|1.09429|1.10807|1.12233|1.13444|1.14453|1.15453|1.16542|1.17752|1.19166|1.20588|1.21869|1.23359|1.24807|1.26278|1.27744|1.29237|1.30693|1.32059|1.33358|1.34747|1.361|1.37496|1.38786|1.39886|1.40888|1.42035|1.42926
MRK,1.0202,71,1.15659,0.99316|0.9992|1.00464|1.00883|1.01359|1.01511|1.01567|1.01754|1.01918|1.02281|1.02486|1.02697|1.02945|1.03163|1.03417|1.03866|1.04304|1.04593|1.0473|1.04738|1.04896|1.05071|1.05609|1.0624|1.06836|1.0755|1.08166|1.08956|1.09931|1.11067|1.12196|1.1306|1.13669|1.14321|1.1502|1.15659
MA,1.4482,71,4.46288,1.01691|1.0774|1.13781|1.19764|1.26075|1.32507|1.38248|1.44199|1.50722|1.56222|1.62433|1.68257|1.71013|1.74322|1.80199|1.88306|1.96578|2.05148|2.14226|2.23361|2.32644|2.41034|2.49834|2.58913|2.70254|2.83173|2.96808|3.10178|3.25214|3.41232|3.57734|3.74308|3.91674|4.09235|4.28647|4.46288
HD,1.165,71,2.15343,0.99677|1.01177|1.02752|1.04527|1.06352|1.08439|1.10511|1.12703|1.14872|1.17104|1.19453|1.21884|1.24227|1.26753|1.29362|1.32337|1.3561|1.39238|1.43062|1.46873|1.50756|1.54595|1.5866|1.62785|1.67168|1.71484|1.75576|1.7958|1.83264|1.86997|1.91056|1.95416|2.00195|2.04998|2.10149|2.15343
BA,1.1479,71,2.04705,1.00221|1.03016|1.05942|1.08944|1.11863|1.14786|1.17781|1.20842|1.23591|1.26498|1.29635|1.3281|1.35807|1.38346|1.40614|1.42727|1.45051|1.47444|1.49921|1.52509|1.55719|1.58567|1.6168|1.65023|1.6883|1.72562|1.76082|1.79412|1.82539|1.85922|1.89394|1.92837|1.96171|1.99|2.01846|2.04705
CMCSA,1.1263,71,1.86672,0.99416|1.00676|1.02251|1.03774|1.05274|1.06626|1.08084|1.09691|1.11291|1.12961|1.1485|1.16868|1.19019|1.21295|1.23617|1.26088|1.28686|1.31288|1.33946|1.36502|1.39244|1.41992|1.45087|1.48201|1.51294|1.54539|1.5777|1.61111|1.64463|1.67631|1.70673|1.73752|1.76911|1.80077|1.83387|1.86672
KO,1.0451,71,1.32295,0.99573|1.00339|1.01135|1.01759|1.02374|1.02812|1.03254|1.03886|1.0461|1.05384|1.06188|1.07032|1.07885|1.08589|1.09168|1.09841|1.10622|1.1149|1.12495|1.13505|1.14465|1.15376|1.16397|1.17381|1.18384|1.19446|1.20492|1.21633|1.22939|1.2425|1.25475|1.26691|1.27972|1.29254|1.30732|1.32295
DIS,1.1491,71,2.01956,0.99735|1.01228|1.0275|1.04215|1.05685|1.0732|1.09224|1.11161|1.13184|1.15255|1.17643|1.20189|1.22762|1.25311|1.27666|1.30115|1.32922|1.35961|1.39136|1.42523|1.46132|1.49669|1.53316|1.57057|1.60856|1.64527|1.68174|1.71924|1.758|1.7969|1.83611|1.87453|1.91142|1.94637|1.98228|2.01956
PEP,1.0597,71,1.40929,0.99893|1.01127|1.02268|1.0328|1.04313|1.05184|1.06138|1.07178|1.08283|1.09378|1.10468|1.11506|1.12559|1.13525|1.14418|1.15597|1.16961|1.18217|1.19581|1.21006|1.22383|1.23638|1.2502|1.26372|1.27764|1.29043|1.30265|1.31525|1.32881|1.34162|1.35321|1.36433|1.37553|1.38653|1.3985|1.40929
NFLX,2.0876,71,10.34141,1.02319|1.11849|1.23107|1.36017|1.50227|1.64792|1.79855|1.941|2.06123|2.16086|2.24223|2.32793|2.41873|2.52597|2.67192|2.86378|3.062|3.24752|3.45001|3.67085|3.88058|4.09123|4.2866|4.5|4.72455|4.9646|5.25555|5.58143|5.96821|6.41213|6.92971|7.52778|8.24156|9.00092|9.72256|10.34141
C,1.0269,1,0.98564,0.98564|0.98342|0.98023|0.97986|0.97609|0.973|0.97417|0.97349|0.97348|0.97075|0.96882|0.96437|0.95745|0.94862|0.93948|0.93272|0.92975|0.92636|0.92132|0.91483|0.91149|0.90786|0.90525|0.90211|0.89504|0.88757|0.87913|0.87087|0.86148|0.85111|0.83989|0.8294|0.8182|0.80598|0.7931|0.77668
WMT,1.0264,71,1.20632,0.99445|1.00162|1.00813|1.01424|1.02079|1.02741|1.0332|1.04072|1.04769|1.05384|1.06003|1.06578|1.07012|1.07214|1.07558|1.08031|1.08568|1.09002|1.09472|1.09846|1.09982|1.10149|1.10462|1.10904|1.11527|1.12214|1.12876|1.13503|1.14191|1.14923|1.15652|1.16472|1.17498|1.185|1.19609|1.20632
MCD,1.145,71,2.01799,0.99976|1.01826|1.03678|1.05637|1.07644|1.09653|1.11629|1.13816|1.16111|1.1845|1.20909|1.23426|1.25868|1.28281|1.30621|1.33087|1.35932|1.39008|1.42175|1.45418|1.4868|1.51761|1.54959|1.58197|1.61509|1.64768|1.68087|1.71658|1.75306|1.78911|1.82547|1.8616|1.90011|1.93847|1.97729|2.01799
ABT,1.0662,71,1.48056,0.99985|1.01646|1.03108|1.04531|1.0596|1.0715|1.08424|1.09739|1.11022|1.12222|1.13335|1.14232|1.1507|1.15811|1.1655|1.17797|1.1905|1.20066|1.21335|1.22606|1.24122|1.25593|1.27435|1.29138|1.30798|1.32492|1.34036|1.35621|1.3726|1.38832|1.40241|1.41683|1.43204|1.44533|1.4608|1.48056
ORCL,1.0979,71,1.67111,0.9932|1.00182|1.00948|1.01811|1.02475|1.03475|1.04443|1.05884|1.07503|1.09061|1.10842|1.12474|1.14215|1.15752|1.17435|1.1907|1.20727|1.22443|1.24306|1.26053|1.28008|1.30168|1.32586|1.35157|1.37615|1.40187|1.42701|1.45414|1.48368|1.51477|1.54399|1.57154|1.59777|1.62323|1.64607|1.67111
ADBE,1.2187999999999999,71,2.50906,1.0031|1.03643|1.06602|1.09443|1.12271|1.14835|1.17951|1.21693|1.25123|1.28755|1.32971|1.37235|1.41564|1.45315|1.48667|1.52714|1.57016|1.61529|1.66267|1.70983|1.75396|1.79716|1.84222|1.88844|1.94202|1.99594|2.04405|2.09593|2.15636|2.20948|2.26658|2.3166|2.36783|2.41937|2.4701|2.50906
IBM,1.0503,71,1.35683,0.99409|0.9988|1.00277|1.00793|1.01087|1.01645|1.02336|1.02982|1.03562|1.04115|1.04807|1.05451|1.06192|1.06972|1.07885|1.08874|1.09955|1.11016|1.1207|1.12986|1.13854|1.14884|1.16112|1.17435|1.18623|1.19869|1.2111|1.22655|1.24179|1.25681|1.27259|1.28799|1.30509|1.32199|1.33979|1.35683
DWDP,1.0547,65,1.368,0.99353|1.00787|1.02285|1.03989|1.05596|1.06829|1.07975|1.09018|1.10247|1.11768|1.1338|1.14658|1.157|1.16263|1.16554|1.16941|1.18035|1.19601|1.20714|1.21566|1.22618|1.23632|1.24913|1.2646|1.27718|1.29045|1.30536|1.32195|1.33596|1.34978|1.35996|1.36625|1.368|1.36409|1.35785|1.35397
CRM,1.4445999999999999,71,4.49421,1.01228|1.07003|1.12305|1.18209|1.24628|1.31394|1.37512|1.4384|1.50876|1.5698|1.62963|1.69083|1.76182|1.81714|1.87215|1.93719|2.00798|2.07821|2.15687|2.24638|2.32596|2.39333|2.47839|2.56935|2.65511|2.7469|2.88213|3.04247|3.20917|3.37892|3.56251|3.74478|3.91455|4.10932|4.31202|4.49421
MDT,1.0506,71,1.32687,0.99585|1.00398|1.01204|1.0203|1.02719|1.03311|1.03855|1.04521|1.05347|1.06183|1.0722|1.0834|1.09253|1.10116|1.11018|1.12217|1.13568|1.14843|1.16034|1.17215|1.18338|1.19346|1.20469|1.21703|1.22952|1.24287|1.25441|1.26458|1.27382|1.28159|1.2893|1.29685|1.30616|1.31505|1.32228|1.32687
MMM,1.0892,71,1.62294,0.9994|1.01546|1.03169|1.04948|1.06662|1.08343|1.09995|1.11716|1.13476|1.15206|1.17073|1.18798|1.20517|1.22051|1.23465|1.25016|1.26771|1.28462|1.30276|1.3202|1.33947|1.35704|1.37567|1.39502|1.41515|1.43636|1.45565|1.47432|1.49387|1.51289|1.53092|1.54866|1.56798|1.58687|1.60629|1.62294
UNP,1.2005,71,2.48458,1.00375|1.03241|1.06147|1.09158|1.12185|1.15148|1.1805|1.21022|1.23999|1.27016|1.30262|1.33475|1.3648|1.39527|1.42644|1.45952|1.49429|1.52897|1.56306|1.59679|1.63233|1.67114|1.71395|1.76036|1.81035|1.86444|1.92009|1.97621|2.03478|2.09621|2.16058|2.22512|2.28919|2.354|2.41954|2.48458
ABBV,1.1737,71,2.18518,1.00307|1.02946|1.05451|1.08425|1.1173|1.14958|1.18276|1.21838|1.25111|1.27986|1.306|1.32499|1.33575|1.35275|1.36419|1.37114|1.38999|1.4159|1.44055|1.47316|1.50759|1.54534|1.59746|1.66249|1.72852|1.81001|1.90545|1.9909|2.06882|2.11908|2.1355|2.10833|2.1249|2.1265|2.10568|2.18518
AMGN,1.104,71,1.70703,0.99486|1.00881|1.02267|1.0358|1.04857|1.0618|1.0758|1.09009|1.10541|1.12141|1.1372|1.15295|1.17077|1.18809|1.20727|1.22988|1.25203|1.27498|1.29864|1.32143|1.34324|1.36408|1.38703|1.41112|1.4374|1.46409|1.49116|1.51589|1.54034|1.56275|1.58575|1.61143|1.638|1.66308|1.68476|1.70703
HON,1.1161,71,1.79299,0.99754|1.01321|1.02812|1.04616|1.06451|1.08018|1.09612|1.11497|1.13471|1.15401|1.17475|1.19497|1.21402|1.23202|1.25034|1.26929|1.29055|1.3145|1.339|1.36393|1.3901|1.41512|1.44223|1.47153|1.50119|1.53254|1.56302|1.59146|1.61832|1.64418|1.66999|1.69523|1.72113|1.74531|1.76912|1.79299
LLY,1.034,71,1.22371,0.99558|1.00432|1.0108|1.01462|1.01991|1.02199|1.02388|1.02756|1.03145|1.03607|1.04038|1.04418|1.04851|1.05172|1.05617|1.06503|1.07374|1.08081|1.08757|1.09746|1.10793|1.11836|1.13029|1.14005|1.14843|1.15692|1.16406|1.17123|1.17959|1.18864|1.19698|1.20296|1.20638|1.21043|1.21585|1.22371
NKE,1.2095,71,2.48963,1.00466|1.03466|1.06198|1.09182|1.12276|1.15342|1.18118|1.21262|1.24417|1.27384|1.30559|1.3363|1.36702|1.39723|1.42919|1.46555|1.50571|1.54806|1.59381|1.63999|1.68698|1.73599|1.78579|1.836|1.88879|1.94048|1.99362|2.04666|2.09864|2.14738|2.19869|2.25401|2.31348|2.37172|2.43157|2.48963
MO,1.0742,71,1.49483,0.99941|1.01642|1.03429|1.05276|1.0716|1.08902|1.10498|1.1205|1.13565|1.15314|1.1711|1.18918|1.20687|1.22129|1.23309|1.24661|1.26181|1.28074|1.29988|1.32379|1.34588|1.36156|1.3777|1.38999|1.40094|1.41175|1.42351|1.43659|1.45117|1.46278|1.46706|1.47125|1.47676|1.4826|1.48708|1.49483
ACN,1.1651,71,2.17086,1.00414|1.03207|1.05735|1.07945|1.10009|1.1242|1.15197|1.18133|1.2089|1.23744|1.26871|1.29957|1.32872|1.35611|1.38348|1.41258|1.44397|1.47714|1.50893|1.54143|1.57606|1.6086|1.64552|1.68494|1.72501|1.76737|1.80577|1.83973|1.87437|1.91454|1.95684|2.00026|2.03998|2.07992|2.12501|2.17086
TMO,1.1964000000000001,71,2.38342,1.00477|1.03174|1.05951|1.0876|1.11564|1.14239|1.16948|1.19769|1.22782|1.2594|1.29156|1.32316|1.3536|1.38527|1.41746|1.45291|1.48868|1.52574|1.56427|1.60528|1.64681|1.68822|1.73441|1.7828|1.83105|1.88026|1.92951|1.98079|2.03287|2.0836|2.13527|2.18836|2.23857|2.28717|2.33611|2.38342
COST,1.1253,71,1.87668,0.9984|1.01494|1.03193|1.0529|1.07229|1.09184|1.11057|1.12852|1.14777|1.16613|1.18562|1.20626|1.22566|1.24673|1.26743|1.29068|1.31618|1.3411|1.36817|1.39575|1.42323|1.45033|1.47936|1.50975|1.5422|1.57398|1.60486|1.63332|1.66023|1.68598|1.71348|1.74399|1.7782|1.81116|1.84554|1.87668
TXN,1.0949,71,1.63008,0.99306|1.00239|1.015|1.02917|1.04358|1.06056|1.07587|1.09245|1.10829|1.12401|1.1414|1.16097|1.18331|1.20313|1.22274|1.24117|1.26067|1.27959|1.29657|1.31164|1.32806|1.34354|1.3621|1.38411|1.40792|1.43301|1.45775|1.48213|1.50685|1.52958|1.55045|1.56845|1.58488|1.60068|1.61459|1.63008
UTX,1.0916,71,1.63734,0.99882|1.01497|1.03091|1.04866|1.06506|1.08028|1.09531|1.11036|1.1249|1.13965|1.15824|1.17697|1.19378|1.20863|1.22317|1.23821|1.25582|1.27339|1.29145|1.30973|1.32934|1.34725|1.36681|1.38824|1.40928|1.43218|1.45576|1.47855|1.50034|1.52212|1.54259|1.56197|1.58061|1.59961|1.6194|1.63734
NVDA,1.45,69,3.79236,1.01025|1.07247|1.13808|1.19625|1.25839|1.32859|1.41264|1.50402|1.58856|1.67204|1.7755|1.89121|1.99799|2.11119|2.2232|2.33184|2.44973|2.57493|2.695|2.77795|2.85849|2.94274|3.02355|3.10617|3.19737|3.28697|3.38052|3.4877|3.58954|3.67693|3.7538|3.78632|3.78795|3.79089|3.79236|3.79219
NEE,1.1221,71,1.85223,1.00269|1.02391|1.04502|1.06571|1.08541|1.10296|1.12092|1.1398|1.16078|1.18222|1.20488|1.22775|1.24997|1.27164|1.29282|1.3168|1.34275|1.36857|1.39464|1.42037|1.4441|1.46763|1.49273|1.51814|1.54481|1.57253|1.60185|1.63054|1.65996|1.68974|1.71945|1.74741|1.77442|1.7994|1.82579|1.85223
GE,1.0004,1,0.98621,0.98621|0.97885|0.96935|0.96528|0.95917|0.95572|0.95251|0.95089|0.94959|0.94982|0.95147|0.95351|0.95439|0.95371|0.95348|0.9541|0.95647|0.96051|0.96441|0.9675|0.97045|0.97342|0.97429|0.977|0.97705|0.97696|0.9765|0.97465|0.97252|0.9673|0.96141|0.95441|0.94672|0.93686|0.92828|0.91797
SBUX,1.2725,71,2.83638,1.00455|1.0352|1.06935|1.10361|1.13817|1.17319|1.21182|1.24954|1.29214|1.33552|1.38404|1.43704|1.489|1.54094|1.5953|1.65066|1.71224|1.77498|1.84085|1.90377|1.96299|2.01978|2.08042|2.14282|2.20874|2.2733|2.33883|2.39829|2.45613|2.50362|2.54732|2.59554|2.65199|2.71137|2.7752|2.83638
GILD,1.4014,71,3.76567,1.00444|1.04286|1.08398|1.12474|1.16598|1.21313|1.26543|1.32178|1.38014|1.44222|1.50542|1.56963|1.63918|1.71312|1.79196|1.87197|1.95781|2.04644|2.13888|2.23305|2.32309|2.40548|2.48539|2.57249|2.66412|2.76055|2.85488|2.94748|3.04155|3.14119|3.24526|3.34871|3.45029|3.55569|3.66493|3.76567
LOW,1.1455,71,1.99833,1.00045|1.02382|1.04664|1.07248|1.09661|1.12241|1.14977|1.17478|1.19962|1.22155|1.24601|1.27028|1.29294|1.31677|1.34189|1.36964|1.40081|1.43334|1.46927|1.50291|1.53567|1.56722|1.59828|1.62961|1.66388|1.69831|1.73158|1.76509|1.79457|1.8196|1.84911|1.87963|1.91462|1.94497|1.97228|1.99833
BMY,1.069,71,1.46267,0.99154|0.99521|0.99962|1.00532|1.01113|1.01505|1.0196|1.02532|1.03197|1.03831|1.04366|1.0496|1.05673|1.06586|1.07832|1.09252|1.10896|1.12612|1.14243|1.15978|1.17754|1.19522|1.21415|1.23347|1.25287|1.27246|1.2922|1.31166|1.33155|1.35091|1.37076|1.3895|1.40891|1.42571|1.44397|1.46267
DHR,1.1635,71,2.14453,1.00452|1.0304|1.05449|1.08006|1.10496|1.13|1.15445|1.18067|1.20779|1.23449|1.26359|1.29282|1.32287|1.35027|1.3773|1.40719|1.43968|1.47362|1.508|1.54236|1.57855|1.61436|1.6518|1.68931|1.72614|1.76498|1.80317|1.83961|1.87751|1.91362|1.94883|1.98609|2.02567|2.06394|2.10489|2.14453
USB,1.0584,71,1.38753,0.99579|1.00774|1.01748|1.0284|1.03856|1.04971|1.06028|1.07051|1.08212|1.09327|1.10578|1.12022|1.13366|1.14521|1.1559|1.1677|1.18084|1.19423|1.20691|1.21961|1.23223|1.2438|1.25573|1.26707|1.27864|1.2903|1.30241|1.31337|1.32438|1.33562|1.34656|1.35599|1.36559|1.37313|1.3811|1.38753
ANTM,1.1471,71,2.01471,1.00456|1.03414|1.06395|1.09154|1.12072|1.15083|1.18296|1.21673|1.25069|1.28081|1.31194|1.34551|1.37934|1.41272|1.44091|1.46742|1.49414|1.52554|1.55824|1.5827|1.60525|1.63208|1.66101|1.69177|1.72334|1.75275|1.78268|1.81781|1.85127|1.87798|1.9028|1.92634|1.95128|1.97129|1.9939|2.01471
BKNG,1.9898,71,8.72367,1.00532|1.06496|1.13573|1.20451|1.25484|1.32393|1.40099|1.47066|1.54555|1.62689|1.73223|1.84308|1.95698|2.07496|2.20489|2.32573|2.44804|2.57637|2.7389|2.93153|3.13881|3.35651|3.59142|3.84954|4.14629|4.46874|4.82614|5.22153|5.64828|6.10075|6.58167|7.03403|7.4522|7.85006|8.26265|8.72367
CAT,1.1222,71,1.84754,1.00003|1.02466|1.0518|1.08158|1.11027|1.13957|1.16853|1.19774|1.22749|1.25538|1.28392|1.30986|1.33334|1.3528|1.37466|1.39753|1.42592|1.45263|1.4767|1.49342|1.51179|1.53016|1.54961|1.57301|1.59301|1.61753|1.64409|1.67323|1.70563|1.73777|1.76729|1.79485|1.81787|1.83267|1.84018|1.84754
UPS,1.0418,71,1.27772,0.99606|1.00311|1.00943|1.017|1.02521|1.03266|1.03966|1.04883|1.05749|1.06657|1.07599|1.08469|1.09358|1.10225|1.11064|1.11899|1.12771|1.13592|1.14481|1.15353|1.16191|1.17011|1.17901|1.18752|1.19599|1.20565|1.21491|1.22307|1.23147|1.23821|1.24465|1.25163|1.25911|1.26526|1.2725|1.27772
CVS,1.1477,71,1.9618,0.9968|1.01326|1.03052|1.04868|1.06593|1.08037|1.09411|1.11026|1.12784|1.15056|1.17531|1.20338|1.23215|1.2606|1.28902|1.31979|1.35123|1.38455|1.42017|1.45756|1.49492|1.53112|1.56655|1.60095|1.63632|1.67287|1.70891|1.74266|1.77573|1.80731|1.83769|1.86408|1.88974|1.91225|1.93578|1.9618
LMT,1.1708,71,2.20083,1.00465|1.03283|1.06016|1.08954|1.11812|1.14707|1.17876|1.20954|1.24107|1.27443|1.30768|1.34042|1.37323|1.40159|1.42726|1.45236|1.47832|1.50921|1.54058|1.57675|1.61428|1.64918|1.68617|1.72526|1.76425|1.80766|1.85117|1.89241|1.93336|1.97377|2.0151|2.05531|2.09105|2.12763|2.16375|2.20083
MDLZ,1.0189,71,1.12164,0.99538|1.00124|1.00536|1.00932|1.01273|1.01417|1.01562|1.01773|1.02014|1.02119|1.02523|1.0303|1.03506|1.04079|1.04603|1.05088|1.05534|1.05959|1.06331|1.06731|1.07216|1.07434|1.07804|1.08169|1.08486|1.0887|1.09326|1.09687|1.10168|1.10674|1.11152|1.11431|1.1164|1.11699|1.11925|1.12164
GS,1.0745,71,1.49375,0.99538|1.01028|1.02587|1.04266|1.05555|1.0702|1.08378|1.09782|1.11275|1.1277|1.14566|1.16157|1.17626|1.18875|1.20141|1.21279|1.22294|1.23568|1.24994|1.26423|1.27912|1.29426|1.31386|1.33408|1.35292|1.37053|1.38885|1.41018|1.42731|1.44111|1.45525|1.46725|1.47772|1.48473|1.49001|1.49375
QCOM,1.0715,71,1.46669,0.98924|0.9963|1.00681|1.01807|1.02848|1.03838|1.04853|1.06201|1.07854|1.09377|1.10966|1.12528|1.14183|1.16025|1.17908|1.19561|1.21056|1.22555|1.24023|1.25369|1.2686|1.28341|1.29815|1.3118|1.32454|1.33664|1.34932|1.36336|1.37708|1.39104|1.4043|1.41613|1.42756|1.44006|1.45285|1.46669
ADP,1.0893,71,1.62762,0.99879|1.013|1.02625|1.04033|1.0524|1.06402|1.07529|1.08781|1.10166|1.11602|1.1316|1.14497|1.15877|1.1729|1.18666|1.20271|1.22102|1.23744|1.25584|1.27523|1.29527|1.31446|1.33484|1.35754|1.38092|1.40433|1.42716|1.44863|1.46981|1.48948|1.51117|1.53412|1.55785|1.5809|1.60502|1.62762
INTU,1.1674,71,2.20713,0.9991|1.02242|1.048|1.07294|1.09588|1.1201|1.14781|1.17678|1.20779|1.23636|1.26457|1.29236|1.32109|1.3501|1.37881|1.40538|1.43245|1.45964|1.48881|1.51892|1.55274|1.58387|1.61935|1.65617|1.69483|1.73598|1.77983|1.82509|1.87185|1.9199|1.96992|2.01776|2.0684|2.11542|2.1627|2.20713
BDX,1.1394,71,1.95486,1.00253|1.02356|1.04573|1.06873|1.09221|1.11502|1.13769|1.1607|1.18567|1.20883|1.23191|1.25543|1.28098|1.3053|1.32979|1.35783|1.38675|1.41645|1.44625|1.47589|1.50726|1.53742|1.57056|1.60405|1.63779|1.66994|1.70131|1.73085|1.76022|1.78788|1.816|1.84328|1.87126|1.89918|1.92756|1.95486
DUK,1.0396,71,1.2678,0.99592|1.0055|1.01409|1.02232|1.02883|1.03341|1.03833|1.04324|1.0482|1.05466|1.06141|1.0679|1.07392|1.0779|1.08182|1.08808|1.09689|1.10672|1.11684|1.12878|1.13906|1.1489|1.15928|1.17008|1.17991|1.1893|1.19939|1.20873|1.21756|1.2253|1.23277|1.2389|1.24575|1.25156|1.25858|1.2678
TJX,1.228,71,2.66597,1.00458|1.03659|1.06842|1.10346|1.13756|1.16881|1.1993|1.22987|1.25953|1.28958|1.3223|1.3559|1.39012|1.42573|1.4593|1.4975|1.54019|1.58421|1.63147|1.6832|1.73486|1.78734|1.83939|1.89098|1.94538|2.00182|2.0579|2.11802|2.18017|2.24224|2.30245|2.36389|2.43271|2.50431|2.58348|2.66597
ISRG,1.79,71,6.39546,1.01312|1.06822|1.12987|1.20476|1.28117|1.36476|1.44654|1.52888|1.61333|1.70169|1.79131|1.89035|2.00795|2.12495|2.26803|2.41602|2.59611|2.77821|2.96123|3.15431|3.34206|3.52677|3.72059|3.93096|4.12651|4.339|4.53593|4.76787|5.00161|5.19466|5.42735|5.61359|5.82075|5.98648|6.17728|6.39546
BIIB,1.2659,71,2.87085,0.99941|1.02933|1.06207|1.09065|1.11771|1.14335|1.1743|1.20309|1.2356|1.27081|1.30309|1.33361|1.36449|1.40241|1.44498|1.49014|1.53513|1.58949|1.64423|1.70154|1.76511|1.83201|1.90875|1.98432|2.06403|2.14137|2.21579|2.29193|2.36283|2.42423|2.49174|2.56753|2.6423|2.7171|2.79144|2.87085
CB,1.1042,71,1.73114,1.00058|1.02246|1.04122|1.05868|1.0738|1.08777|1.1019|1.11836|1.13586|1.15338|1.17446|1.19256|1.21089|1.22521|1.24258|1.26407|1.28561|1.3061|1.32922|1.35374|1.37588|1.39782|1.42264|1.44741|1.46972|1.49166|1.51366|1.53614|1.5607|1.58662|1.60898|1.63262|1.65823|1.68279|1.71043|1.73114
CI,1.2039,71,2.40218,1.00084|1.02971|1.06036|1.0906|1.12083|1.14723|1.17341|1.20104|1.23167|1.26213|1.29578|1.33372|1.37079|1.40623|1.43881|1.47484|1.50999|1.55191|1.59699|1.64174|1.68494|1.73232|1.78729|1.84091|1.89338|1.94695|1.9973|2.04569|2.09176|2.13589|2.17657|2.21221|2.25941|2.30678|2.35288|2.40218
CELG,1.5248,71,4.47267,1.0068|1.04193|1.08138|1.12248|1.16002|1.20029|1.24944|1.30776|1.37247|1.44269|1.51743|1.59681|1.68078|1.771|1.86666|1.97044|2.08253|2.1969|2.31782|2.44279|2.57277|2.70384|2.83859|2.97135|3.11067|3.25576|3.39997|3.53742|3.66559|3.7896|3.91755|4.04221|4.14038|4.26207|4.37407|4.47267
CHTR,1.616,71,5.67576,1.01341|1.06309|1.11357|1.16773|1.22589|1.28717|1.35373|1.4244|1.49503|1.57435|1.66099|1.75092|1.84595|1.94404|2.04943|2.16041|2.2718|2.39017|2.51107|2.62732|2.74815|2.86465|2.98947|3.12172|3.27063|3.44102|3.6221|3.79552|3.98876|4.18376|4.38328|4.58343|4.81185|5.08181|5.37709|5.67576
D,1.0691,71,1.47722,0.999|1.01262|1.02565|1.03855|1.04957|1.0593|1.06891|1.07888|1.08939|1.10062|1.11215|1.12446|1.13724|1.14847|1.15934|1.17096|1.18516|1.20164|1.21657|1.2317|1.24546|1.26003|1.27526|1.29102|1.30705|1.32344|1.3406|1.35709|1.37372|1.39138|1.40878|1.42344|1.43834|1.45294|1.46482|1.47722
CME,1.1339000000000001,49,2.2224,1.00726|1.04927|1.09327|1.13583|1.18072|1.23365|1.29062|1.34707|1.40465|1.46684|1.5366|1.60116|1.65846|1.72759|1.80692|1.87906|1.93993|1.99603|2.04759|2.08836|2.11595|2.14622|2.1837|2.21215|2.2224|2.20853|2.20155|2.19511|2.16956|2.11173|2.02628|1.97005|1.93607|1.91864|1.91605|1.91028
SYK,1.1222,71,1.84473,1.00292|1.02771|1.05276|1.07614|1.10077|1.1246|1.14906|1.17287|1.19601|1.21857|1.24321|1.26774|1.28976|1.31011|1.33218|1.35743|1.38199|1.40567|1.43101|1.45593|1.48248|1.50984|1.53841|1.5658|1.59193|1.61932|1.64308|1.66598|1.69103|1.71816|1.74|1.76405|1.78616|1.80367|1.82116|1.84473
PNC,1.0584,71,1.41018,0.99667|1.01203|1.02627|1.04098|1.05429|1.06574|1.07648|1.08814|1.09875|1.10806|1.11935|1.13119|1.14124|1.15008|1.15776|1.16715|1.17771|1.19097|1.20289|1.21387|1.22626|1.23823|1.25125|1.26493|1.27911|1.29202|1.30418|1.31673|1.32956|1.34325|1.35731|1.37064|1.38164|1.39138|1.40274|1.41018
PNC,1.0584,71,1.41018,0.99667|1.01203|1.02627|1.04098|1.05429|1.06574|1.07648|1.08814|1.09875|1.10806|1.11935|1.13119|1.14124|1.15008|1.15776|1.16715|1.17771|1.19097|1.20289|1.21387|1.22626|1.23823|1.25125|1.26493|1.27911|1.29202|1.30418|1.31673|1.32956|1.34325|1.35731|1.37064|1.38164|1.39138|1.40274|1.41018
SLB,1.111,71,1.69799,0.992|1.00144|1.01289|1.02551|1.03619|1.04889|1.06069|1.07537|1.08979|1.10709|1.12712|1.15009|1.17144|1.19255|1.21465|1.23765|1.26238|1.28839|1.31331|1.3361|1.36014|1.38605|1.4138|1.44302|1.47195|1.49842|1.52937|1.55957|1.58714|1.60803|1.62789|1.64441|1.6624|1.67573|1.68771|1.69799
MS,1.0121,61,1.10296,0.98875|0.99396|0.99973|1.007|1.01006|1.01784|1.0247|1.03249|1.04121|1.04645|1.054|1.05963|1.06521|1.06756|1.06666|1.0643|1.05909|1.05639|1.05287|1.05072|1.05121|1.05179|1.05794|1.06471|1.07052|1.07815|1.08295|1.09221|1.09622|1.10051|1.10296|1.10201|1.09962|1.09261|1.08377|1.07139
SYK,1.1222,71,1.84473,1.00292|1.02771|1.05276|1.07614|1.10077|1.1246|1.14906|1.17287|1.19601|1.21857|1.24321|1.26774|1.28976|1.31011|1.33218|1.35743|1.38199|1.40567|1.43101|1.45593|1.48248|1.50984|1.53841|1.5658|1.59193|1.61932|1.64308|1.66598|1.69103|1.71816|1.74|1.76405|1.78616|1.80367|1.82116|1.84473
CL,1.0731,71,1.51622,0.99696|1.00618|1.01417|1.02313|1.03318|1.04236|1.05215|1.06268|1.0734|1.08421|1.09579|1.10774|1.12056|1.1322|1.14507|1.15985|1.17382|1.18839|1.20346|1.2181|1.23201|1.2462|1.2622|1.27895|1.29627|1.31399|1.33145|1.34926|1.3695|1.39055|1.41104|1.43081|1.45284|1.47395|1.4948|1.51622
CSX,1.1981,71,2.45231,1.00272|1.03485|1.07141|1.1089|1.14499|1.1797|1.21312|1.24608|1.28013|1.31472|1.35246|1.38885|1.42289|1.45418|1.48328|1.5122|1.54207|1.57321|1.60509|1.63528|1.66855|1.7057|1.74857|1.79717|1.84853|1.90183|1.95648|2.00899|2.0616|2.11504|2.17229|2.23124|2.2926|2.34958|2.40136|2.45231
SCHW,1.1038999999999999,71,1.67101,0.99224|1.00433|1.01557|1.02827|1.03905|1.05312|1.0682|1.08676|1.10591|1.12551|1.14925|1.17087|1.1926|1.21537|1.23498|1.25594|1.27363|1.29411|1.31403|1.33341|1.35621|1.37635|1.39919|1.42309|1.44575|1.4694|1.49131|1.51927|1.54577|1.56993|1.59736|1.62017|1.64051|1.65234|1.66425|1.67101
EOG,1.2551999999999999,71,2.77568,1.00321|1.03976|1.07513|1.11237|1.14773|1.18232|1.21299|1.24656|1.27607|1.31105|1.35293|1.39451|1.43611|1.47843|1.51948|1.56542|1.61688|1.66695|1.71753|1.76904|1.82551|1.88302|1.93927|2.00177|2.06505|2.13223|2.19775|2.26143|2.32906|2.39726|2.47387|2.54257|2.61634|2.67927|2.73172|2.77568
BLK,1.241,71,2.71734,1.0061|1.03981|1.07591|1.11093|1.14269|1.17189|1.20081|1.23149|1.26669|1.30286|1.34135|1.3805|1.42129|1.46279|1.50265|1.54643|1.59001|1.63915|1.68697|1.73464|1.78469|1.83416|1.89019|1.95162|2.01546|2.07846|2.14032|2.20365|2.26329|2.32029|2.37678|2.43607|2.50676|2.57727|2.65145|2.71734
FOXA,1.1067,71,1.70828,0.99722|1.01082|1.02694|1.04423|1.06325|1.08231|1.10368|1.12328|1.14091|1.15775|1.17713|1.19734|1.21873|1.23941|1.25756|1.27374|1.29308|1.31498|1.33595|1.35696|1.38114|1.40437|1.43131|1.46031|1.4881|1.51657|1.54378|1.56884|1.59051|1.60888|1.62639|1.64416|1.66232|1.6795|1.69537|1.70828
BSX,1.1131,71,1.74827,0.99636|1.01649|1.0364|1.06031|1.08649|1.11456|1.14379|1.17458|1.21111|1.25032|1.29091|1.33081|1.37197|1.41201|1.45315|1.49634|1.53887|1.575|1.6046|1.63393|1.65953|1.6733|1.68672|1.69771|1.7054|1.70567|1.70521|1.70781|1.70868|1.71031|1.71169|1.7193|1.72525|1.7335|1.74494|1.74827
SO,1.0449,71,1.31945,0.99887|1.01095|1.02241|1.03339|1.04378|1.05436|1.06515|1.07593|1.08599|1.09566|1.10489|1.11519|1.12537|1.13434|1.14267|1.15213|1.16068|1.16956|1.17813|1.18676|1.19379|1.20101|1.20908|1.21681|1.22458|1.23398|1.24473|1.25438|1.26426|1.273|1.28066|1.28841|1.29624|1.30294|1.31095|1.31945
GM,1.0471,71,1.44543,0.99316|0.99846|1.00464|1.0102|1.02157|1.03949|1.05675|1.0744|1.09287|1.11053|1.126|1.13797|1.1511|1.16068|1.16735|1.16998|1.16939|1.16634|1.1617|1.15945|1.16565|1.16299|1.16229|1.17034|1.18428|1.19513|1.19878|1.21078|1.23006|1.25405|1.27609|1.31412|1.3467|1.37561|1.4111|1.44543
RTN,1.1444,71,2.00218,1.00209|1.02449|1.04787|1.07289|1.09596|1.11745|1.1403|1.1634|1.18839|1.21555|1.24217|1.26851|1.29367|1.31573|1.33679|1.36128|1.38895|1.41913|1.44899|1.4804|1.51105|1.53969|1.56972|1.60354|1.63872|1.6757|1.71193|1.7467|1.7807|1.81504|1.85012|1.88295|1.91472|1.94402|1.97394|2.00218
SPGI,1.152,71,2.03888,1.00107|1.02417|1.04778|1.06988|1.09249|1.11764|1.14422|1.16929|1.19476|1.22165|1.25162|1.28122|1.30946|1.33562|1.36246|1.39171|1.41967|1.45084|1.48164|1.51081|1.54214|1.57401|1.61076|1.64583|1.68127|1.71463|1.7498|1.78575|1.82408|1.85889|1.88969|1.92237|1.95516|1.98575|2.01258|2.03888
DE,1.1319,71,1.9588,0.9999|1.02466|1.04937|1.07543|1.10383|1.13238|1.1614|1.19108|1.22147|1.2482|1.27521|1.30099|1.32498|1.34659|1.36658|1.38384|1.40127|1.42089|1.44166|1.46543|1.48931|1.51596|1.54473|1.57322|1.60201|1.6335|1.66498|1.69825|1.73296|1.76676|1.79829|1.83137|1.864|1.89219|1.92289|1.9588
OXY,1.2038,71,2.42414,0.99921|1.02152|1.04327|1.06718|1.0919|1.11752|1.14162|1.16659|1.19015|1.21421|1.23983|1.2691|1.30068|1.33431|1.36829|1.40579|1.44391|1.48456|1.52767|1.57104|1.61724|1.66371|1.71246|1.76443|1.81468|1.86758|1.92387|1.98316|2.04023|2.09723|2.15663|2.21002|2.268|2.31635|2.36744|2.42414
WBA,1.0755,71,1.49132,0.99538|1.00855|1.02264|1.03584|1.04625|1.05389|1.06106|1.0695|1.07934|1.09232|1.10696|1.12399|1.1401|1.15442|1.16826|1.18311|1.19758|1.2134|1.23083|1.24874|1.26706|1.28547|1.30425|1.32082|1.3378|1.35534|1.37332|1.39111|1.41011|1.42906|1.44407|1.45538|1.46531|1.47338|1.48142|1.49132
NSC,1.1533,71,2.07607,1.00093|1.02806|1.05422|1.08068|1.10759|1.13584|1.16258|1.19096|1.21887|1.24525|1.27378|1.30295|1.33005|1.35476|1.37933|1.4055|1.43141|1.45871|1.48663|1.51145|1.53738|1.56532|1.59914|1.63814|1.67966|1.7225|1.76296|1.80216|1.84098|1.87738|1.91367|1.94773|1.98562|2.01836|2.04783|2.07607
EXC,1.0479,63,1.30195,0.99608|1.00807|1.01892|1.02966|1.03908|1.0466|1.05257|1.05843|1.0649|1.07155|1.08092|1.09281|1.10363|1.1138|1.12354|1.13485|1.14862|1.16197|1.17544|1.1874|1.19717|1.20789|1.219|1.23042|1.24059|1.2513|1.26355|1.27525|1.28515|1.29437|1.30018|1.30195|1.30171|1.29826|1.29298|1.28906
VRTX,1.1945,71,2.45593,1.00051|1.03824|1.07925|1.11015|1.13131|1.15428|1.18236|1.21825|1.25607|1.29723|1.33553|1.37165|1.40225|1.43025|1.45914|1.49104|1.5213|1.55354|1.58367|1.61678|1.6547|1.69032|1.73137|1.76604|1.81412|1.86981|1.93584|1.98686|2.03075|2.07038|2.12497|2.1924|2.2485|2.31333|2.38085|2.45593
BK,1.0269,65,1.16199,0.99183|0.99838|1.00308|1.00782|1.01131|1.01518|1.01876|1.02364|1.02735|1.032|1.03928|1.04531|1.04972|1.05386|1.05862|1.06279|1.06741|1.07416|1.08009|1.0867|1.09482|1.10125|1.10964|1.1179|1.12397|1.1301|1.13667|1.14459|1.15175|1.15535|1.15812|1.16001|1.16199|1.16117|1.15995|1.15673
AGN,1.299,71,3.14634,0.99746|1.01734|1.03851|1.0611|1.08327|1.1069|1.13392|1.16172|1.19095|1.21981|1.25172|1.28926|1.33302|1.37882|1.42847|1.48282|1.54251|1.60271|1.66392|1.72727|1.79422|1.86087|1.93134|2.00399|2.07896|2.15995|2.24939|2.34565|2.44231|2.54271|2.64437|2.74613|2.84763|2.94538|3.04453|3.14634
MMC,1.0608,71,1.43376,0.99572|1.00485|1.01228|1.01927|1.02479|1.02957|1.03569|1.0435|1.0533|1.06345|1.07461|1.08512|1.09492|1.10204|1.11059|1.12123|1.13307|1.1459|1.15873|1.17062|1.18204|1.19192|1.20513|1.21993|1.23529|1.25176|1.26956|1.28579|1.30192|1.32094|1.33837|1.35699|1.37846|1.39779|1.41667|1.43376
ZTS,1.2809,65,2.77992,1.00723|1.03747|1.07318|1.11439|1.15638|1.20123|1.24893|1.29889|1.34593|1.3916|1.43688|1.47744|1.5124|1.54984|1.58311|1.62228|1.67136|1.71707|1.76871|1.82415|1.89194|1.95925|2.05207|2.1581|2.26931|2.38935|2.49837|2.59618|2.67363|2.72452|2.74208|2.76009|2.77992|2.77343|2.70641|2.70428
NOC,1.1865,71,2.30308,1.0043|1.03074|1.05458|1.08189|1.10859|1.13575|1.16498|1.19232|1.22063|1.25208|1.28301|1.31396|1.34575|1.37545|1.4046|1.43508|1.46442|1.50016|1.53733|1.57775|1.62023|1.66076|1.70408|1.74953|1.79589|1.84501|1.89409|1.94126|1.98906|2.03526|2.08361|2.13064|2.17578|2.21824|2.26153|2.30308
GD,1.1297,71,1.8764,1.00151|1.02417|1.0457|1.06933|1.09192|1.11494|1.13777|1.16149|1.18434|1.20792|1.23119|1.25467|1.27804|1.2997|1.31779|1.33689|1.35906|1.38318|1.40871|1.43899|1.47113|1.502|1.53349|1.56592|1.59657|1.62933|1.66193|1.69285|1.72338|1.75178|1.78005|1.80499|1.82577|1.84314|1.86031|1.8764
MU,1.1253,71,2.20639,0.99084|1.01348|1.0411|1.06395|1.09301|1.13425|1.18472|1.22514|1.265|1.30279|1.33652|1.36984|1.39795|1.4089|1.40339|1.38898|1.36878|1.34812|1.32925|1.31014|1.30212|1.30137|1.31109|1.34395|1.39068|1.45008|1.51752|1.59685|1.68322|1.77974|1.87669|1.97061|2.06048|2.13227|2.17985|2.20639
ILMN,1.8865,71,7.22947,1.00474|1.05745|1.11651|1.18518|1.2617|1.34086|1.41948|1.50497|1.59998|1.70563|1.81489|1.92928|2.062|2.20455|2.33777|2.48769|2.65159|2.83436|3.02807|3.23539|3.43972|3.63429|3.82685|4.00894|4.22086|4.447|4.71349|5.00653|5.34595|5.70042|6.01805|6.28784|6.50329|6.71105|6.94749|7.22947
ECL,1.1503,71,2.06114,1.00258|1.02421|1.04498|1.06663|1.08855|1.11098|1.13274|1.15512|1.17899|1.2032|1.229|1.25677|1.28399|1.31058|1.33682|1.36514|1.39413|1.42351|1.45201|1.48124|1.51176|1.5441|1.57709|1.61151|1.64755|1.68331|1.71867|1.75568|1.79338|1.82805|1.86454|1.90235|1.94194|1.98114|2.02123|2.06114
MET,1.0501,65,1.32764,0.99642|1.01|1.02369|1.03647|1.04566|1.05485|1.06737|1.07771|1.09043|1.10229|1.11413|1.12416|1.13241|1.13997|1.14757|1.15698|1.16489|1.1762|1.18559|1.19452|1.20693|1.21883|1.23228|1.24547|1.25708|1.27015|1.28325|1.29536|1.30462|1.31274|1.3224|1.32671|1.32764|1.32665|1.32472|1.32148
NOW,1.5550000000000002,71,6.01017,1.01884|1.07406|1.12648|1.19491|1.26459|1.33431|1.40815|1.47548|1.53683|1.60372|1.65338|1.73324|1.79684|1.8556|1.91939|1.97225|2.0083|2.05962|2.07683|2.12848|2.22232|2.29024|2.44091|2.58428|2.75498|2.93432|3.11627|3.32816|3.57231|3.80421|4.13186|4.5276|4.90506|5.36661|5.69261|6.01017
ITW,1.106,71,1.73488,0.99903|1.01582|1.03249|1.05107|1.06919|1.08833|1.10739|1.12719|1.14744|1.16693|1.1889|1.20957|1.22912|1.24605|1.26321|1.28279|1.30291|1.32434|1.34609|1.36822|1.38996|1.41054|1.43334|1.45735|1.48204|1.5087|1.53328|1.55639|1.57794|1.59953|1.62065|1.6429|1.66696|1.69|1.71327|1.73488
MPC,1.198,71,2.89716,1.00238|1.03819|1.07761|1.12772|1.17087|1.21954|1.26707|1.31268|1.35704|1.39141|1.41368|1.43994|1.46883|1.50471|1.53057|1.54675|1.55612|1.57488|1.59703|1.6219|1.66271|1.69608|1.71861|1.74676|1.76681|1.79683|1.82154|1.87057|1.95333|2.06038|2.17984|2.29958|2.42999|2.55016|2.70314|2.89716
ICE,1.1597,71,2.22132,1.00569|1.04385|1.07659|1.11301|1.15316|1.19249|1.23162|1.25793|1.28214|1.3017|1.31773|1.33628|1.33908|1.34721|1.3614|1.36853|1.39337|1.42532|1.46088|1.5046|1.554|1.58729|1.62383|1.66731|1.70849|1.75482|1.80168|1.83968|1.88433|1.93438|1.98141|2.03|2.07266|2.1187|2.17018|2.22132
PGR,1.1064,69,1.73278,1.00393|1.03113|1.05502|1.082|1.11064|1.13675|1.16494|1.1949|1.22062|1.24469|1.27054|1.29249|1.31724|1.33903|1.35614|1.37852|1.40494|1.42891|1.45982|1.48727|1.50726|1.52834|1.55024|1.56787|1.58392|1.59823|1.61088|1.62927|1.64577|1.6559|1.67194|1.6892|1.70478|1.71904|1.73278|1.73068
FDX,1.1153,71,1.77905,0.99874|1.01718|1.0384|1.06062|1.08253|1.10256|1.12411|1.14653|1.17106|1.19617|1.22252|1.24678|1.26847|1.28746|1.30621|1.32705|1.34976|1.37275|1.39645|1.41935|1.44269|1.46494|1.48858|1.51286|1.53998|1.56939|1.59941|1.62705|1.65111|1.67012|1.68933|1.70858|1.73083|1.75011|1.76953|1.77905
EMR,1.0547,71,1.38719,0.99564|1.008|1.01944|1.03174|1.04287|1.05299|1.06252|1.07358|1.08339|1.09282|1.10406|1.11479|1.12428|1.132|1.13879|1.14671|1.15648|1.16544|1.17574|1.18423|1.19415|1.20399|1.21615|1.22939|1.24168|1.25627|1.27198|1.28798|1.30346|1.31701|1.32969|1.34299|1.35565|1.36756|1.37834|1.38719
APD,1.0998,71,1.69811,1.00021|1.02025|1.03929|1.05916|1.07708|1.09596|1.11369|1.13099|1.1476|1.16406|1.1839|1.20234|1.21831|1.23294|1.24767|1.26412|1.28103|1.29942|1.31932|1.33957|1.36134|1.38298|1.40611|1.43063|1.45515|1.48048|1.50591|1.53168|1.5567|1.57981|1.60147|1.61985|1.63908|1.65731|1.67858|1.69811
KMB,1.0607,71,1.40794,0.9961|1.00499|1.01312|1.02136|1.02974|1.03657|1.0436|1.05114|1.06009|1.06966|1.07926|1.09043|1.10135|1.11067|1.11953|1.13033|1.14252|1.15639|1.17225|1.18866|1.20441|1.21938|1.23498|1.25016|1.26442|1.27802|1.29126|1.3035|1.3165|1.33038|1.34307|1.35512|1.3677|1.37983|1.39354|1.40794
CTSH,1.4948000000000001,71,4.32139,1.00703|1.04525|1.09054|1.14131|1.19422|1.24816|1.30876|1.37202|1.44345|1.52006|1.60418|1.69032|1.77224|1.85545|1.93704|2.02458|2.12328|2.22608|2.3359|2.4447|2.56125|2.67384|2.79629|2.91324|3.0317|3.15859|3.28748|3.41619|3.55137|3.68803|3.81915|3.92474|4.03242|4.11837|4.21681|4.32139
TGT,1.0465,71,1.31383,0.99467|1.00637|1.01836|1.03209|1.04539|1.0583|1.06865|1.0782|1.08522|1.09115|1.09684|1.10189|1.10564|1.10978|1.11645|1.12487|1.13695|1.14898|1.16369|1.1777|1.19162|1.20581|1.22066|1.23427|1.24871|1.25973|1.26796|1.27337|1.27754|1.2794|1.28319|1.28643|1.293|1.29755|1.30534|1.31383
AON,1.1291,71,1.90611,1.00063|1.02108|1.04078|1.05948|1.07649|1.09408|1.11177|1.1302|1.15085|1.17044|1.18901|1.20925|1.23|1.24914|1.26964|1.29497|1.32285|1.35261|1.38298|1.4091|1.43456|1.45932|1.48791|1.51778|1.55011|1.58143|1.61348|1.64562|1.67783|1.71071|1.7427|1.77588|1.81111|1.84399|1.87724|1.90611
ADI,1.056,71,1.38187,0.99388|1.00146|1.01183|1.02001|1.02715|1.03556|1.0458|1.056|1.06674|1.07792|1.08856|1.09969|1.11116|1.12148|1.13186|1.14236|1.15359|1.16451|1.17478|1.18335|1.19365|1.20333|1.21577|1.22904|1.24288|1.25674|1.26965|1.28225|1.29612|1.30862|1.32228|1.3339|1.34574|1.35697|1.3691|1.38187
PRU,1.0704,61,1.49789,0.99917|1.01941|1.04051|1.06242|1.08353|1.10577|1.13096|1.15356|1.17705|1.19598|1.21733|1.24019|1.26165|1.27898|1.29173|1.30639|1.32|1.33938|1.35307|1.36133|1.3753|1.38637|1.4027|1.41893|1.42955|1.44564|1.461|1.47676|1.48993|1.49572|1.49789|1.49473|1.48932|1.47632|1.46662|1.44887
KMI,1.0727,1,0.98791,0.98791|0.98432|0.97954|0.9803|0.9766|0.96778|0.95299|0.93669|0.9221|0.90714|0.89154|0.87682|0.86303|0.84793|0.83349|0.82027|0.80517|0.78527|0.76639|0.73984|0.72172|0.7044|0.68947|0.6681|0.64375|0.6148|0.58819|0.57134|0.55895|0.56276|0.56738|0.57198|0.57552|0.57359|0.57229|0.57267
WM,1.0748,71,1.53245,1.00022|1.01932|1.03667|1.05418|1.07237|1.08803|1.10248|1.11836|1.13312|1.14553|1.15864|1.17105|1.18293|1.19631|1.20891|1.22311|1.23979|1.25572|1.27271|1.29006|1.30676|1.32248|1.33785|1.35238|1.36927|1.38533|1.39929|1.41404|1.42828|1.44215|1.45496|1.46954|1.4854|1.50079|1.51689|1.53245
COF,1.0557,65,1.3698,0.99534|1.01422|1.03335|1.05123|1.06332|1.07472|1.08776|1.10036|1.11018|1.12102|1.13704|1.15605|1.17092|1.17902|1.18195|1.18821|1.20273|1.22208|1.2403|1.25502|1.26996|1.28305|1.29448|1.30437|1.31283|1.32589|1.33778|1.34712|1.35387|1.35745|1.36057|1.36523|1.3698|1.36875|1.36592|1.359
EW,1.2932000000000001,71,3.05301,1.00949|1.04864|1.08557|1.123|1.16545|1.20904|1.25372|1.2963|1.33838|1.38418|1.43304|1.48326|1.53255|1.58562|1.64074|1.70099|1.76123|1.82504|1.88775|1.94624|2.00648|2.06671|2.13093|2.19532|2.26745|2.34088|2.41759|2.49088|2.55827|2.62202|2.68396|2.74379|2.81052|2.88524|2.96704|3.05301
BBT,1.0198,69,1.14304,0.99536|1.00564|1.01381|1.02207|1.02991|1.0371|1.04272|1.0483|1.05317|1.05839|1.06433|1.07001|1.07515|1.07911|1.08199|1.08456|1.08727|1.09043|1.09328|1.09612|1.1008|1.10494|1.10798|1.11153|1.11616|1.12025|1.12385|1.12773|1.13049|1.13336|1.13729|1.14008|1.14109|1.14145|1.14304|1.14247
HCA,1.3407,71,3.55105,1.00653|1.0435|1.08488|1.13461|1.18223|1.23182|1.28554|1.33777|1.38643|1.43326|1.48794|1.54675|1.61114|1.66944|1.72959|1.7959|1.86511|1.93534|1.99812|2.05408|2.10865|2.17537|2.25359|2.31867|2.37564|2.44544|2.51712|2.61279|2.71484|2.81823|2.92489|3.03126|3.15686|3.28067|3.40218|3.55105
HUM,1.346,71,3.36102,1.0062|1.05002|1.09937|1.14991|1.19801|1.24142|1.28315|1.3295|1.38193|1.43847|1.50007|1.56431|1.62756|1.69029|1.74851|1.8078|1.8716|1.93974|2.01394|2.0925|2.17255|2.24894|2.31522|2.38282|2.45884|2.54588|2.64436|2.74936|2.85076|2.93991|3.01615|3.09393|3.16872|3.23549|3.29365|3.36102
AFL,1.065,71,1.46889,1.00039|1.02115|1.03967|1.05839|1.07428|1.08738|1.10049|1.11158|1.12501|1.13704|1.15047|1.16335|1.17546|1.18467|1.19316|1.20481|1.22012|1.23461|1.24708|1.25771|1.27253|1.28698|1.30292|1.31601|1.33025|1.34326|1.35565|1.36842|1.3823|1.39483|1.40592|1.41958|1.43349|1.4441|1.45827|1.46889
TRV,1.0891,71,1.62809,0.99891|1.0161|1.03071|1.04531|1.05727|1.06832|1.07985|1.09376|1.10658|1.11934|1.13457|1.14688|1.16152|1.17399|1.18633|1.20375|1.22368|1.24168|1.26114|1.28197|1.30213|1.32181|1.34279|1.36432|1.385|1.40636|1.42687|1.44739|1.47033|1.49264|1.51344|1.53651|1.56063|1.58339|1.6061|1.62809
BAX,1.0724,71,1.51906,0.99922|1.01631|1.03295|1.04985|1.06662|1.08341|1.0987|1.11334|1.12803|1.14256|1.15671|1.17043|1.18202|1.19029|1.19851|1.21084|1.22424|1.23881|1.25282|1.26849|1.28509|1.30024|1.31711|1.33337|1.34751|1.36268|1.37743|1.39389|1.41096|1.42791|1.44391|1.46046|1.47423|1.4873|1.50273|1.51906
VLO,1.328,67,3.0136,1.00321|1.03723|1.07381|1.11661|1.16021|1.20585|1.25717|1.31257|1.36869|1.42793|1.48908|1.55468|1.62239|1.69576|1.76985|1.84545|1.92063|1.99898|2.0804|2.16628|2.25265|2.34019|2.42069|2.49366|2.56323|2.63134|2.70141|2.76774|2.82819|2.87872|2.93354|2.96057|2.99651|3.0136|3.00712|3.01269
EL,1.1806,71,2.29001,1.00059|1.02135|1.04425|1.06835|1.09387|1.12118|1.14969|1.17854|1.20719|1.23504|1.26466|1.29524|1.32505|1.35401|1.38142|1.41137|1.44462|1.47989|1.51819|1.55365|1.5909|1.62873|1.67078|1.71403|1.75787|1.80194|1.84357|1.88727|1.93303|1.97838|2.02369|2.07418|2.12919|2.18241|2.234|2.29001
FIS,1.1091,71,1.74679,1.00007|1.0175|1.03855|1.05788|1.07536|1.09166|1.10857|1.12779|1.1504|1.17198|1.19378|1.21493|1.23432|1.25462|1.27333|1.29307|1.31226|1.33072|1.34902|1.3683|1.3904|1.41456|1.4394|1.46718|1.49585|1.52554|1.55284|1.57823|1.60259|1.62397|1.64721|1.66999|1.69193|1.71339|1.73055|1.74679
ETN,1.1085,71,1.74341,0.99963|1.01852|1.03807|1.06029|1.08211|1.10461|1.12744|1.15031|1.17422|1.19575|1.21748|1.23762|1.25655|1.27196|1.2869|1.30468|1.32398|1.3442|1.36486|1.38503|1.4072|1.43141|1.45985|1.4892|1.51659|1.54465|1.5712|1.5942|1.6183|1.63909|1.65658|1.67408|1.69331|1.70998|1.72643|1.74341
SHW,1.2586,71,2.84743,1.00555|1.03592|1.06458|1.09669|1.12944|1.16439|1.19901|1.23467|1.27328|1.31186|1.35185|1.39076|1.43031|1.47121|1.5109|1.555|1.60517|1.65781|1.71197|1.76838|1.82726|1.88611|1.94704|2.01016|2.07398|2.14071|2.20326|2.26633|2.32863|2.3923|2.45844|2.52787|2.60358|2.67934|2.75972|2.84743
MAR,1.1525,71,2.05121,1.0013|1.02613|1.05126|1.07788|1.10576|1.13441|1.16345|1.194|1.22275|1.24818|1.27653|1.30563|1.33047|1.35366|1.37468|1.39767|1.42391|1.45273|1.4842|1.51686|1.54968|1.58353|1.61706|1.65267|1.69119|1.731|1.76902|1.80602|1.84305|1.87883|1.91389|1.94539|1.97452|1.99894|2.02538|2.05121
ATVI,1.3722,71,3.52973,1.00602|1.05689|1.1124|1.17386|1.23615|1.3048|1.37151|1.42681|1.48318|1.53762|1.59809|1.65478|1.69872|1.73477|1.76935|1.81196|1.8626|1.93382|2.01954|2.10902|2.20309|2.30357|2.41058|2.5086|2.59658|2.68091|2.78428|2.91863|3.04847|3.14963|3.24759|3.33827|3.40723|3.44663|3.4829|3.52973
ROP,1.2295,71,2.6187,1.00515|1.03468|1.06501|1.09671|1.12908|1.16284|1.19865|1.23435|1.26872|1.30377|1.34064|1.37748|1.41292|1.44848|1.48575|1.52754|1.57165|1.61761|1.66626|1.71643|1.76881|1.82004|1.87233|1.92504|1.9794|2.03556|2.09223|2.14722|2.20233|2.25817|2.31916|2.3786|2.43449|2.49125|2.5536|2.6187
SRE,1.1261,71,1.86018,1.00126|1.0197|1.03868|1.05807|1.07809|1.09686|1.1163|1.13568|1.15491|1.17484|1.1954|1.21787|1.23959|1.26166|1.28452|1.3106|1.3385|1.36753|1.39514|1.42223|1.44963|1.47575|1.50213|1.53184|1.56213|1.59217|1.62295|1.65153|1.67884|1.70645|1.73365|1.75926|1.78587|1.8109|1.83494|1.86018
ROST,1.3101,71,3.25707,1.00796|1.04818|1.08698|1.12931|1.17206|1.21612|1.25918|1.30535|1.35325|1.40222|1.44762|1.4969|1.54894|1.6006|1.65048|1.70474|1.76417|1.82204|1.88353|1.95358|2.02296|2.09084|2.15656|2.22195|2.29363|2.36669|2.44134|2.51914|2.5986|2.67701|2.75827|2.84318|2.9387|3.03709|3.14461|3.25707
ADSK,1.2633999999999999,65,2.63666,1.00476|1.03876|1.07559|1.11818|1.16095|1.20935|1.26258|1.31758|1.37416|1.42932|1.48624|1.54492|1.6051|1.65993|1.7137|1.76639|1.81618|1.87609|1.93843|1.9966|2.05666|2.11072|2.1725|2.24571|2.3186|2.38545|2.44586|2.49727|2.54719|2.59106|2.61461|2.63324|2.63666|2.63472|2.62981|2.62975
FISV,1.19,71,2.34382,1.003|1.03053|1.05642|1.08231|1.10558|1.1301|1.15582|1.18237|1.20915|1.23541|1.26699|1.29774|1.32758|1.35583|1.38361|1.4157|1.45262|1.49116|1.53181|1.57378|1.61782|1.65977|1.70354|1.74839|1.79352|1.83989|1.88782|1.9368|1.98777|2.03736|2.08768|2.14128|2.1932|2.24396|2.29394|2.34382
JCI,1.0214,55,1.13299,0.99083|0.99437|0.99871|1.00558|1.00896|1.01202|1.01408|1.0188|1.02505|1.03035|1.0363|1.03871|1.04001|1.0435|1.04957|1.05667|1.06298|1.06982|1.07794|1.08594|1.09541|1.10311|1.11062|1.11739|1.12378|1.12849|1.12995|1.13299|1.1324|1.12972|1.12234|1.12028|1.11929|1.11921|1.11869|1.1159
F,1.037,71,1.27831,0.98803|0.99558|1.00528|1.01416|1.02678|1.043|1.06228|1.07219|1.08052|1.08315|1.10029|1.11092|1.11315|1.10796|1.0929|1.0774|1.07182|1.0778|1.08231|1.08565|1.08581|1.09291|1.1087|1.13468|1.15516|1.18004|1.20392|1.22741|1.24276|1.24841|1.25171|1.25805|1.27142|1.27481|1.27769|1.27831
WMB,1.1713,65,2.10594,0.99448|1.01757|1.04999|1.08711|1.11781|1.14537|1.17041|1.19741|1.2208|1.25005|1.28324|1.32127|1.36234|1.40412|1.44902|1.49093|1.53524|1.58024|1.61221|1.63878|1.66844|1.70585|1.75196|1.79677|1.84125|1.87904|1.92228|1.96959|2.02093|2.05885|2.08226|2.10115|2.10594|2.09145|2.03703|1.95638
ALL,1.0819,71,1.54835,0.99921|1.0164|1.03415|1.05387|1.07123|1.08624|1.09962|1.11326|1.12659|1.14132|1.15901|1.17774|1.19618|1.21196|1.22495|1.23936|1.25581|1.27198|1.29084|1.31119|1.33036|1.34845|1.36766|1.38634|1.40365|1.42143|1.43898|1.45562|1.47178|1.48726|1.50144|1.5131|1.52358|1.53016|1.54011|1.54835
RHT,1.2441,71,2.64844,0.99551|1.03097|1.07191|1.11559|1.16687|1.21617|1.26573|1.31262|1.35772|1.40567|1.44866|1.49131|1.54129|1.59165|1.65331|1.72331|1.78314|1.8286|1.87723|1.92018|1.96536|1.99964|2.04246|2.09277|2.14593|2.2098|2.27243|2.33342|2.38333|2.41751|2.45202|2.48467|2.52059|2.55803|2.60654|2.64844
REGN,1.9038,71,7.7214,1.01094|1.05174|1.09307|1.13308|1.18053|1.23349|1.28657|1.34866|1.4321|1.52121|1.61027|1.7101|1.8192|1.94348|2.07097|2.21544|2.38163|2.55851|2.73277|2.91621|3.13257|3.35554|3.58349|3.83514|4.09355|4.36516|4.66158|4.95524|5.27259|5.5884|5.8887|6.20633|6.55044|6.93058|7.33468|7.7214
DAL,1.4641,71,4.38533,0.9965|1.02369|1.05924|1.09497|1.13065|1.17589|1.23014|1.2939|1.35891|1.42805|1.49334|1.55823|1.62578|1.70389|1.77971|1.85157|1.91792|1.99097|2.06722|2.1517|2.23997|2.33107|2.43023|2.54494|2.66624|2.8033|2.94288|3.09274|3.2439|3.40433|3.57675|3.75464|3.92801|4.08858|4.25069|4.38533
DG,1.196,71,2.39811,1.00658|1.03942|1.07168|1.10191|1.13216|1.16288|1.19459|1.23019|1.26351|1.29493|1.32766|1.35942|1.389|1.41909|1.44793|1.47522|1.50726|1.54235|1.58406|1.62876|1.66834|1.70873|1.75576|1.80188|1.84826|1.89527|1.94736|2.00112|2.05519|2.1081|2.15818|2.21021|2.25918|2.30275|2.34079|2.39811
XLNX,1.0539,71,1.38177,0.99377|1.00485|1.01548|1.02139|1.02376|1.02903|1.03947|1.0501|1.06096|1.06992|1.07888|1.09026|1.10012|1.11168|1.12056|1.13141|1.14044|1.14927|1.15979|1.17004|1.18108|1.19036|1.19954|1.21245|1.22399|1.2344|1.24749|1.26083|1.27456|1.28739|1.30582|1.32015|1.3344|1.35191|1.36755|1.38177
EBAY,1.1311,71,1.858,0.9974|1.01877|1.04059|1.06757|1.09401|1.12147|1.15139|1.18102|1.21173|1.2443|1.28157|1.31898|1.3554|1.39005|1.42076|1.4553|1.48941|1.52226|1.56055|1.59603|1.62814|1.65875|1.69061|1.71328|1.7264|1.7403|1.75366|1.76669|1.77669|1.78392|1.79225|1.79913|1.81114|1.82482|1.83987|1.858
YUM,1.1835,71,2.29794,1.00427|1.0331|1.06166|1.09282|1.12279|1.15316|1.18462|1.21628|1.2479|1.27889|1.31209|1.34221|1.37098|1.39949|1.42603|1.45622|1.48851|1.52599|1.56526|1.60493|1.64455|1.68552|1.73029|1.77354|1.817|1.85852|1.90115|1.94582|1.99131|2.03433|2.0775|2.11765|2.15931|2.20137|2.24914|2.29794
SYY,1.042,71,1.2947,0.99834|1.01303|1.02624|1.03987|1.05356|1.0651|1.07485|1.08458|1.09321|1.10161|1.11075|1.1224|1.13292|1.14226|1.15219|1.16314|1.17249|1.18118|1.19111|1.20184|1.21119|1.22092|1.22863|1.23492|1.23947|1.24414|1.24861|1.25416|1.26308|1.27017|1.27486|1.28012|1.28274|1.28344|1.28886|1.2947
HPQ,1.066,65,1.42273,0.99064|0.99673|1.00384|1.01445|1.02595|1.03986|1.05729|1.0754|1.09225|1.10873|1.12564|1.14019|1.15427|1.1652|1.17575|1.18605|1.19502|1.20324|1.20969|1.21411|1.22504|1.23537|1.24883|1.26603|1.2847|1.30689|1.32892|1.35038|1.37219|1.39327|1.40998|1.41898|1.42273|1.42087|1.41943|1.4106
EA,1.2163,69,2.33251,0.9959|1.02102|1.04847|1.07589|1.10416|1.13586|1.17051|1.20287|1.2335|1.26756|1.30465|1.34661|1.38798|1.43151|1.47931|1.52793|1.57443|1.62085|1.67021|1.72261|1.77881|1.82988|1.88463|1.93912|1.99517|2.0511|2.10577|2.15967|2.20622|2.24546|2.27759|2.30053|2.31678|2.32935|2.33251|2.32406
PEG,1.0638,71,1.41697,0.9981|1.01306|1.02642|1.03954|1.05187|1.06347|1.07485|1.08667|1.09676|1.10538|1.11423|1.12482|1.13687|1.14854|1.15937|1.17337|1.19059|1.20903|1.22582|1.24111|1.2538|1.26642|1.27886|1.29204|1.30548|1.31826|1.33474|1.35076|1.36536|1.3803|1.39236|1.40042|1.40753|1.41144|1.41387|1.41697
MCO,1.2311,71,2.55786,1.00418|1.03505|1.06612|1.09811|1.13125|1.16771|1.20579|1.2443|1.28505|1.32631|1.3684|1.40946|1.45194|1.49589|1.5352|1.57619|1.61851|1.66735|1.71713|1.76378|1.81209|1.86294|1.91949|1.97473|2.02924|2.08003|2.13438|2.1907|2.24806|2.30115|2.34766|2.39509|2.44593|2.49168|2.52921|2.55786
WELL,1.0728,71,1.5213,0.99939|1.01667|1.03362|1.0485|1.06235|1.07545|1.088|1.09959|1.11297|1.12631|1.14041|1.15457|1.16807|1.17987|1.19195|1.20557|1.22108|1.23647|1.25354|1.27006|1.28491|1.29944|1.31527|1.32967|1.34258|1.35545|1.37249|1.38859|1.40399|1.4195|1.43468|1.45102|1.46794|1.48378|1.50101|1.5213
ALXN,1.5836999999999999,71,5.3966,1.00239|1.03489|1.0705|1.10255|1.13344|1.16978|1.21128|1.26113|1.31721|1.38359|1.45342|1.52271|1.59668|1.67736|1.76299|1.85633|1.94988|2.05443|2.1672|2.28406|2.40806|2.54027|2.68882|2.83571|2.99611|3.16545|3.34525|3.53715|3.74031|3.95699|4.18289|4.41358|4.64072|4.87685|5.13258|5.3966
XEL,1.0605,71,1.41821,0.99829|1.0123|1.0251|1.03788|1.04908|1.05847|1.0677|1.07662|1.08485|1.09353|1.10221|1.11039|1.118|1.12509|1.13222|1.14568|1.16284|1.17942|1.19527|1.21082|1.22531|1.23919|1.2538|1.26801|1.28246|1.29749|1.31133|1.32279|1.33382|1.34483|1.35732|1.36914|1.38038|1.39095|1.40418|1.41821
STI,1.0287,63,1.20033,0.99285|1.0027|1.01191|1.02354|1.03514|1.04747|1.05846|1.06656|1.07396|1.08242|1.09044|1.09908|1.10455|1.10705|1.10753|1.10906|1.11246|1.11982|1.12567|1.13155|1.14024|1.1478|1.15415|1.16074|1.16556|1.17164|1.17826|1.18361|1.18945|1.19546|1.19958|1.20033|1.20004|1.19631|1.195|1.19082
APH,1.2482,71,2.74882,1.00638|1.03723|1.0674|1.0956|1.12517|1.15458|1.18717|1.22316|1.25987|1.298|1.33935|1.38068|1.42168|1.46244|1.50383|1.54906|1.59372|1.6399|1.68939|1.74085|1.79492|1.84892|1.90702|1.96551|2.02426|2.0835|2.14519|2.21113|2.27896|2.34954|2.42223|2.48944|2.55325|2.61575|2.68067|2.74882
TEL,1.2011,71,2.45274,0.99857|1.01946|1.04241|1.06659|1.09179|1.11707|1.14379|1.17151|1.20428|1.24011|1.27882|1.31735|1.35055|1.38039|1.40525|1.4327|1.45931|1.49124|1.52377|1.55646|1.59568|1.63115|1.67386|1.72423|1.77817|1.83936|1.90101|1.96316|2.02371|2.08641|2.15428|2.22024|2.28258|2.3353|2.39643|2.45274
WDAY,1.1779,71,2.86461,1.00747|1.04506|1.07572|1.10947|1.13927|1.16781|1.19805|1.22262|1.23575|1.26154|1.2865|1.30793|1.32291|1.32906|1.33783|1.3532|1.36682|1.38386|1.39334|1.38775|1.42835|1.4471|1.47979|1.51603|1.55519|1.61993|1.69195|1.77563|1.85311|1.90716|2.03893|2.1996|2.31602|2.48614|2.6674|2.86461
OKE,1.1705,71,2.20818,1.00299|1.03363|1.06598|1.0993|1.13172|1.16054|1.1851|1.2098|1.23498|1.26342|1.29482|1.32654|1.36086|1.3941|1.42438|1.45509|1.48631|1.5184|1.54708|1.57103|1.60058|1.63544|1.66875|1.70625|1.74295|1.7794|1.82491|1.87619|1.92907|1.98018|2.02811|2.07198|2.11082|2.14229|2.17028|2.20818
LRCX,1.1679,71,2.10703,0.99548|1.01865|1.04685|1.07643|1.10864|1.1419|1.1783|1.21221|1.24262|1.27255|1.30487|1.33903|1.37205|1.40117|1.4283|1.45872|1.49342|1.52743|1.56278|1.59148|1.62272|1.65277|1.68688|1.72569|1.77074|1.81868|1.8602|1.90474|1.94607|1.98412|2.01645|2.04162|2.06386|2.08293|2.09622|2.10703
VFC,1.1995,71,2.41748,1.00338|1.02995|1.05653|1.08646|1.11852|1.14877|1.17744|1.20758|1.23628|1.26454|1.29492|1.32375|1.3527|1.3801|1.41097|1.44475|1.4815|1.51907|1.56035|1.60295|1.64703|1.69399|1.74335|1.79246|1.8419|1.89331|1.9453|1.99664|2.04844|2.10017|2.15234|2.20154|2.25476|2.30827|2.36217|2.41748
GIS,1.0705,71,1.49345,0.99855|1.009|1.01774|1.02729|1.03809|1.04697|1.05617|1.06683|1.07807|1.08906|1.10065|1.11183|1.12288|1.1351|1.14811|1.16267|1.17791|1.19237|1.20593|1.22033|1.23552|1.25093|1.26742|1.28472|1.30146|1.31749|1.33302|1.34909|1.36612|1.38489|1.40176|1.41797|1.4355|1.45384|1.4737|1.49345
STZ,1.4414,71,4.07558,1.00654|1.04289|1.08117|1.1232|1.16914|1.21909|1.26953|1.3229|1.38122|1.439|1.49937|1.56287|1.62981|1.69276|1.75993|1.83467|1.9156|2.00232|2.09561|2.19816|2.30145|2.40718|2.51828|2.63137|2.74669|2.86724|2.98952|3.11018|3.23583|3.36055|3.48089|3.59658|3.71471|3.83413|3.95288|4.07558
ED,1.0405,71,1.2841,0.99786|1.00755|1.01645|1.02548|1.03463|1.04344|1.05204|1.06099|1.07096|1.08041|1.08905|1.09863|1.10778|1.1156|1.12278|1.13145|1.14068|1.14899|1.15743|1.16649|1.17415|1.18138|1.18827|1.19531|1.2019|1.20952|1.21804|1.22532|1.23239|1.23884|1.24529|1.25246|1.26037|1.267|1.27484|1.2841
LYB,1.2287,71,2.64365,1.00586|1.04755|1.08998|1.13009|1.16454|1.19621|1.22446|1.25937|1.30587|1.35657|1.40562|1.44647|1.49744|1.5545|1.60152|1.65188|1.69916|1.7448|1.78723|1.82834|1.8872|1.94329|2.00262|2.05269|2.08857|2.10051|2.09094|2.1426|2.23073|2.29968|2.33614|2.37475|2.44122|2.48242|2.55741|2.64365
ZBH,1.0733,69,1.51033,0.99984|1.01825|1.037|1.05687|1.07588|1.0939|1.11214|1.13109|1.15137|1.17154|1.1913|1.21225|1.2321|1.24856|1.2605|1.2709|1.27971|1.28748|1.29892|1.31146|1.32252|1.33208|1.34368|1.35713|1.36955|1.38802|1.40795|1.42599|1.44381|1.46185|1.47868|1.49235|1.50278|1.5095|1.51033|1.50813
IR,1.1314,71,1.90202,0.9997|1.02372|1.04955|1.0766|1.10183|1.12588|1.14898|1.17263|1.1968|1.22191|1.24932|1.27627|1.30117|1.32053|1.33802|1.35631|1.37874|1.40613|1.43457|1.46211|1.48969|1.51456|1.54327|1.57399|1.60539|1.63979|1.67453|1.70766|1.7411|1.76992|1.79605|1.82003|1.84219|1.86411|1.88368|1.90202
PPG,1.1480000000000001,71,2.02718,0.99838|1.01447|1.0316|1.051|1.07055|1.08942|1.10959|1.1305|1.15269|1.17477|1.19914|1.22193|1.24503|1.26662|1.28828|1.31159|1.33956|1.37073|1.40258|1.43516|1.46936|1.50235|1.53826|1.57593|1.61294|1.65287|1.69179|1.73032|1.76836|1.80527|1.84116|1.87636|1.91452|1.95|1.98901|2.02718
STT,1.0452,71,1.30788,0.99443|1.00743|1.01824|1.03018|1.03802|1.04653|1.05445|1.06365|1.07261|1.08221|1.09481|1.10547|1.11384|1.1215|1.12798|1.1356|1.14439|1.15295|1.16026|1.16809|1.1776|1.1858|1.19611|1.20593|1.21559|1.22605|1.23611|1.24854|1.26085|1.27073|1.27783|1.2854|1.29317|1.29763|1.30442|1.30788
GLW,1.114,61,1.73913,0.99234|1.01113|1.03979|1.06298|1.08636|1.11181|1.14425|1.1763|1.20481|1.22502|1.24877|1.26955|1.29558|1.3232|1.34884|1.38681|1.43366|1.47815|1.51531|1.55162|1.59097|1.61149|1.60719|1.61273|1.62984|1.64194|1.666|1.69587|1.72284|1.73579|1.73913|1.73782|1.73818|1.73655|1.7028|1.6444
LUV,1.1865999999999999,71,2.25593,0.99766|1.01943|1.04126|1.06472|1.08868|1.11012|1.13196|1.15831|1.18725|1.21466|1.24541|1.27763|1.30858|1.33857|1.36729|1.3995|1.43445|1.47155|1.51169|1.55236|1.59338|1.62955|1.6634|1.70614|1.75623|1.81038|1.86309|1.91689|1.96819|2.02039|2.07767|2.13156|2.17553|2.20863|2.23909|2.25593
A,1.0847,71,1.57267,0.99544|1.00755|1.02192|1.03659|1.05384|1.06992|1.0823|1.09888|1.11596|1.13167|1.14896|1.16767|1.18705|1.2033|1.21797|1.2323|1.24935|1.27076|1.28851|1.30114|1.31094|1.32144|1.33364|1.35195|1.37394|1.39582|1.41805|1.443|1.46777|1.48749|1.50448|1.52293|1.53719|1.55059|1.56289|1.57267
PAYX,1.0436,71,1.28972,0.99577|1.00698|1.01711|1.02498|1.03155|1.03464|1.03955|1.04618|1.05335|1.06044|1.06915|1.07699|1.0854|1.09298|1.09968|1.10994|1.12246|1.13402|1.14573|1.15642|1.16628|1.1757|1.18366|1.19135|1.20147|1.21233|1.22128|1.23007|1.2383|1.24515|1.25261|1.26066|1.27004|1.27842|1.28619|1.28972
WEC,1.1258,71,1.88242,1.00245|1.02186|1.04076|1.05952|1.07862|1.09839|1.11763|1.13787|1.15956|1.18084|1.20252|1.22607|1.24956|1.27176|1.29436|1.31918|1.34512|1.37233|1.39961|1.42719|1.45282|1.47864|1.50448|1.52927|1.555|1.58362|1.61286|1.64049|1.67006|1.70039|1.73071|1.75953|1.7896|1.81852|1.8494|1.88242
HAL,1.1298,69,1.82062,0.9925|1.01032|1.02878|1.0476|1.06544|1.08951|1.11077|1.13195|1.15331|1.17452|1.20082|1.22896|1.25927|1.28708|1.31328|1.33801|1.36531|1.39584|1.42817|1.45684|1.48824|1.52325|1.55721|1.58896|1.61546|1.63738|1.65866|1.68326|1.70903|1.73169|1.75327|1.77459|1.79692|1.81147|1.82062|1.81891
TROW,1.1353,71,1.92681,0.99849|1.02045|1.04238|1.06263|1.08325|1.10599|1.12783|1.15025|1.17307|1.19547|1.22038|1.24441|1.2676|1.28874|1.30924|1.33078|1.35734|1.38691|1.41637|1.44528|1.47495|1.50362|1.5344|1.56824|1.59988|1.62925|1.66031|1.69535|1.73122|1.76227|1.79312|1.82363|1.85266|1.8774|1.90225|1.92681
CNC,1.3335,71,3.4251,1.00798|1.05444|1.09944|1.14262|1.18954|1.23922|1.29032|1.34804|1.40352|1.45739|1.51468|1.56972|1.62828|1.68374|1.74093|1.79946|1.8673|1.92794|1.97856|2.02306|2.0791|2.13937|2.21543|2.29552|2.37943|2.46269|2.54918|2.63767|2.74649|2.83886|2.91806|3.01728|3.12315|3.22713|3.32346|3.4251
DFS,1.359,71,3.44997,0.99709|1.02218|1.0531|1.08931|1.12398|1.15595|1.19246|1.23277|1.28046|1.33348|1.39363|1.45467|1.5187|1.58026|1.63845|1.69862|1.76547|1.83897|1.91716|1.99367|2.07585|2.15592|2.23774|2.32052|2.41314|2.50935|2.60939|2.7084|2.8063|2.90183|2.99924|3.09791|3.19204|3.28171|3.37134|3.44997
