,Change,Shares,DataSize,LoseStreak,Invested,CurrentValue,LastPurchase
IPFF,0.47719298245614034,17,1826,11,570,272,2016-12-01
IPKW,0.8781115879828326,33,1256,10,1165,1023,2015-07-13
IPOS,0.6627218934911243,16,1101,7,507,336,2015-07-31
IQDY,0.7578947368421053,3,1475,7,95,72,2015-09-24
IQLT,0.7435897435897436,7,1030,7,273,203,2017-12-13
ISHG,0.7022222222222222,16,2300,8,1800,1264,2012-06-06
ISMD,0.7005988023952096,78,500,16,3006,2106,2018-12-26
ITA,1.1546961325966851,6,2300,8,1086,1254,2018-12-26
ITB,0.8571428571428571,2,2300,7,84,72,2018-10-16
ITE,0.8535564853556485,34,2300,8,2390,2040,2015-10-12
ITEQ,0.8604651162790697,1,826,7,43,37,2018-10-22
ITM,0.8502629393855522,64,2300,10,3613,3072,2015-03-27
ITOT,0.9933481152993349,7,2300,10,451,448,2018-12-26
IUSG,1.2040816326530612,8,2300,9,392,472,2016-01-14
IUSV,0.9348441926345609,6,2300,9,353,330,2018-12-26
IVAL,0.8157776781712237,65,1052,10,2231,1820,2015-11-24
IVE,1.1388577827547592,9,2300,13,893,1017,2018-12-26
IVOG,1.154320987654321,11,2128,10,1296,1496,2018-12-26
IVOO,1.1145131659522352,14,2128,9,1633,1820,2018-12-26
IVOV,1.09347442680776,5,2128,11,567,620,2018-12-26
IVV,1.2362516498020237,10,2300,10,2273,2810,2018-12-26
IVW,1.0769230769230769,4,2300,10,624,672,2018-12-26
IWB,1.2074303405572755,10,2300,10,1292,1560,2018-12-26
IWC,1.0757855822550833,12,2300,8,1082,1164,2018-12-26
IWD,1.1679748822605966,6,2300,10,637,744,2018-12-26
IWF,1.0068027210884354,5,2300,8,735,740,2018-12-26
IWL,0.9323770491803278,7,2300,8,488,455,2018-12-26
IWM,1.1773472429210134,5,2300,10,671,790,2018-12-26
IWN,1.1033274956217163,5,2300,10,571,630,2018-12-26
IWO,1.3086150490730644,6,2300,9,917,1200,2018-12-26
IWP,1.0606860158311346,6,2300,9,758,804,2018-12-26
IWR,1.0,1,2300,7,54,54,2018-12-26
IWS,1.084788029925187,5,2300,9,401,435,2018-12-26
IWV,1.1428571428571428,16,2300,11,2310,2640,2018-12-26
IWX,0.9096209912536443,6,2300,9,343,312,2018-12-26
IWY,1.0212765957446808,3,2300,9,235,240,2018-12-26
IXG,0.8948863636363636,15,2300,11,1056,945,2018-07-06
IXN,1.9055918663761802,16,2300,9,1377,2624,2018-12-26
IXP,0.8133493205435651,37,2300,9,2502,2035,2018-12-26
IYC,1.4940535183349852,15,2300,11,2018,3015,2018-12-26
IYE,0.7932843651626443,21,2300,11,953,756,2018-12-26
IYF,1.1643835616438356,5,2300,9,511,595,2018-12-26
IYG,1.0578512396694215,2,2300,8,242,256,2018-12-20
IYH,1.5725806451612903,9,2300,10,1116,1755,2018-12-26
IYJ,1.3275109170305677,6,2300,9,687,912,2018-12-26
IYK,1.0129870129870129,4,2300,10,462,468,2018-12-26
IYLD,0.6885593220338984,39,1730,10,1416,975,2014-12-17
IYM,1.0637254901960784,14,2300,12,1224,1302,2018-12-26
IYT,1.1560188298587761,9,2300,12,1487,1719,2018-12-26
IYW,1.4504623513870543,6,2300,8,757,1098,2018-10-16
IYY,1.2095032397408207,4,2300,9,463,560,2018-12-26
IYZ,0.9012875536480687,14,2300,8,466,420,2012-11-23
IZRL,0.7352185089974294,13,305,7,389,286,2018-04-25
JDST,0.01439915299100053,8,1356,9,18890,272,2019-02-06
JETS,0.96875,2,961,7,64,62,2016-02-01
JHMF,0.8411214953271028,5,839,7,214,180,2017-03-07
JHMI,0.9013254786450663,17,632,7,679,612,2017-03-27
JHMM,0.8848314606741573,9,839,8,356,315,2018-12-26
JHMT,0.9945945945945946,12,855,8,555,552,2018-04-04
JHMU,0.7954545454545454,35,677,13,1364,1085,2018-11-07
JHSC,0.7377906976744186,47,323,16,1720,1269,2018-12-26
JJA,0.7540983606557377,3,2283,8,183,138,2011-09-26
JJG,0.88125,15,2283,10,800,705,2014-06-06
JJP,0.496551724137931,3,2283,8,290,144,2011-12-29
JJS,0.52465483234714,19,2283,12,1521,798,2011-12-27
JJU,1.4338085539714867,64,2283,9,1964,2816,2015-08-31
JKD,1.0964607911172797,10,2300,10,1441,1580,2018-12-26
JKE,1.2672566371681415,4,2300,9,565,716,2018-12-26
JKF,1.0069084628670122,22,2300,10,2316,2332,2018-12-26
JKG,1.2453117080587937,26,2300,11,3946,4914,2018-12-26
JKH,1.02424670433145,19,2300,16,4248,4351,2018-12-26
JKI,1.0686506594521474,20,2300,10,2957,3160,2018-12-26
JKJ,1.101763907734057,14,2300,11,2211,2436,2018-12-26
JKK,1.1584609019445593,14,2300,10,2417,2800,2018-12-26
JKL,1.0909712722298222,11,2300,12,1462,1595,2018-12-26
JNUG,0.09224318658280922,11,1356,9,1431,132,2017-10-30
JO,0.754880694143167,29,2283,10,1383,1044,2018-07-06
JPME,0.9450726978998385,9,673,8,619,585,2018-12-26
JPMF,0.7064291247095275,114,303,9,3873,2736,2019-01-02
JPMV,0.8736762481089259,70,1188,8,5288,4620,2018-09-21
JPNL,1.0146341463414634,4,1425,9,205,208,2018-12-26
JPUS,1.0138888888888888,1,855,7,72,73,2018-12-26
JPXN,0.8121927236971485,14,2300,7,1017,826,2018-08-16
JSMD,0.8169761273209549,7,754,8,377,308,2018-10-08
JSML,1.779049295774648,47,1953,8,1136,2021,2018-12-24
JUST,0.9090909090909091,2,425,7,88,80,2018-12-26
KBA,0.5370370370370371,1,1252,7,54,29,2015-07-09
KBE,1.0952380952380953,31,2300,9,1302,1426,2018-12-26
KBWB,1.1938775510204083,9,1838,9,392,468,2018-12-20
KBWD,0.6432748538011696,15,2069,8,513,330,2013-09-09
KBWP,1.2572062084257207,18,2055,10,902,1134,2018-10-25
KBWR,1.12,14,1838,10,675,756,2018-12-26
KBWY,0.727509778357236,72,2069,14,3068,2232,2018-02-16
KCE,0.9522160664819944,25,2300,9,1444,1375,2018-10-15
KFYP,0.5996924654023578,90,1407,7,3902,2340,2017-05-09
KLDW,0.8947368421052632,34,884,9,1216,1088,2016-07-06
KNG,0.84,6,2164,8,300,252,2018-10-26
KNOW,0.9473684210526315,9,1812,8,380,360,2018-12-26
KOIN,0.7575757575757576,1,374,7,33,25,2018-10-30
KOL,0.37333333333333335,8,2300,7,300,112,2014-10-15
KOLD,0.5673352435530086,9,1856,9,349,198,2018-11-15
KORU,0.7664670658682635,4,1479,8,167,128,2015-01-08
KRE,1.334140435835351,29,2300,10,1239,1653,2018-12-26
KWEB,1.0043668122270741,25,1400,7,1145,1150,2017-10-31
KXI,0.9090909090909091,1,2300,7,55,50,2018-12-26
LABD,0.0121977089520577,5,942,8,9428,115,2017-12-29
LABU,0.6989010989010989,6,942,8,455,318,2018-12-24
LBDC,0.5817610062893082,74,841,11,1908,1110,2018-12-24
LBJ,0.33088235294117646,15,2300,9,1224,405,2018-12-26
LD,0.6847348373864636,57,2300,11,3413,2337,2014-02-04
LDRS,0.6875,5,292,7,160,110,2018-10-31
LDUR,0.8863636363636364,13,1280,9,1452,1287,2014-11-11
LEAD,0.85,28,788,7,1120,952,2017-11-16
LGLV,1.036649214659686,2,1512,8,191,198,2018-12-26
LIT,0.9451575262543758,27,2161,8,857,810,2015-08-27
LMBS,0.8223595807578608,360,1081,11,22326,18360,2018-02-05
LMLP,0.4507042253521127,16,1164,8,497,224,2018-09-14
LNGR,0.6862745098039216,10,696,7,306,210,2018-10-25
LOUP,0.7679180887372014,9,175,8,293,225,2018-11-01
LQD,0.9655172413793104,7,2300,9,841,812,2010-11-22
LSAF,0.7361963190184049,5,98,9,163,120,2018-10-30
LTL,0.7022950819672131,51,2300,8,3050,2142,2016-11-03
LTPZ,0.8687782805429864,3,2300,7,221,192,2015-06-12
LVHB,0.868421052631579,1,587,7,38,33,2018-12-26
LVHD,0.8,6,792,7,240,192,2017-10-04
LVHE,0.7136563876651982,12,566,7,454,324,2017-06-21
LVIN,0.7115117891816921,38,449,7,1442,1026,2018-05-29
LVL,0.44281793229643185,44,2300,8,1093,484,2010-12-02
MAGA,0.7415730337078652,22,362,8,801,594,2018-11-29
MBB,0.9210526315789473,1,2300,7,114,105,2013-07-15
MBG,0.7029855753102986,403,2300,8,14905,10478,2016-11-15
MCHI,1.1202003338898163,11,1987,7,599,671,2014-05-07
MCRO,0.6996770721205597,25,2300,7,929,650,2011-10-11
MDY,1.1152815013404827,13,2300,12,4103,4576,2018-12-26
MDYG,1.2518296739853627,71,2300,9,3006,3763,2018-12-26
MDYV,1.032258064516129,8,2300,8,403,416,2018-12-26
MFDX,0.7272727272727273,1,370,7,33,24,2018-10-30
MGC,1.3016949152542372,4,2300,8,295,384,2018-12-26
MGK,1.411764705882353,5,2300,8,425,600,2018-12-26
MGV,1.4594594594594594,9,2300,8,481,702,2018-12-26
MIDU,1.057057057057057,16,2300,9,666,704,2018-12-26
MIDZ,0.05031561613759034,50,2300,12,10931,550,2019-02-22
MILN,0.8298969072164949,7,704,9,194,161,2017-08-29
MINC,0.8142455482661668,181,1493,11,10670,8688,2016-01-11
MJ,0.9390862944162437,5,1017,8,197,185,2018-12-24
MLPA,0.4669811320754717,11,1722,8,212,99,2018-04-05
MLPG,0.5420875420875421,7,2168,8,297,161,2015-03-18
MLPI,0.5565476190476191,17,2239,9,672,374,2015-07-07
MLPQ,0.6304347826086957,11,764,11,506,319,2017-10-30
MLPX,0.4727272727272727,4,1396,8,110,52,2014-10-15
MLPY,0.22346368715083798,20,1997,9,537,120,2011-06-09
MLPZ,0.5250551528521904,49,759,7,3173,1666,2016-10-10
MMTM,0.9413012729844413,11,1590,10,1414,1331,2018-12-26
MNA,0.8811463894352346,98,2300,12,3559,3136,2014-08-29
MOAT,1.4641744548286604,20,1718,10,642,940,2018-12-26
MOM,0.6545409552091067,115,1878,7,4041,2645,2019-02-07
MOO,0.9642857142857143,3,2300,9,196,189,2018-12-26
MORL,0.5172413793103449,1,1596,7,29,15,2012-11-15
MORT,0.6764705882352942,1,1891,7,34,23,2017-08-07
MOTI,0.7111111111111111,1,882,7,45,32,2017-12-15
AADR,0.8636875704093128,50,2163,10,2663,2300,2018-07-06
AAXJ,1.1133200795228628,8,2300,8,503,560,2016-01-29
ACES,0.7540279269602578,26,164,8,931,702,2019-01-31
ACIM,1.0249584026622296,40,1754,10,3005,3080,2018-12-26
ACSI,0.8461538461538461,6,576,7,234,198,2018-12-26
ACT,0.6830601092896175,5,299,7,183,125,2018-01-25
ACWI,0.9861111111111112,1,2300,7,72,71,2018-12-26
ACWV,0.9832402234636871,2,1846,8,179,176,2018-12-26
ACWX,0.9231833910034603,29,2300,11,1445,1334,2015-10-02
ADRE,0.9291784702549575,24,2300,10,1059,984,2016-12-02
ADRU,0.703125,15,2300,9,448,315,2015-10-06
AFK,0.5047801147227533,24,2300,10,1046,528,2011-05-12
AFTY,0.5925925925925926,2,995,7,54,32,2017-10-24
AGG,0.8770491803278688,2,2300,7,244,214,2016-07-19
AGQ,0.509783728115345,55,2300,10,2913,1485,2018-06-29
AGZ,0.9232104121475054,19,2300,9,2305,2128,2014-10-08
AIA,1.2156862745098038,5,2300,8,255,310,2011-12-09
AIEQ,0.8666666666666667,1,338,7,30,26,2018-12-26
AIRR,0.7428571428571429,1,1248,7,35,26,2018-10-15
ALFA,1.3457943925233644,3,1693,7,107,144,2012-07-23
ALTS,0.74,33,1100,9,1650,1221,2015-08-13
ALTY,0.5996843766438716,76,910,12,1901,1140,2018-10-23
AMJ,0.5220883534136547,10,2300,8,498,260,2015-07-02
AMJL,0.6016597510373444,29,696,11,723,435,2018-12-19
AMZA,0.20512820512820512,4,1105,8,117,24,2015-07-08
ANGL,0.8148760330578513,68,1728,8,2420,1972,2015-09-11
AOA,0.9636363636363636,21,2300,8,1155,1113,2015-08-10
AOK,0.7805926261026916,203,2300,9,8842,6902,2017-10-05
AOR,0.8764940239043825,5,2300,8,251,220,2015-08-10
ARGT,0.8529801324503311,23,2007,9,755,644,2018-07-03
ARKG,0.8969072164948454,3,1084,7,97,87,2018-12-26
ARKK,1.413280475718533,62,1084,9,2018,2852,2018-10-16
ARKQ,1.2392703862660943,99,1107,15,2796,3465,2017-01-04
ASHR,0.5994236311239193,8,1332,8,347,208,2018-08-27
ASHS,0.684085510688836,32,1198,11,1263,864,2018-07-24
ATMP,0.6162089752176825,46,1498,10,1493,920,2018-11-01
AUSE,0.8244274809160306,14,2300,7,917,756,2014-10-08
BAB,0.7317073170731707,1,2300,7,41,30,2016-08-08
BAL,0.7248062015503876,17,2300,8,1032,748,2018-08-27
BAR,0.9652650822669104,4,370,7,547,528,2018-08-24
BBC,0.6812227074235808,12,1052,9,458,312,2018-12-24
BBH,1.2763532763532763,7,2300,8,702,896,2018-12-26
BBP,0.9534883720930233,18,1052,12,774,738,2017-06-02
BBRC,0.6566523605150214,18,1638,9,466,306,2018-12-26
BCD,0.7069059271343121,156,477,11,5517,3900,2019-01-04
BCI,0.6764705882352942,2,476,7,68,46,2017-12-14
BCM,0.5933400605449042,21,1972,7,991,588,2014-10-08
BDCL,0.4778761061946903,18,1949,10,565,270,2017-11-08
BDCS,0.578420467185762,26,1968,8,899,520,2017-11-03
BDD,0.31496062992125984,5,2300,8,127,40,2010-09-28
BDRY,0.3548387096774194,1,232,7,31,11,2018-04-12
BFOR,1.1317440401505645,22,1441,7,797,902,2013-09-09
BIB,0.9123222748815166,7,2234,8,422,385,2018-12-26
BIBL,0.7152317880794702,4,326,7,151,108,2018-10-08
BIKR,0.7352941176470589,4,169,7,136,100,2018-09-12
BIS,0.04182531779040478,42,2234,11,17071,714,2016-08-04
BIV,0.8817204301075269,10,2300,8,930,820,2010-12-17
BIZD,0.5948081264108352,62,1518,10,1772,1054,2015-09-30
BJK,0.9193548387096774,3,2300,7,124,114,2018-12-26
BKF,0.8279569892473119,11,2300,9,558,462,2010-05-21
BLCN,0.7586206896551724,1,277,7,29,22,2019-01-02
BLHY,0.6956521739130435,2,550,8,69,48,2018-05-01
BLV,0.898989898989899,3,2300,8,297,267,2016-11-23
BMLP,0.8545994065281899,30,526,5,1685,1440,2019-02-22
BNO,0.7307692307692307,21,2197,9,546,399,2018-12-26
BOIL,0.10451977401129943,37,1856,11,7788,814,2017-12-22
BOM,0.36792452830188677,26,2300,9,636,234,2014-07-02
BOND,0.8976572133168927,7,1756,9,811,728,2015-12-01
BOS,0.7058823529411765,9,2300,7,255,180,2011-08-08
BOSS,0.1702127659574468,6,2110,8,705,120,2015-06-10
BOTZ,0.6683804627249358,13,615,7,389,260,2018-11-15
BRF,8.581534772182254,17,1954,9,834,7157,2012-06-06
BRZU,0.15217391304347827,7,1479,8,1702,259,2015-03-11
BSCJ,0.6939655172413793,23,1736,7,696,483,2013-07-25
BSCK,0.6853448275862069,53,1736,9,1624,1113,2013-07-22
BSJK,0.7032967032967034,8,1363,8,273,192,2015-09-11
BSJM,0.6894664842681258,21,1116,11,731,504,2018-06-06
BSJN,0.7058823529411765,6,836,8,221,156,2017-08-18
BTAL,0.6774193548387096,7,1873,7,217,147,2012-02-29
BUZ,0.8957133717210493,80,712,13,3126,2800,2017-10-03
BYLD,0.690978886756238,45,1217,7,1563,1080,2018-02-26
BZQ,0.15443360203648707,14,2300,12,2357,364,2014-03-26
CACG,0.7701283547257877,22,454,7,857,660,2018-11-29
CALF,0.6878306878306878,5,423,7,189,130,2018-10-08
CAPE,1.5436707761764195,70,1600,9,5759,8890,2018-12-26
CARZ,0.7213578500707214,15,1960,10,707,510,2013-09-30
CATH,0.85,1,712,7,40,34,2018-12-26
CBON,0.6760647870425914,49,1077,9,1667,1127,2016-01-19
CDC,0.819672131147541,10,1169,9,549,450,2018-10-02
CDL,0.92,1,914,7,50,46,2018-12-26
CEFL,0.4117647058823529,1,1290,7,34,14,2014-12-24
CEFS,0.6666666666666666,5,485,7,150,100,2018-04-04
CEMB,0.7940298507462686,38,1722,7,2345,1862,2018-05-17
CEZ,0.2771726535341831,46,2298,9,4315,1196,2018-10-30
CFA,0.9345794392523364,6,1169,10,321,300,2018-12-26
CFO,1.0384245917387127,23,1169,10,1041,1081,2018-12-26
CGW,1.1956521739130435,22,2300,9,644,770,2011-09-12
CHAD,0.7388059701492538,3,928,7,134,99,2018-02-08
CHAU,0.7214723926380369,28,1081,8,815,588,2017-02-28
CHGX,0.693815987933635,23,344,7,663,460,2018-05-03
CHII,0.6382978723404256,8,2300,7,188,120,2015-10-05
CHIX,0.6558245083207261,51,2287,11,1322,867,2017-08-16
CIBR,1.0144927536231885,20,915,9,552,560,2016-01-29
CID,0.7804878048780488,1,883,7,41,32,2016-07-20
CIL,0.95,27,2285,9,1080,1026,2015-03-18
CIZ,0.7111111111111111,1,1106,7,45,32,2018-02-16
CMF,0.8676470588235294,3,2300,7,204,177,2015-03-11
CN,0.8320647002854424,106,1213,14,4204,3498,2018-07-16
CNCR,0.6884779516358464,22,845,9,703,484,2017-01-13
CNXT,0.5892351274787535,8,1154,8,353,208,2016-02-16
CNY,0.8464667005592272,37,2300,11,1967,1665,2015-07-06
CNYA,0.7452062754212667,95,676,10,3442,2565,2017-03-22
COMT,0.6593406593406593,20,1095,13,1001,660,2015-01-27
COPX,0.6494464944649446,40,2227,14,1355,880,2016-06-01
CORN,0.5402597402597402,39,2192,9,1155,624,2016-09-07
CORP,0.9058614564831261,15,2120,10,1689,1530,2016-12-19
COW,1.265625,27,2300,10,1024,1296,2015-08-17
CPI,0.7835051546391752,38,2300,7,1358,1064,2013-04-08
CQQQ,0.9531163816878102,36,2287,10,1813,1728,2018-12-26
CRAK,0.7158351409978309,11,883,7,461,330,2018-07-20
CRBN,1.0511882998171846,15,1056,11,1641,1725,2018-12-26
CROC,0.936986301369863,19,1659,10,1095,1026,2017-11-03
CSA,0.8407871198568873,10,2081,10,559,470,2018-10-16
CSB,0.5244610281923715,55,2300,14,4824,2530,2018-09-14
CSD,0.9397590361445783,12,2300,11,664,624,2018-12-26
CSF,0.8322286661143331,98,2300,13,4828,4018,2018-10-15
CSM,1.4285714285714286,15,2300,8,714,1020,2018-12-26
CURE,1.217081850533808,6,1935,8,281,342,2018-12-26
CWB,0.8624390243902439,34,2300,7,2050,1768,2018-01-26
CWEB,0.49122807017543857,2,573,8,114,56,2017-12-05
CWI,0.8955223880597015,5,2300,7,201,180,2015-10-02
CWS,0.8403593642017968,38,609,8,1447,1216,2017-08-11
CZA,0.9379310344827586,22,2300,9,1595,1496,2018-12-26
DAG,0.11494252873563218,50,2300,9,870,100,2015-04-20
DALT,0.49107142857142855,11,349,8,224,110,2018-08-28
DAX,0.6020642201834863,21,1090,14,872,525,2017-12-29
DBA,0.40189125295508277,10,2300,7,423,170,2011-05-25
DBAW,0.8244274809160306,12,1278,7,393,324,2016-08-04
WOOD,1.1524822695035462,25,2300,11,1410,1625,2018-12-26
WPS,0.8038461538461539,22,2300,7,1040,836,2015-08-14
WTID,0.43342776203966005,17,535,12,353,153,2019-02-07
WTIU,0.5381165919282511,8,535,9,223,120,2018-11-09
XAR,1.3624454148471616,13,1861,8,916,1248,2018-12-26
XBI,1.174863387978142,5,2300,7,366,430,2018-12-26
XCEM,0.7587548638132295,90,874,12,3084,2340,2017-04-24
XDIV,0.8421052631578947,2,245,3,133,112,2019-02-22
XES,0.39611650485436894,17,2300,10,515,204,2018-10-30
XHB,0.8342245989304813,4,2300,7,187,156,2015-07-06
XHE,1.1967340590979783,19,2031,10,1286,1539,2018-12-26
XHS,1.0144927536231885,17,1861,10,1173,1190,2018-12-26
XITK,1.0048780487804878,4,782,9,410,412,2018-10-12
XKII,0.7435897435897436,3,290,4,117,87,2019-02-22
XLB,1.061611374407583,16,2300,12,844,896,2018-12-26
XLE,0.9138461538461539,9,2300,7,650,594,2018-12-26
XLG,1.5413173652694612,13,2300,9,1670,2574,2018-12-26
XLI,1.0193740685543964,9,2300,10,671,684,2018-12-26
XLK,1.0441176470588236,1,2300,7,68,71,2018-12-26
XLP,0.903010033444816,5,2300,8,299,270,2018-12-26
XLRE,0.8433734939759037,8,849,9,332,280,2016-05-02
XLU,1.2666666666666666,2,2300,7,90,114,2011-12-21
XLV,1.013623978201635,4,2300,9,367,372,2018-12-26
XLY,2.775,6,2300,7,240,666,2011-08-09
XME,0.7224835371589841,24,2300,10,1063,768,2015-01-27
XMLV,1.3074484944532487,33,1515,10,1262,1650,2018-12-26
XMPT,0.6432246998284734,45,1916,10,1749,1125,2017-04-11
XNTK,0.711340206185567,1,2300,7,97,69,2018-10-12
XOP,0.5880758807588076,14,2300,11,738,434,2018-12-26
XPH,0.8351851851851851,11,2300,9,540,451,2018-12-26
XPP,1.191275167785235,5,2300,9,298,355,2012-05-21
XRT,0.9080717488789237,9,2300,8,446,405,2018-12-26
XSD,2.5483870967741935,1,2300,7,31,79,2012-05-21
XSHD,0.7101086048454469,34,554,13,1197,850,2017-03-27
XSHQ,0.7466666666666667,2,470,7,75,56,2018-10-12
XSW,1.354112554112554,17,1861,9,1155,1564,2018-10-16
XT,0.9977528089887641,12,987,10,445,444,2018-01-05
XTL,1.124229979466119,30,2031,10,1948,2190,2018-12-26
XTN,1.7107438016528926,23,2031,13,847,1449,2018-12-26
XWEB,1.0171428571428571,2,668,7,175,178,2018-10-11
YANG,0.0028772310381002223,27,2300,10,422281,1215,2018-02-21
YCL,0.6048891415577032,19,2300,9,1759,1064,2014-11-25
YCS,1.1323631323631325,43,2300,10,2886,3268,2017-08-18
YINN,0.8290909090909091,19,2300,9,550,456,2014-10-08
YMLP,0.2294141745186399,28,1747,11,2441,560,2016-02-24
YXI,0.475,22,2249,8,880,418,2016-03-10
YYY,0.5454545454545454,13,1685,8,429,234,2014-02-21
ZBIO,0.25735294117647056,5,924,9,272,70,2016-08-04
ZIV,1.1148775894538607,8,2071,8,531,592,2018-12-26
ZMLP,0.4897338403041825,46,1279,10,1315,644,2019-01-18
ZROZ,0.9284037558685446,7,2300,10,852,791,2015-09-09
ZSL,0.36649214659685864,8,2300,8,764,280,2016-07-28
DBC,0.460431654676259,4,2300,7,139,64,2010-11-23
DBEF,0.9021164021164021,22,1939,9,756,682,2018-11-06
DBEM,0.7175697865353038,19,1939,8,609,437,2015-04-07
DBGR,0.7352941176470589,1,1939,7,34,25,2014-02-04
DBKO,0.9032258064516129,11,1278,7,341,308,2015-09-10
DBLV,0.9701492537313433,2,188,7,134,130,2018-12-26
DBP,0.7956989247311828,4,2300,7,186,148,2017-01-19
DBS,0.6700167504187605,50,2300,11,1791,1200,2015-07-22
DBUK,0.6139742319127849,59,1358,8,2018,1239,2016-12-07
DDEZ,0.6846275752773375,108,768,7,4417,3024,2018-09-10
DDG,0.6333333333333333,19,2300,8,720,456,2014-10-01
DDM,1.0217391304347827,4,2300,10,184,188,2018-12-26
DDP,0.9819879919946631,32,2300,9,1499,1472,2014-12-10
DEF,0.930379746835443,3,2300,8,158,147,2018-12-26
DEM,0.6835922697991663,41,2300,10,2639,1804,2014-02-11
DES,0.8656716417910447,2,2300,8,67,58,2018-12-26
DEUS,0.868421052631579,13,799,8,494,429,2018-12-26
DEW,0.9057665260196905,28,2300,8,1422,1288,2016-06-30
DFE,0.8529411764705882,1,2300,7,68,58,2018-10-19
DFEN,1.0337837837837838,6,455,8,296,306,2018-12-26
DGAZ,0.0902473545865067,13,1771,11,14837,1339,2018-12-04
DGL,0.7602649006622516,14,2300,8,755,574,2014-06-12
DGLD,0.5568181818181818,7,1849,10,528,294,2016-02-09
DGP,0.7375886524822695,12,2300,7,423,312,2016-06-14
DGRO,1.0,2,1183,8,74,74,2014-12-02
DGS,0.7580645161290323,2,2300,7,124,94,2011-02-01
DGT,0.9405099150141643,12,2300,12,1059,996,2018-12-26
DHS,1.323017408123791,19,2300,9,1034,1368,2018-12-26
DIA,1.6022408963585435,11,2300,10,1785,2860,2018-12-26
DIAL,1.1570247933884297,7,1334,9,121,140,2010-07-21
DIG,0.7045009784735812,24,2300,10,1022,720,2018-12-26
DIM,1.027979274611399,16,2300,8,965,992,2015-10-02
DINT,0.6801007556675063,15,245,7,397,270,2018-11-01
DIVA,0.7058823529411765,3,1020,5,102,72,2019-02-22
DJCI,0.375,2,2300,7,80,30,2011-05-18
DJP,0.696969696969697,8,2300,7,264,184,2017-03-31
DLBS,0.4090909090909091,5,2149,8,220,90,2011-12-21
DLN,1.3968379446640315,19,2300,10,1265,1767,2018-12-26
DLS,0.9354330708661417,36,2300,9,2540,2376,2017-10-10
DMRI,0.7779578606158833,10,392,8,617,480,2018-06-28
DMRL,0.841726618705036,26,392,11,1668,1404,2018-12-26
DMRM,0.7819548872180451,2,392,7,133,104,2018-09-12
DMRS,0.8670829616413916,18,392,7,1121,972,2019-02-08
DNL,0.9425403225806451,17,2300,8,992,935,2018-10-09
DOG,0.44313603966532383,26,2300,11,3227,1430,2016-12-27
DOL,0.8235807860262009,41,2300,10,2290,1886,2015-10-15
DON,1.1748251748251748,42,2300,8,1287,1512,2018-12-26
DPK,0.0865654862282181,11,2300,12,1779,154,2014-02-19
DPST,0.9307479224376731,12,883,12,722,672,2018-12-20
DRIP,0.297029702970297,6,939,8,202,60,2017-09-28
DRN,1.2,6,2300,7,120,144,2018-12-26
DRR,0.9348281016442451,53,2300,12,3345,3127,2016-04-13
DRV,0.02195069204152249,29,2300,12,9248,203,2015-11-04
DSI,1.0970464135021096,5,2300,9,474,520,2018-12-26
DSLV,0.5513866231647635,13,1849,9,613,338,2014-07-15
DSTL,0.8125,2,82,7,64,52,2018-12-26
DTD,1.0722433460076046,9,2300,10,789,846,2018-12-26
DTN,1.1172901921132457,13,2300,10,989,1105,2018-12-26
DTO,0.6286149162861492,7,2300,8,657,413,2018-01-25
DTYL,1.3628318584070795,2,2149,8,113,154,2010-12-13
DTYS,0.49709302325581395,9,2149,9,344,171,2013-05-03
DUG,0.6061814556331007,16,2300,10,1003,608,2018-01-16
DUSL,0.8366013071895425,4,455,7,153,128,2018-12-26
DUST,0.08015430775825118,11,2065,9,2333,187,2018-07-09
DVP,0.8,4,1112,7,165,132,2018-12-26
DVY,1.0503978779840848,4,2300,9,377,396,2018-12-26
DVYA,0.6617647058823529,2,1760,7,136,90,2014-06-18
DVYE,0.7160678642714571,35,1760,10,2004,1435,2017-12-07
DVYL,1.0381679389312977,4,1698,9,262,272,2018-12-26
DWAQ,1.0030959752321982,9,2300,9,969,972,2018-12-26
DWAS,0.8611632270168855,9,1659,7,533,459,2018-01-12
DWIN,0.68359375,7,743,10,256,175,2016-05-16
DWM,0.9254218835057159,34,2300,8,1837,1700,2012-12-11
DWMC,0.6666666666666666,11,156,9,363,242,2018-10-16
DWPP,0.7894736842105263,3,537,7,114,90,2018-11-01
DWSH,0.6605504587155964,3,156,8,109,72,2019-01-23
DWT,0.40875912408759124,14,553,8,274,112,2019-02-07
DWTR,0.8285714285714286,3,848,7,105,87,2015-11-18
DWX,0.6561151079136691,12,2300,8,695,456,2015-07-28
DXD,0.18489907799651134,53,2300,10,8026,1484,2019-02-21
DXJ,0.9026548672566371,6,2300,8,339,306,2018-03-28
DYLS,0.782608695652174,3,790,8,115,90,2018-12-26
DZK,1.0099857346647647,12,2300,9,701,708,2018-12-26
EBND,0.683282208588957,33,2012,8,1304,891,2013-09-10
ECH,0.7474006116207951,26,2300,10,1635,1222,2018-10-31
ECNS,0.7602574416733708,21,2114,11,1243,945,2018-07-26
EDC,0.9318181818181818,4,2300,8,352,328,2018-12-26
EDEN,1.5443037974683544,4,1780,7,158,244,2012-04-24
EDIV,0.7521367521367521,22,2012,9,936,704,2015-09-14
EDOG,0.6191607284243864,68,1235,16,2526,1564,2016-05-10
EDV,1.049079754601227,3,2300,8,326,342,2013-09-17
EDZ,0.039660482235409,12,2300,9,13313,528,2018-02-21
EEB,1.135135135135135,7,2300,9,222,252,2016-02-03
EEH,0.814663951120163,40,2300,8,982,800,2015-02-20
EELV,0.7720815318097591,50,1788,8,1619,1250,2016-08-11
EEM,0.8874296435272045,11,2300,8,533,473,2018-05-30
EEMA,0.9246924692469247,46,1770,11,3333,3082,2018-07-25
EEMO,0.6672340425531915,98,1760,7,2350,1568,2016-06-06
EEMS,0.76171875,52,1890,20,3072,2340,2013-04-09
EEMV,0.9049079754601227,5,1846,7,326,295,2014-12-17
EES,0.9212121212121213,4,2300,9,165,152,2018-12-26
EET,0.8176795580110497,2,2300,7,181,148,2010-05-12
EEV,0.5047210300429185,14,2300,10,1165,588,2019-01-29
EFA,0.8780487804878049,9,2300,8,656,576,2018-12-26
EFAV,1.0,6,1846,8,426,426,2016-01-22
EFAX,0.9519230769230769,3,578,8,208,198,2018-12-26
EFFE,0.6944444444444444,119,1090,9,4284,2975,2019-01-22
EFG,1.256198347107438,6,2300,8,363,456,2011-08-09
EFNL,0.967741935483871,10,1780,9,403,390,2015-10-02
EFO,0.7915869980879541,23,2300,10,1046,828,2014-02-14
EFU,0.28623289583915107,41,2300,12,3581,1025,2013-10-03
EFV,0.875,6,2300,7,336,294,2016-01-14
EFZ,0.608793686583991,20,2300,8,887,540,2017-02-28
EGPT,0.5177664974619289,63,2269,13,4137,2142,2018-05-16
EIDO,0.7266530334014997,41,2214,8,1467,1066,2015-02-03
EIRL,1.4137931034482758,1,2212,7,29,41,2010-07-07
EIS,0.9574468085106383,27,2300,11,1551,1485,2018-12-26
ELD,0.5964912280701754,1,2150,7,57,34,2011-09-23
EMB,0.8758217677136596,66,2300,10,8214,7194,2015-07-16
EMBH,0.6965026674570243,47,898,8,1687,1175,2018-06-22
EMCB,0.8026500191107148,90,1751,13,7849,6300,2018-08-21
EMCG,0.6697892271662763,26,1360,7,854,572,2017-05-15
EMDV,0.8943022295623452,19,774,10,1211,1083,2017-08-18
EMFM,0.5827937095282146,30,1331,10,1081,630,2014-10-16
EMGF,0.900523560209424,28,799,9,1337,1204,2017-02-10
EMHY,0.7634079068342017,53,1733,10,3263,2491,2014-12-17
EMIF,0.7754442649434572,16,2300,8,619,480,2016-11-22
EMLC,0.6623376623376623,3,2161,7,154,102,2014-12-17
EMQQ,0.96875,1,1073,7,32,31,2015-07-08
EMTL,0.8356313497822931,47,712,7,2756,2303,2019-02-22
EMTY,0.7876447876447876,18,318,10,777,612,2018-01-23
ENFR,0.7,35,1335,12,1050,735,2018-12-26
ENOR,0.6493506493506493,2,1782,7,77,50,2013-04-22
EPHE,0.7555555555555555,1,2114,7,45,34,2014-04-29
EPOL,0.7076923076923077,2,2201,7,65,46,2011-10-04
EPP,0.9405204460966543,11,2300,8,538,506,2011-12-23
EPRF,0.6946308724832215,9,692,8,298,207,2018-03-09
EPS,0.96,9,2300,7,300,288,2015-01-27
EPU,0.8972099853157122,47,2300,10,2043,1833,2018-08-24
EPV,0.42027946972411323,69,2300,12,5582,2346,2017-05-30
EQL,1.2566371681415929,24,2300,8,1356,1704,2018-12-26
EQRR,0.7962962962962963,1,398,7,54,43,2018-02-09
EQWL,0.8773006134969326,26,2300,8,1630,1430,2018-11-28
EQWM,1.0125234815278648,33,2300,9,1597,1617,2015-09-02
ERUS,0.6738232865400495,24,2084,9,1211,816,2014-10-08
ERX,0.38528896672504376,10,2300,9,571,220,2018-12-26
ERY,0.03166486380175042,23,2300,12,30507,966,2019-02-07
ESGU,0.9494163424124513,4,556,9,257,244,2018-12-26
ESGV,0.8712871287128713,11,106,11,606,528,2018-12-26
ESML,0.8709677419354839,1,195,7,31,27,2018-12-26
ETHO,0.8589285714285714,13,819,11,560,481,2018-12-26
EUFL,0.5790309769658459,27,622,11,1259,729,2018-07-13
EUFN,0.5583941605839416,34,2279,12,1096,612,2014-02-06
EUFX,0.9552353506243996,113,1662,7,5205,4972,2014-03-03
EUM,0.5632823365785814,225,2300,11,7190,4050,2017-10-17
EUO,0.8551307847082495,34,2300,8,994,850,2017-09-01
EURL,0.5909090909090909,1,1281,7,44,26,2018-04-03
EUSA,1.176360225140713,22,2214,11,1066,1254,2018-12-26
EUSC,0.8127608825283243,47,1001,11,1677,1363,2018-11-21
EUXL,0.4413793103448276,24,412,8,870,384,2018-05-04
EVX,1.3057692307692308,7,1693,9,520,679,2018-12-26
EWA,0.7094594594594594,15,2300,8,444,315,2018-12-26
EWC,0.7659574468085106,9,2300,7,329,252,2018-03-05
EWEM,0.6652806652806653,30,2065,16,1443,960,2018-04-03
EWG,0.6570796460176991,22,2300,8,904,594,2014-05-07
EWH,0.7703703703703704,4,2300,7,135,104,2017-11-20
EWI,0.7971428571428572,31,2300,8,1050,837,2016-02-04
EWK,0.6532258064516129,9,2300,7,248,162,2018-11-26
EWM,0.5254237288135594,6,2300,8,354,186,2013-08-28
EWMC,1.0819672131147542,3,2065,8,183,198,2016-11-08
EWO,0.5633802816901409,2,2300,7,71,40,2018-04-17
EWP,0.5870445344129555,20,2300,7,988,580,2018-12-26
EWQ,0.9666666666666667,1,2300,7,30,29,2011-08-11
EWSC,1.2488262910798122,14,2065,9,639,798,2018-12-26
EWT,0.8717948717948718,2,2300,7,78,68,2019-01-04
EWU,0.7066246056782335,7,2300,7,317,224,2013-01-10
EWV,0.2895656515227159,60,2300,12,6009,1740,2016-08-08
EWW,0.645933014354067,3,2300,8,209,135,2014-12-16
EWX,0.80253766851705,23,2300,10,1261,1012,2015-08-27
EWY,0.7529411764705882,1,2300,7,85,64,2018-04-03
EWZ,0.731408573928259,19,2300,9,1143,836,2013-06-26
EWZS,0.460431654676259,4,2114,7,139,64,2013-06-06
EXI,1.1710526315789473,14,2300,10,1064,1246,2018-12-26
EXT,0.8495575221238938,3,2300,8,113,96,2018-12-26
EZA,0.7858627858627859,14,2300,10,962,756,2018-06-29
EZM,0.8666666666666667,13,2300,9,615,533,2018-12-26
EZU,0.8050847457627118,40,2300,8,1888,1520,2014-10-08
FAAR,0.6866118175018698,34,693,8,1337,918,2018-02-14
FAB,0.873015873015873,1,2300,7,63,55,2018-11-15
FAD,1.126984126984127,3,2300,7,189,213,2018-12-26
FAS,0.9780077619663649,12,2300,11,773,756,2018-12-26
FAUS,0.7642526964560863,16,1762,10,649,496,2013-09-18
FAZ,0.12278928751894896,27,2300,10,1979,243,2016-12-12
FBGX,1.5,6,1184,9,960,1440,2018-03-26
FBND,0.8124006359300477,73,1100,10,4403,3577,2015-02-13
FBT,1.1352313167259787,11,2300,10,1405,1595,2018-12-26
FBZ,0.6956521739130435,1,1974,7,23,16,2018-05-30
FCA,0.7671665351223362,36,1972,10,1267,972,2018-12-26
FCAN,0.5433526011560693,47,1764,9,2076,1128,2015-03-16
FCG,0.26473859844271413,14,2300,9,899,238,2018-11-21
FDD,0.5909090909090909,2,2300,7,44,26,2011-08-11
FDHY,0.8458646616541353,45,174,14,2660,2250,2018-12-28
FDIV,0.8287292817679558,9,1139,7,543,450,2017-02-02
FDL,1.2,1,2300,7,25,30,2010-10-20
FDM,0.8463476070528967,7,2300,8,397,336,2018-12-26
FDN,1.1610169491525424,1,2300,7,118,137,2018-12-26
FDRR,0.8495575221238938,3,613,8,113,96,2018-12-26
FDT,1.0628019323671498,4,1974,8,207,220,2011-08-11
FDVV,0.8333333333333334,17,613,7,612,510,2017-02-03
FEM,0.7487706750111757,67,1974,11,2237,1675,2017-05-19
FEMB,0.7497403946002077,19,1081,9,963,722,2018-07-12
FEMS,0.9155313351498637,28,1764,8,1101,1008,2016-12-07
FENY,0.6067415730337079,15,1341,9,445,270,2015-08-10
FEP,0.677536231884058,11,1970,8,552,374,2018-05-08
FEU,0.7686148919135308,30,2300,8,1249,960,2015-10-15
FEUZ,0.9304123711340206,19,1088,8,776,722,2018-07-30
FEX,0.994475138121547,3,2300,9,181,180,2018-12-26
FEZ,0.8780487804878049,2,2300,7,82,72,2011-12-09
FFEU,1.1168831168831168,1,229,7,77,86,2018-12-26
FFR,1.146341463414634,3,2300,8,123,141,2011-03-11
FFTY,0.7764705882352941,2,976,7,85,66,2018-10-23
FHK,0.7367256637168141,9,1760,9,452,333,2015-07-09
FHLC,1.1363636363636365,65,1341,15,2574,2925,2018-12-26
FID,0.0018824050492747203,1,876,7,9031,17,2015-12-30
FIDU,0.826271186440678,10,1341,9,472,390,2018-10-25
FIEE,1.1196911196911197,2,759,8,259,290,2018-12-26
FIEG,1.3125,2,1353,7,256,336,2015-07-06
FIHD,1.0819366852886405,7,755,11,1074,1162,2018-12-26
FILL,0.631640625,154,1775,20,5120,3234,2015-07-28
FINU,1.6506935687263555,17,1662,9,793,1309,2018-12-26
FINX,0.7751196172248804,6,615,8,209,162,2018-11-01
FINZ,0.16183412002697237,30,1662,11,1483,240,2016-09-19
FIVA,0.6547619047619048,5,271,9,168,110,2018-04-04
FIW,1.328735632183908,34,2300,11,1305,1734,2018-12-26
FIYY,1.094890510948905,3,229,9,274,300,2018-12-24
FJP,0.9340659340659341,17,1970,9,910,850,2014-05-19
FKU,0.7644628099173554,5,1759,7,242,185,2018-09-28
FLAG,0.82,11,1526,11,550,451,2018-04-03
FLDR,0.8333333333333334,40,172,0,2400,2000,2019-02-22
FLGE,0.8936959208899876,3,1184,8,809,723,2018-10-16
FLIN,0.6988352745424293,20,261,7,601,420,2018-11-01
FLM,0.9444444444444444,3,2300,7,162,153,2018-12-26
FLN,0.60431654676259,4,1973,7,139,84,2011-12-20
FLQE,0.7317073170731707,4,682,7,164,120,2017-07-26
FLQH,0.6923076923076923,75,685,9,2600,1800,2018-04-10
FLQL,0.8532110091743119,3,418,7,109,93,2018-12-26
FLQS,0.8252032520325203,7,418,9,246,203,2018-12-26
FLTB,0.8333333333333334,1,1100,7,60,50,2017-06-28
FM,0.6578449905482041,12,1620,9,529,348,2014-05-02
FMAT,0.8808732795443759,58,1341,13,2107,1856,2018-12-26
FMB,0.8384970336189849,48,1202,15,3034,2544,2018-02-20
FMF,0.7583508877520313,56,1399,8,3323,2520,2014-09-26
FNDA,0.9285714285714286,3,1390,9,126,117,2018-12-26
FNDB,0.9806451612903225,16,1390,9,620,608,2015-10-02
FNDC,0.8129370629370629,45,1390,13,1716,1395,2014-10-03
FNDE,0.7250996015936255,13,1390,10,502,364,2018-02-14
FNDF,0.7027506654835848,88,1390,12,3381,2376,2018-11-15
FNDX,0.95,1,1390,7,40,38,2014-12-29
FNGD,0.6127450980392157,5,273,8,204,125,2019-01-22
FNGU,0.957983193277311,3,273,7,119,114,2018-12-26
FNI,0.84491587417703,33,2300,9,1367,1155,2018-12-26
FNK,1.1196172248803828,39,1973,10,1254,1404,2018-12-26
FNX,1.0561224489795917,3,2300,9,196,207,2018-12-26
FNY,0.9948586118251928,18,1973,8,778,774,2018-12-26
FPA,0.8211920529801324,24,1973,8,906,744,2018-11-28
FPE,0.6421009771986971,83,1518,10,2456,1577,2014-12-16
FPX,1.0434782608695652,3,2300,8,207,216,2018-12-26
FPXI,0.7083333333333334,1,1077,7,48,34,2018-01-17
FRAK,0.34210526315789475,1,1766,7,38,13,2013-11-08
FREL,0.8308270676691729,17,1019,11,532,442,2015-09-16
FRLG,1.1428571428571428,5,225,10,455,520,2018-12-26
FRN,0.5454545454545454,3,2300,7,77,42,2015-11-18
FTA,1.0985915492957747,3,2300,8,142,156,2018-12-26
FTAG,0.28433734939759037,59,2240,18,4980,1416,2015-07-14
FTC,1.1,5,2300,8,300,330,2018-12-26
FTGC,0.4351145038167939,18,1342,8,786,342,2014-07-14
FTHI,0.7218259629101283,23,1291,7,701,506,2015-07-10
FTRI,0.3187855787476281,70,2240,13,2635,840,2015-08-04
FTSD,0.9047619047619048,2,1333,7,210,190,2018-03-01
FTVA,0.7584269662921348,5,2056,8,178,135,2018-12-26
FTXL,0.8044692737430168,9,609,9,358,288,2018-10-09
FUD,0.46041666666666664,13,2300,8,480,221,2014-06-06
FUE,0.3088235294117647,3,2300,8,68,21,2011-09-09
FVL,0.65625,4,2300,7,128,84,2018-10-16
FWDD,1.0392156862745099,5,1923,8,255,265,2015-01-21
FXA,0.8192307692307692,9,2300,7,780,639,2016-11-08
FXB,0.7455658256307769,47,2300,10,8006,5969,2016-07-12
FXCH,0.9057071960297767,5,1858,8,403,365,2016-12-21
FXD,1.05,7,2300,7,280,294,2018-12-26
FXE,0.7720090293453724,19,2300,10,2658,2052,2016-05-11
FXG,1.2731481481481481,55,2300,10,1944,2475,2018-12-26
FXH,1.013157894736842,4,2300,10,304,308,2018-12-26
FXI,0.8213333333333334,7,2300,7,375,308,2018-07-31
FXL,1.0031347962382444,5,2300,8,319,320,2018-12-26
FXN,0.5652173913043478,2,2300,7,46,26,2017-06-01
FXO,0.8611111111111112,1,2300,7,36,31,2018-12-26
FXP,0.246988870254612,27,2300,12,6559,1620,2019-01-22
FXR,0.9411764705882353,2,2300,8,85,80,2018-12-26
FXS,0.5988023952095808,2,2300,8,334,200,2011-03-07
FXU,1.1153846153846154,4,2300,8,104,116,2011-08-11
FXY,0.7049180327868853,2,2300,7,244,172,2013-01-08
FYC,1.1576354679802956,5,1973,7,203,235,2016-11-09
FYT,0.9151943462897526,7,1973,8,283,259,2018-12-26
FYX,0.9302325581395349,10,2300,10,688,640,2018-12-26
GAA,0.7111299915038233,31,1057,9,1177,837,2018-02-06
GAL,0.8638132295719845,6,1717,7,257,222,2016-01-05
GASL,0.003799346987236569,16,2168,11,33690,128,2018-12-26
GASX,1.1481481481481481,1,810,7,27,31,2018-10-10
GAZ,3.4089138900908695,202,2300,9,2311,7878,2019-01-14
GBF,0.9423948220064725,26,2300,14,3090,2912,2010-12-16
GCE,0.5072463768115942,5,2300,10,138,70,2011-02-01
GDX,0.6272727272727273,3,2300,8,110,69,2016-09-01
GDXJ,0.5186440677966102,9,2300,8,590,306,2018-11-14
GDXS,0.11650485436893204,2,1013,7,206,24,2016-02-02
GDXX,0.8043478260869565,6,987,9,276,222,2018-08-17
GENY,0.805111821086262,14,630,10,626,504,2018-11-07
GEX,0.9225225225225225,24,2300,10,1665,1536,2018-12-26
GHII,0.7222222222222222,1,989,7,36,26,2016-09-21
GHYG,0.7876160990712074,53,1730,15,3230,2544,2014-05-29
GIGB,0.8558951965065502,72,410,9,4122,3528,2019-01-31
GII,0.9404388714733543,6,2300,7,319,300,2015-10-05
GLD,1.017094017094017,17,2300,10,2106,2142,2018-06-29
GLDW,0.9330484330484331,15,518,5,2106,1965,2019-02-22
GLL,0.7505518763796909,5,2300,7,453,340,2018-01-17
GLTR,0.8472400513478819,10,2097,11,779,660,2015-03-18
GMF,1.1428571428571428,12,2300,9,1008,1152,2016-01-14
GMOM,0.7142857142857143,8,1082,7,280,200,2015-03-18
GNMA,0.8175259281527131,111,1763,9,6653,5439,2013-06-05
GNR,0.8141592920353983,2,2125,7,113,92,2011-10-04
GOEX,0.33487756452680345,22,2088,12,1511,506,2014-05-29
GOVT,0.7142857142857143,7,1760,7,245,175,2015-10-14
GREK,0.31088082901554404,30,1812,10,772,240,2013-04-09
GRI,1.0,2,2300,7,92,92,2011-02-01
GRID,0.9707241910631741,14,2300,7,649,630,2014-04-28
GRU,0.1791044776119403,4,2300,7,67,12,2014-03-31
GSC,0.6802721088435374,25,2300,8,882,600,2018-08-13
GSEW,0.9473684210526315,2,361,8,95,90,2018-12-26
GSG,0.5217391304347826,9,2300,9,276,144,2017-03-15
GSIE,0.8125922282341368,59,826,12,2033,1652,2016-12-09
GSLC,0.9289099526066351,7,862,11,422,392,2018-12-26
GSP,0.5645161290322581,63,2300,10,1674,945,2017-07-28
GSSC,0.8970099667774086,6,412,9,301,270,2018-12-26
GULF,0.6986899563318777,8,2300,8,229,160,2014-01-13
GUNR,0.7568807339449541,5,1866,7,218,165,2011-12-09
GUSH,0.09060955518945635,15,941,10,1821,165,2018-12-26
GVAL,0.7419354838709677,1,1247,7,31,23,2014-10-30
GVIP,0.8995983935742972,4,572,7,249,224,2018-03-29
GXC,1.1136363636363635,1,2300,7,88,98,2015-07-09
GYLD,0.5201288244766505,38,1709,11,1242,646,2016-01-22
HAP,0.8780487804878049,4,2300,8,164,144,2011-10-04
HDGE,0.21140939597315436,18,2031,7,596,126,2011-08-01
HDV,1.3142857142857143,15,1987,10,1050,1380,2018-12-26
HECO,1.091254752851711,35,1679,8,1315,1435,2013-02-19
HEDJ,0.8599167822468793,20,2291,7,1442,1240,2017-09-14
HEEM,0.6832797427652733,17,1110,10,622,425,2018-01-05
HEWJ,0.8256658595641646,22,1271,9,826,682,2015-02-13
HEZU,0.725,14,1132,7,560,406,2018-04-26
HFXI,0.7175226586102719,95,876,11,2648,1900,2017-01-18
HFXJ,0.6676238334529792,93,904,7,2786,1860,2017-09-12
HIPS,0.6168776371308017,43,1037,7,1185,731,2017-11-08
HNDL,0.6877714667557634,179,271,0,5986,4117,2019-02-22
HOML,0.9090909090909091,5,997,8,198,180,2015-07-07
HSPX,0.8082010582010583,13,1427,9,756,611,2018-12-26
HUSE,0.8015267175572519,3,1648,9,131,105,2013-11-08
HUSV,0.7706422018348624,70,627,16,2180,1680,2017-05-22
HYD,0.8443579766536965,7,2300,9,514,434,2016-11-25
HYEM,0.71875,20,1705,7,640,460,2018-09-19
HYGH,0.8322857580867699,61,1193,17,6523,5429,2015-07-09
HYHG,0.7778015856010285,110,1448,13,9334,7260,2015-08-24
HYMB,0.8648648648648649,24,1977,9,1554,1344,2016-07-27
HYND,0.6487935656836461,121,1303,10,3730,2420,2018-11-08
HYUP,0.010582855451877234,301,1989,12,1365227,14448,2016-09-19
HYXU,0.8091149273447821,25,1733,9,1514,1225,2013-11-15
IAI,1.1753554502369667,4,2300,7,211,248,2017-09-12
IAK,0.9548022598870056,13,2300,11,885,845,2018-01-05
IAT,1.2549019607843137,36,2300,8,1377,1728,2018-12-26
IBB,1.1155778894472361,10,2300,8,995,1110,2018-12-26
IBCD,0.6994535519125683,16,1472,3,549,384,2019-02-22
IBD,0.7293354943273906,36,412,12,1234,900,2019-01-03
IBND,0.7738352360382598,76,2205,15,3241,2508,2011-12-29
IBUY,1.1391847227322807,66,716,15,2723,3102,2018-10-12
ICAN,0.7262969588550984,14,465,8,559,406,2018-10-02
ICF,1.1868131868131868,1,2300,7,91,108,2013-06-06
ICLN,0.4997807978956598,114,2300,9,2281,1140,2017-06-16
ICOL,0.3700084961767205,67,1429,11,2354,871,2019-01-29
ICVT,1.0022296544035674,31,937,8,1794,1798,2018-04-04
IDEV,0.7883211678832117,2,481,8,137,108,2018-02-06
IDHD,0.7706422018348624,24,554,10,872,672,2018-12-27
IDHQ,0.9663865546218487,5,2300,7,119,115,2010-05-25
IDIV,0.5201238390092879,28,257,9,646,336,2018-11-15
IDLV,0.7804878048780488,1,1787,7,41,32,2014-10-08
IDU,1.5685096153846154,27,2300,13,2496,3915,2016-10-10
IDV,0.8051948051948052,2,2300,7,77,62,2010-05-10
IDX,0.7015663643858203,74,2300,11,2426,1702,2015-10-08
IEHS,0.7498321020819342,77,231,15,2978,2233,2018-11-16
IEMG,1.1050767414403777,18,1591,10,847,936,2016-02-03
IEO,0.9640522875816994,10,2300,12,612,590,2018-12-26
IETC,0.7074829931972789,4,231,7,147,104,2018-06-19
IEUS,0.9363295880149812,30,2300,15,1602,1500,2016-01-14
IEZ,0.6568778979907264,17,2300,10,647,425,2019-01-02
IFEU,0.7731343283582089,28,2300,11,1340,1036,2014-08-08
IFLY,0.7954545454545454,1,745,7,44,35,2018-05-02
IFV,0.6665303618891842,163,1826,15,4891,3260,2018-08-20
IGE,0.6433962264150943,22,2300,10,1060,682,2016-01-14
IGF,0.9728363866077069,35,2300,8,1583,1540,2011-01-27
IGHG,0.8686362437351622,89,1327,11,7582,6586,2017-05-02
IGIH,0.6634615384615384,21,1001,9,728,483,2018-02-13
IGM,1.3533834586466165,10,2300,10,1463,1980,2018-10-16
IGN,1.3112313937753721,17,2300,9,739,969,2015-10-15
IGOV,0.8421606453875833,49,2300,11,2851,2401,2015-03-18
IGRO,0.9013657056145675,11,695,8,659,594,2018-04-04
IGV,1.1431742508324085,5,2300,9,901,1030,2018-12-26
IHE,1.4559386973180077,25,2300,12,2610,3800,2018-12-26
IHF,1.7613089509143407,10,2300,10,1039,1830,2018-12-26
IHI,1.1651993785603314,10,2300,10,1931,2250,2018-12-26
IJH,1.0714781401804303,8,2300,11,1441,1544,2018-12-26
IJJ,1.431219512195122,9,2300,11,1025,1467,2018-12-26
IJK,1.1619718309859155,9,2300,11,1704,1980,2018-12-26
IJR,1.1213355048859934,17,2300,10,1228,1377,2018-12-26
IJS,1.4893973214285714,17,2300,11,1792,2669,2018-12-26
IJT,1.6145833333333333,15,2300,10,1728,2790,2018-12-26
ILF,0.7387862796833773,8,2300,9,379,280,2013-08-08
ILTB,0.8670520231213873,60,2300,10,4152,3600,2016-11-28
IMLP,0.5014749262536873,10,1544,9,339,170,2015-12-09
IMTB,0.8189415041782729,18,576,12,1077,882,2017-12-22
IMTM,0.7817500851208716,82,1026,10,2937,2296,2016-11-23
INCO,0.7856532877882152,46,1896,8,2342,1840,2018-09-18
INDA,0.8571428571428571,18,1774,9,672,576,2018-04-26
INDL,0.7553956834532374,7,2254,8,556,420,2015-06-10
INDY,0.9043329043329044,62,2300,11,2331,2108,2015-01-07
INXX,0.47050147492625366,58,2148,10,1356,638,2018-07-03
IOO,1.0553306342780027,17,2300,9,741,782,2016-02-11
IPAC,0.9365325077399381,11,1183,8,646,605,2015-01-16
IPAY,1.1849710982658959,25,880,13,865,1025,2018-12-26
MRRL,0.5384615384615384,33,848,12,858,462,2018-02-06
MTUM,0.946236559139785,4,1473,8,465,440,2018-12-26
MUB,0.9141274238227147,3,2300,8,361,330,2012-12-19
MUNI,0.8457446808510638,3,2300,7,188,159,2014-10-01
MVV,1.0636792452830188,11,2300,8,424,451,2018-12-26
MXI,0.9726443768996961,15,2300,12,987,960,2015-07-28
MYY,0.4062992125984252,36,2300,11,3810,1548,2019-01-22
MZZ,0.09228571428571429,19,2300,13,3500,323,2013-03-21
NAIL,1.0762331838565022,18,859,8,669,720,2018-10-02
NFO,1.0,1,2300,7,64,64,2018-12-26
NGE,0.46430713857228556,129,1484,17,5001,2322,2017-05-10
NLR,0.7724510465901417,22,2300,11,1481,1144,2018-12-31
NOBL,1.1846376811594204,61,1351,13,3450,4087,2015-07-29
NORW,0.5803571428571429,20,2084,9,448,260,2012-06-27
NUGT,0.0071994965387035875,13,2065,9,39725,286,2018-02-12
NULG,0.7606263982102909,10,544,9,447,340,2018-10-25
NULV,0.8130841121495327,3,533,7,107,87,2018-12-27
NUMG,0.7826202498006909,95,546,14,3763,2945,2018-03-21
NUMV,0.7567567567567568,1,546,7,37,28,2018-02-06
NUSC,0.7559958289885297,25,548,10,959,725,2018-12-26
OEF,1.1603773584905661,8,2300,10,848,984,2018-12-26
OEUR,0.7346938775510204,9,884,8,294,216,2018-12-26
OIH,0.3746556473829201,8,2300,8,363,136,2014-12-17
OIL,1.0798668885191347,11,2300,11,601,649,2018-11-19
OILD,0.5046728971962616,9,528,10,428,216,2018-02-27
OILU,0.5753424657534246,7,528,10,292,168,2018-11-19
OLEM,0.37305699481865284,4,1972,7,193,72,2013-06-04
ONEO,1.0236966824644549,3,810,9,211,216,2018-12-26
ONEQ,1.3703769876719671,26,2300,10,5597,7670,2018-12-26
ONEV,1.027027027027027,1,810,7,74,76,2018-12-26
PALL,2.0285714285714285,15,2292,11,1050,2130,2016-10-21
PAVE,0.6040992448759439,35,494,9,927,560,2018-01-11
PBDM,0.736318407960199,37,355,5,1206,888,2019-02-22
PBE,0.9873417721518988,3,2300,7,158,156,2018-12-26
PBJ,1.1379310344827587,1,2300,7,29,33,2011-06-20
PBS,1.375,7,2300,7,168,231,2011-06-21
PBW,0.7165876777251184,27,2300,10,1055,756,2015-08-05
PDBC,0.5704381586245147,121,1079,18,3606,2057,2015-08-31
PEK,0.8260869565217391,13,2103,8,598,494,2018-12-27
PEZ,1.0158311345646438,21,2300,10,1137,1155,2015-01-16
PFFA,0.713678844519966,35,194,10,1177,840,2019-01-03
PFFD,0.7384615384615385,14,362,8,455,336,2019-01-02
PFI,1.0714285714285714,10,2300,7,308,330,2015-10-02
PFIG,0.7108183079056866,123,1871,9,4326,3075,2017-04-11
PFXF,0.6415094339622641,34,1659,10,1007,646,2016-12-23
PGHY,0.6790420679168778,466,1428,15,15784,10718,2018-06-08
PGJ,0.8952879581151832,9,2300,8,382,342,2017-10-31
PHO,1.2941176470588236,4,2300,8,102,132,2011-08-23
PICB,0.715,11,2196,11,400,286,2011-10-10
PICK,0.8543307086614174,70,1775,16,2540,2170,2015-09-16
PIE,0.6200607902735562,12,2300,7,329,204,2011-09-06
PILL,0.8771929824561403,2,680,8,57,50,2018-12-26
PIN,0.7937007874015748,21,2300,10,635,504,2011-09-07
PIO,0.8387096774193549,1,2300,7,31,26,2017-02-03
PIZ,0.7365684575389948,17,2300,9,577,425,2018-12-26
PJP,0.9428571428571428,4,2300,10,280,264,2018-12-26
PKB,0.9105691056910569,4,2300,7,123,112,2016-01-20
PKW,1.041388518024032,26,2300,10,1498,1560,2016-01-26
PLTM,3.045,29,1706,9,800,2436,2012-06-08
PMR,0.8980582524271845,10,2300,8,412,370,2014-02-13
PNQI,1.4395604395604396,5,2300,7,455,655,2018-12-26
PPA,1.0526315789473684,6,2300,9,342,360,2018-12-26
PPH,0.9417040358744395,14,2300,11,892,840,2018-12-26
PPLC,0.9101796407185628,4,1037,9,167,152,2018-12-26
PPLN,0.5815789473684211,26,355,9,760,442,2017-12-11
PPLT,0.591715976331361,10,2296,9,1352,800,2015-03-18
PRB,0.7352941176470589,6,2300,7,204,150,2019-01-30
PRF,1.2094302554027505,27,2300,11,2545,3078,2018-12-26
PRFZ,1.1588118811881187,22,2300,14,2525,2926,2018-12-26
PRN,1.0066090493136757,33,2300,14,1967,1980,2018-12-26
PRNT,0.768,12,653,9,375,288,2018-04-04
PSCC,1.0915371329879102,8,2236,9,579,632,2016-08-18
PSCD,0.9538461538461539,5,2236,9,325,310,2018-12-26
PSCE,0.25,1,2236,7,44,11,2014-10-15
PSCF,1.0810810810810811,24,2236,9,1221,1320,2018-12-26
PSCH,1.1031390134529149,10,2236,12,1115,1230,2018-12-26
PSCI,1.2102601156069364,25,2236,9,1384,1675,2018-12-26
PSCM,1.1911764705882353,54,2236,10,2312,2754,2016-12-15
PSCT,0.9587357330992098,13,2236,9,1139,1092,2018-10-03
PSCU,1.1654676258992807,3,2236,7,139,162,2017-05-18
PSI,1.0553745928338762,6,2300,8,307,324,2018-05-01
PSJ,1.0232558139534884,2,2300,7,172,176,2018-10-12
PSK,0.84,1,2300,7,50,42,2011-08-09
PSL,1.0317460317460319,13,2300,8,882,910,2018-12-26
PSLV,0.35359116022099446,32,2092,7,543,192,2014-10-31
PSMB,0.6363636363636364,1,501,7,22,14,2018-12-31
PSQ,0.20783345095271702,19,2300,12,2834,589,2013-05-22
PSR,1.3241491085899513,19,2300,10,1234,1634,2018-12-26
PST,0.44176706827309237,10,2300,7,498,220,2011-05-18
PTF,0.9481481481481482,2,2300,7,135,128,2018-10-16
PTH,1.0234009360374414,8,2300,8,641,656,2018-12-26
PTMC,0.8641887062187277,39,931,14,1399,1209,2018-02-06
PTNQ,0.9519230769230769,36,931,17,1248,1188,2018-05-04
PUI,0.8938547486033519,25,2300,9,895,800,2018-02-15
PUTW,0.72,6,754,9,225,162,2017-01-04
PWB,0.8657894736842106,7,2300,9,380,329,2018-10-30
PWC,1.1157495256166983,12,2300,10,1054,1176,2018-12-26
PWV,0.784741144414169,8,2300,7,367,288,2018-10-23
PWZ,0.78,3,2300,8,100,78,2013-06-27
PXE,0.46503496503496505,7,2300,8,286,133,2014-05-19
PXF,0.8913043478260869,1,2300,7,46,41,2018-12-26
PXI,0.6962025316455697,20,2300,8,948,660,2018-12-26
PXJ,0.20710059171597633,10,2300,7,338,70,2011-05-18
PXLG,1.6537102473498233,18,1934,8,566,936,2018-12-26
PXLV,0.9827586206896551,3,1934,8,116,114,2014-01-03
PXMG,1.3253012048192772,4,2300,8,166,220,2016-10-05
PXQ,1.3530326594090203,15,2300,7,643,870,2018-11-01
PXSG,1.0865533230293662,19,2300,7,647,703,2014-08-19
PXSV,0.808695652173913,3,2300,7,115,93,2018-12-26
PYZ,1.0333333333333334,14,2300,10,840,868,2018-12-26
PZD,1.1466666666666667,2,2300,8,75,86,2015-08-24
QABA,1.53,6,2300,8,200,306,2010-07-07
QAI,0.75,125,2300,12,5000,3750,2018-01-02
QAT,0.5831533477321814,60,1212,9,1852,1080,2017-03-30
QCLN,0.7750439367311072,42,2300,11,1138,882,2017-08-30
QDF,1.0556660039761432,59,1554,8,2515,2655,2014-05-29
QDYN,0.8171428571428572,26,1554,8,1400,1144,2018-06-05
QEMM,0.8082191780821918,2,1187,7,146,118,2017-11-17
QID,0.13289547950125713,70,2300,14,19489,2590,2019-01-22
QLD,1.6274509803921569,7,2300,9,357,581,2018-12-26
QMOM,0.8057851239669421,13,811,7,484,390,2018-12-26
QQEW,1.469387755102041,8,2300,8,343,504,2014-10-08
QQQ,1.1702367531003381,6,2300,10,887,1038,2018-12-26
QQQE,0.8867924528301887,1,1742,7,53,47,2018-02-06
QQXT,0.9758713136729222,14,2300,8,746,728,2018-12-26
QSY,1.231977818853974,31,2300,9,2164,2666,2014-08-11
QTEC,1.255813953488372,12,2300,8,774,972,2018-12-26
QUAL,1.3143025309005296,77,1410,15,5097,6699,2018-12-26
QUS,0.9236842105263158,13,1426,8,1140,1053,2018-07-31
QVAL,0.8392973324658426,43,1091,13,1537,1290,2015-02-02
QYLD,0.7333333333333333,2,1307,7,60,44,2018-12-26
RALS,0.697202582231786,126,2064,12,6506,4536,2013-11-13
RAVI,0.8760792280345353,23,1600,15,1969,1725,2017-05-18
RCD,1.0488798370672099,5,2300,10,491,515,2018-12-26
RDIV,0.8746803069053708,9,1358,11,391,342,2018-12-26
REET,0.7428571428571429,8,1164,7,280,208,2017-07-17
REGL,0.9666666666666667,1,1019,7,60,58,2018-12-26
REM,0.6466165413533834,2,2300,7,133,86,2010-05-21
REML,0.6756756756756757,1,658,7,37,25,2018-01-23
REMX,0.3702397743300423,35,2093,9,1418,525,2019-01-02
RETL,0.7190412782956058,18,2168,9,751,540,2018-12-26
REW,0.09984439834024897,35,2300,11,3856,385,2016-12-16
REZ,1.2266666666666666,8,2300,8,450,552,2013-08-20
RFAP,0.7788873038516405,21,720,8,1402,1092,2018-07-25
RFDA,0.7710843373493976,2,602,8,83,64,2018-02-06
RFG,1.0452793834296725,7,2300,10,1038,1085,2018-12-26
RFV,1.064638783269962,8,2300,11,526,560,2018-12-26
RGI,1.0048442906574395,12,2300,11,1445,1452,2018-12-26
RHS,1.3717658879678474,43,2300,12,3981,5461,2018-12-26
RING,0.5899390243902439,43,1775,11,1312,774,2018-08-24
RLY,0.7208206265594677,104,1717,14,3607,2600,2018-07-06
ROAM,0.75,14,971,7,448,336,2017-03-15
ROBO,1.0636363636363637,3,1343,8,110,117,2014-01-28
RODM,0.7110332749562172,58,1004,13,2284,1624,2018-07-06
ROM,0.9902912621359223,1,2300,7,103,102,2018-03-26
ROOF,0.9259259259259259,3,1936,7,81,75,2011-08-11
ROUS,0.8205128205128205,15,1004,16,585,480,2018-12-26
RPG,1.2364425162689805,10,2300,9,922,1140,2018-12-26
RPV,1.0,3,2300,9,195,195,2018-12-26
RSP,1.0396039603960396,3,2300,8,303,315,2018-12-26
RSX,0.5630026809651475,10,2300,7,373,210,2012-11-29
RSXJ,0.8157894736842105,6,1977,7,228,186,2014-10-30
RTH,1.0408163265306123,2,2300,8,196,204,2018-12-26
RTM,1.0464547677261613,16,2300,11,1636,1712,2018-12-26
RUSL,0.19822109275730623,4,1949,7,787,156,2018-12-26
RUSS,0.1754158004158004,45,1949,11,3848,675,2019-02-12
RVNU,0.7492116880386799,132,1441,12,4757,3564,2019-02-20
RWJ,0.9921259842519685,18,2300,10,1270,1260,2018-12-26
RWK,0.9682539682539683,5,2300,8,315,305,2018-12-26
RWL,0.9629629629629629,1,2300,7,54,52,2018-12-26
RWM,0.5914243469689502,30,2300,8,2029,1200,2019-02-22
RWO,0.9607843137254902,2,2300,7,102,98,2014-01-10
RWR,0.9607843137254902,1,2300,7,102,98,2016-10-10
RWW,1.103448275862069,11,2300,9,638,704,2018-12-26
RXD,0.08936771458848464,69,2300,21,16986,1518,2014-11-05
RXI,1.1828807150223444,31,2300,11,2909,3441,2018-12-26
RXL,1.728755364806867,19,2300,10,1165,2014,2018-12-26
RYE,0.8016032064128257,16,2300,10,998,800,2018-12-26
RYH,1.539381153305204,11,2300,9,1422,2189,2018-12-26
RYJ,0.9190600522193212,8,2300,11,383,352,2018-12-26
RYT,1.2360197368421053,9,2300,9,1216,1503,2018-12-26
RYU,1.360381861575179,6,2300,8,419,570,2015-09-08
RZG,1.0231425091352009,7,2300,10,821,840,2018-12-26
RZV,1.022633744855967,7,2300,8,486,497,2018-12-26
SAA,1.6666666666666667,5,2300,8,315,525,2018-12-26
SAGG,0.7127092146404267,250,1993,10,10874,7750,2015-06-10
SBB,0.22127659574468084,13,2300,10,1880,416,2011-07-11
SBIO,0.8717948717948718,2,1043,7,78,68,2018-01-09
SBM,0.5428571428571428,1,2249,7,35,19,2016-05-05
SCAP,0.7851458885941645,40,661,8,1885,1480,2018-07-13
SCC,0.14242549100398297,61,2300,14,7281,1037,2015-04-07
SCHA,1.2177589852008457,16,2300,9,946,1152,2018-12-26
SCHB,1.36,17,2300,8,850,1156,2018-12-26
SCHC,0.88504753673293,32,2292,8,1157,1024,2012-03-13
SCHD,1.3437065851625452,93,1846,13,3599,4836,2018-12-26
SCHE,0.6852122986822841,18,2292,11,683,468,2011-03-11
SCHF,0.7783842794759825,23,2300,9,916,713,2015-07-29
SCHG,1.5194805194805194,9,2300,8,462,702,2018-12-26
SCHH,1.3333333333333333,1,2040,7,33,44,2011-09-22
SCHM,1.018181818181818,1,2040,7,55,56,2018-12-26
SCHP,0.8901098901098901,3,2152,7,182,162,2013-06-24
SCHV,1.0655737704918034,13,2300,8,671,715,2018-12-26
SCHX,1.0151515151515151,1,2300,7,66,67,2018-12-26
SCHZ,0.8360655737704918,1,1915,7,61,51,2015-06-11
SCIF,0.6924829157175398,8,2138,7,439,304,2018-10-16
SCIN,0.40625,2,2173,7,64,26,2018-02-14
SCO,0.5994513031550068,23,2300,10,729,437,2018-01-25
SDD,0.07707509881422925,18,2300,11,3036,234,2017-08-17
SDEM,0.5714285714285714,4,992,7,98,56,2016-12-23
SDG,0.0033768048439683277,52,968,9,893152,3016,2018-06-06
SDOG,0.9052631578947369,2,1662,8,95,86,2018-12-26
SDOW,0.04684624393508449,20,2273,12,5977,280,2016-03-23
SDP,0.12702078521939955,22,2300,10,3464,440,2012-06-11
SDS,0.14679508468947194,26,2300,13,6022,884,2017-10-09
SDY,1.0060362173038229,10,2300,10,994,1000,2018-12-26
SDYL,0.9907235621521335,6,1698,10,539,534,2018-12-26
SEA,0.36585365853658536,5,2190,8,123,45,2015-09-30
SEF,0.28698752228163993,7,2300,7,561,161,2011-02-22
SGDJ,0.7435897435897436,1,982,7,39,29,2018-02-08
SGG,0.9072978303747534,10,2284,8,507,460,2018-12-06
SGOL,0.9885829415715245,23,2300,9,2978,2944,2016-11-28
SH,0.4031677465802736,20,2300,8,1389,560,2015-03-10
SHE,0.9301310043668122,15,1508,8,1145,1065,2018-12-26
SHYD,0.6726840855106888,59,1286,20,2105,1416,2015-02-18
SIJ,0.17745586238116795,28,2300,8,2209,392,2019-02-22
SIL,0.47643979057591623,13,2227,9,764,364,2015-03-11
SILJ,0.37543453070683663,36,1568,15,863,324,2015-06-16
SIVR,0.39473684210526316,1,2300,7,38,15,2013-03-06
SIZ,0.5588235294117647,1,1878,7,34,19,2011-09-27
SIZE,1.1785714285714286,24,1473,10,1792,2112,2018-12-26
SKF,0.37199852234946434,53,2300,9,2707,1007,2019-02-22
SKOR,0.8322663252240717,26,1075,8,1562,1300,2018-02-15
SKYY,1.7229219143576826,12,1921,8,397,684,2016-01-14
SLIM,0.7802547770700637,7,679,9,314,245,2018-10-23
SLV,0.5808423913043478,57,2300,7,1472,855,2017-02-03
SLVO,0.32319819819819817,205,1474,11,4440,1435,2015-11-19
SLX,0.7540229885057471,24,2300,9,1305,984,2018-10-25
SLY,0.9674234945705824,14,2300,10,1013,980,2018-12-26
SLYG,1.1291390728476822,22,2300,9,1208,1364,2018-12-26
SLYV,0.9313929313929314,7,2300,9,481,448,2018-12-26
SMDD,0.05785123966942149,49,2273,13,6776,392,2019-01-22
SMDV,1.1379310344827587,11,1019,7,580,660,2017-12-28
SMH,2.0392156862745097,2,2300,7,102,208,2015-01-16
SMIN,0.8110516934046346,13,1770,8,561,455,2015-09-02
SMLF,1.015267175572519,19,961,8,786,798,2018-10-16
SMLL,1.1160714285714286,5,1151,11,224,250,2018-12-26
SMLV,1.0322429906542057,47,1512,10,4280,4418,2018-12-26
SMMD,0.9782608695652174,2,412,7,92,90,2018-12-26
SMMU,0.828363154406892,25,2279,14,1509,1250,2013-03-26
SMMV,0.8275862068965517,6,617,7,232,192,2018-12-26
SMN,0.23902439024390243,7,2300,8,820,196,2015-10-09
SNSR,0.6867469879518072,36,612,9,996,684,2017-04-20
SOCL,1.1941448382126347,25,1828,10,649,775,2014-04-17
SOIL,0.45454545454545453,29,1948,7,638,290,2012-06-26
SOXL,3.358974358974359,5,2254,9,195,655,2015-07-14
SOXS,0.0060025542784163475,47,2254,12,54810,329,2017-11-29
SOXX,2.5714285714285716,3,2300,7,217,558,2015-07-02
SOYB,0.4792626728110599,13,1869,8,434,208,2013-12-19
SPEM,0.8653846153846154,9,2300,9,364,315,2010-07-01
SPHB,0.8235294117647058,1,1963,7,51,42,2018-04-03
SPHD,0.8936170212765957,1,1589,7,47,42,2018-12-26
SPLB,0.7647058823529411,10,2300,7,340,260,2013-08-27
SPLV,1.1724137931034482,2,1963,7,87,102,2018-12-26
SPMD,0.9848275862068966,21,2245,12,725,714,2010-08-27
SPSM,0.8857142857142857,2,1765,7,70,62,2018-12-26
SPTL,0.8108747044917257,49,2300,10,2115,1715,2018-12-18
SPTM,1.0,5,2300,7,175,175,2014-12-18
SPTS,0.7493789677063207,362,1817,17,14492,10860,2016-04-11
SPUU,1.047945205479452,3,1187,9,146,153,2018-12-26
SPVU,0.8267477203647416,8,829,12,329,272,2018-12-26
SPXB,0.8901098901098901,3,202,0,273,243,2019-02-22
SPXE,1.2040816326530612,4,842,7,196,236,2016-01-20
SPXL,1.1111111111111112,4,2300,10,162,180,2018-12-26
SPXS,0.10208440745378212,63,2300,12,13577,1386,2019-02-22
SPXU,0.05884361484179376,47,2300,13,26358,1551,2019-01-22
SPY,1.4691943127962086,10,2300,10,1899,2790,2018-12-26
SPYB,0.9243697478991597,10,1019,9,714,660,2018-12-26
SPYD,0.8473097430925837,46,839,12,2063,1748,2017-01-04
SPYG,1.7142857142857142,5,2300,7,105,180,2010-07-07
SPYX,0.9806066633515664,29,812,11,2011,1972,2018-12-26
SQQQ,0.017135023989033583,50,2273,14,35016,600,2019-02-22
SRLN,0.7813163481953291,8,1483,8,471,368,2015-01-06
SRS,0.28151093439363817,59,2300,15,5030,1416,2019-02-12
SRTY,0.04006677796327212,42,2273,13,25158,1008,2019-02-22
SRVR,0.8125,1,194,7,32,26,2018-12-26
SSG,0.0761904761904762,24,2300,10,4725,360,2016-09-07
SSO,1.2365591397849462,7,2300,11,651,805,2018-12-26
STIP,0.8952524491333835,12,2068,9,1327,1188,2014-11-14
SUSA,1.1640742599096838,20,2300,10,1993,2320,2018-12-26
SVXY,0.4024767801857585,5,1858,9,646,260,2018-12-26
SYE,0.9739130434782609,7,1289,8,575,560,2018-12-26
SYG,1.11475092072107,71,1289,15,5159,5751,2018-10-23
SYV,0.92125,33,1289,9,2400,2211,2018-12-26
SZK,0.39424280350438046,84,2300,13,3196,1260,2016-05-16
SZO,0.7346491228070176,5,2300,9,456,335,2016-04-22
TAGS,0.5522643121617773,277,1737,20,10533,5817,2018-02-28
TAN,0.5378409527468305,56,2300,9,2603,1400,2018-11-07
TAO,0.8852459016393442,27,2300,8,854,756,2016-11-15
TAPR,0.549618320610687,3,1161,8,131,72,2015-07-28
TBF,0.5850476668339187,53,2300,10,1993,1166,2018-01-22
TBT,0.4298245614035088,14,2300,9,1140,490,2017-09-01
TBX,0.6945359930615785,143,1984,9,5765,4004,2018-10-03
TDTT,0.6733031674208145,31,1865,13,1105,744,2012-12-28
TECL,1.4124513618677044,3,2300,9,257,363,2018-12-26
TECS,0.02557160854531321,53,2300,12,37307,954,2017-07-27
THD,0.9891304347826086,14,2300,8,1288,1274,2018-07-17
TILT,1.160633484162896,9,1866,10,884,1026,2018-12-26
TIP,0.9107692307692308,8,2300,9,975,888,2013-11-21
TIPX,0.6551724137931034,4,1444,7,116,76,2016-03-29
TLH,0.9576314446145993,14,2300,9,1959,1876,2014-09-23
TLT,1.1806451612903226,3,2300,7,310,366,2010-12-13
TLTD,0.8191153238546603,17,1607,8,1266,1037,2018-05-01
TLTE,0.9101123595505618,36,1607,9,2136,1944,2018-08-03
TMF,0.7095435684647303,9,2300,7,241,171,2018-12-03
TMV,0.16156282998944033,17,2300,9,1894,306,2015-08-12
TNA,1.1632970451010887,11,2300,10,643,748,2018-12-26
TOK,1.015625,48,2300,12,3072,3120,2018-08-31
TOLZ,0.8113207547169812,3,1236,7,159,129,2018-09-21
TPOR,0.8448275862068966,7,455,9,232,196,2018-12-26
TQQQ,1.4854368932038835,6,2273,9,206,306,2018-12-26
TRTY,0.6857142857142857,14,112,11,490,336,2018-10-16
TTAC,0.7889273356401384,19,602,10,867,684,2018-02-01
TTT,0.3968253968253968,9,1736,8,567,225,2017-06-27
TUR,0.5466377440347071,9,2300,9,461,252,2016-05-24
TVIX,1.7430545247266976e-06,52,2071,13,865147922,1508,2019-01-16
TWM,0.08506616257088846,27,2300,12,4761,405,2016-06-10
TYD,0.7787610619469026,6,2300,8,339,264,2015-03-20
TZA,0.011921793037672867,25,2300,13,18873,225,2014-06-23
UAE,0.47297297297297297,5,1212,7,148,70,2014-12-18
UAG,0.425,1,2300,7,40,17,2012-09-27
UBIO,0.7457142857142857,9,924,8,350,261,2018-12-26
UBR,0.6427465152297367,15,2214,9,1937,1245,2018-12-26
UBT,0.9045521292217328,8,2288,8,681,616,2017-09-25
UCC,0.9520661157024793,12,2300,13,1210,1152,2018-12-26
UCI,0.606694560669456,29,2300,11,717,435,2016-08-16
UCO,0.13274336283185842,18,2300,9,2712,360,2018-11-19
UDN,0.5686977299880526,136,2300,11,5022,2856,2012-06-15
UDOW,1.849056603773585,7,2273,9,371,686,2018-12-26
UEUR,0.5947412353923205,75,300,11,2396,1425,2018-10-09
UEVM,0.8734177215189873,3,331,7,158,138,2018-10-23
UGA,0.7008196721311475,19,2300,13,732,513,2018-11-29
UGAZ,0.00636168023201422,17,1771,11,85512,544,2017-12-22
UGE,1.302046577275935,45,2300,8,1417,1845,2017-10-11
UGL,0.898876404494382,26,2300,10,1157,1040,2015-12-11
UGLD,0.8537920250195465,21,1849,13,2558,2184,2018-08-17
UIVM,0.71875,1,331,7,64,46,2018-01-17
UJB,1.0069161920260374,75,1977,12,4916,4950,2014-09-26
UJUL,0.7290400972053463,48,136,11,1646,1200,2019-02-04
ULBR,0.6707317073170732,5,373,7,246,165,2018-11-20
ULVM,0.9329268292682927,3,331,8,164,153,2018-12-26
UMDD,1.472972972972973,8,2273,12,592,872,2018-12-26
UNG,0.45699277741300065,29,2300,10,1523,696,2018-01-12
UNL,0.23097112860892388,16,2300,11,762,176,2010-08-31
UPRO,1.053811659192825,5,2300,10,223,235,2018-12-26
UPV,0.9230769230769231,8,2214,7,390,360,2015-03-16
UPW,0.9565217391304348,2,2300,8,115,110,2017-12-21
URA,0.2514220705346985,17,2087,10,879,221,2014-10-15
URE,1.258252427184466,9,2300,10,515,648,2018-12-26
URR,0.4389027431421446,11,2300,9,401,176,2013-05-09
URTH,1.1662650602409639,33,1789,10,2490,2904,2018-12-26
URTY,1.322314049586777,6,2273,11,363,480,2018-12-26
USCI,0.72,18,2149,7,975,702,2017-03-10
USD,2.5535714285714284,44,2300,8,672,1716,2015-07-28
USDU,0.7105263157894737,5,1303,7,190,135,2015-07-15
USIG,0.8200224971878515,54,2300,8,3556,2916,2016-01-07
USL,0.7534246575342466,25,2300,9,730,550,2018-12-19
USLB,0.8,7,824,8,280,224,2018-12-26
USLV,0.2559592686878038,14,1849,17,4321,1106,2016-10-12
USMV,0.9586776859504132,2,1846,8,121,116,2018-12-26
USO,0.27906976744186046,1,2300,7,43,12,2010-05-19
USOD,0.3380281690140845,4,407,7,71,24,2019-02-12
USOU,0.5644768856447688,8,407,11,411,232,2018-11-19
USRT,0.966824644549763,4,2300,8,211,204,2018-12-26
UST,0.8774928774928775,11,2280,8,702,616,2013-02-06
USV,0.5042016806722689,15,2300,8,595,300,2014-04-24
USVM,0.925764192139738,8,331,8,458,424,2018-12-26
UTES,0.8894668400520156,19,859,8,769,684,2016-10-12
UTSL,0.9604989604989606,14,455,12,481,462,2018-01-25
UVXY,0.001161098032439904,32,1858,11,1157525,1344,2019-01-16
UWM,1.469387755102041,10,2300,11,490,720,2018-12-26
UWT,0.5454545454545454,3,553,7,88,48,2018-11-09
UXI,1.0807537012113055,11,2300,9,743,803,2018-12-26
UYG,0.9389312977099237,6,2300,9,262,246,2018-12-26
UYM,1.1372549019607843,9,2300,10,459,522,2018-12-26
VALQ,0.8163265306122449,13,278,8,637,520,2018-11-06
VAW,1.0920698924731183,13,2300,10,1488,1625,2018-12-26
VB,1.1174785100286533,5,2300,11,698,780,2018-12-26
VBK,1.2210288298473715,12,2300,9,1769,2160,2018-12-26
VBR,1.0583554376657824,6,2300,11,754,798,2018-12-26
VCIT,0.9502515371716043,40,2300,11,3578,3400,2013-07-08
VCLT,0.946236559139785,1,2300,7,93,88,2016-02-18
VCR,1.1747765640516385,7,2300,8,1007,1183,2018-12-26
VDC,1.036764705882353,1,2300,7,136,141,2018-12-26
VDE,0.8644591611479029,22,2300,12,2265,1958,2018-12-26
VEA,0.82,10,2300,7,500,410,2015-08-10
VEGI,0.7837837837837838,20,1775,7,740,580,2014-08-21
VFH,0.8880706921944035,9,2300,10,679,603,2018-12-26
VFLQ,1.0657894736842106,2,256,7,152,162,2018-12-26
VFMF,0.9459459459459459,5,256,9,407,385,2018-12-26
VFMO,1.0486725663716814,3,255,9,226,237,2018-12-26
VFQY,0.9452954048140044,16,256,9,1371,1296,2018-12-26
VFVA,0.9669211195928753,10,256,12,786,760,2018-12-26
VGIT,0.9014084507042254,3,2300,7,213,192,2010-12-17
VGK,0.893760539629005,10,2300,8,593,530,2010-12-01
VGLT,0.8509297195083517,36,2300,9,3173,2700,2016-07-13
VGT,1.5662759242560866,9,2300,9,1109,1737,2018-12-26
VHT,1.185017026106697,6,2300,9,881,1044,2018-12-26
VIG,1.1921875,7,2300,9,640,763,2018-12-26
VIGI,0.9413020277481323,14,750,8,937,882,2017-05-05
VIIX,0.032773969904671865,32,2071,10,12693,416,2017-02-15
VIOG,1.149241819632881,9,2128,11,1253,1440,2018-12-26
VIOO,1.171981776765376,14,2128,12,1756,2058,2018-12-26
VIOV,1.3560789747142363,29,2128,11,2887,3915,2018-12-26
VIS,1.1282051282051282,4,2300,10,507,572,2018-12-26
VIXM,0.2656758012076173,26,2047,9,2153,572,2018-06-07
VIXY,0.020103677537012307,56,2047,13,69639,1400,2018-07-27
VLU,0.9862695803519629,50,1590,9,5171,5100,2018-12-26
VLUE,1.0049019607843137,5,1473,11,408,410,2018-12-26
VMBS,0.8387096774193549,1,2300,7,62,52,2012-07-06
VNM,0.5634285714285714,58,2300,13,1750,986,2013-05-24
VNQ,1.0897435897435896,2,2300,7,156,170,2013-08-09
VNQI,0.9069017415609546,74,2091,11,4651,4218,2016-11-15
VO,1.0310108739428112,16,2300,12,2483,2560,2018-12-26
VOE,1.3246527777777777,14,2300,10,1152,1526,2018-12-26
VONE,1.1846628470691936,21,2119,10,2269,2688,2018-12-26
VONG,1.0506912442396312,6,2119,10,868,912,2018-12-26
VONV,1.2297387809778968,17,2119,11,1493,1836,2018-12-26
VOO,1.321075523922499,13,2128,10,2529,3341,2018-12-26
VOOG,1.4065202927478377,14,2128,10,1503,2114,2018-12-26
VOOV,1.1065989847715736,20,2128,14,1970,2180,2018-12-26
VOT,1.0261744966442954,11,2300,11,1490,1529,2018-12-26
VOX,0.9903409090909091,21,2300,9,1760,1743,2018-12-26
VPU,1.1060965954077593,11,2300,8,1263,1397,2017-07-17
VQT,1.1698564593301435,3,2133,8,418,489,2012-10-31
VSL,2.1540983606557376,73,1956,11,915,1971,2011-04-04
VSS,1.0026780931976433,18,2300,9,1867,1872,2018-12-26
VT,1.095,6,2300,7,400,438,2018-12-26
VTHR,1.0543657331136738,10,2119,7,1214,1280,2018-12-26
VTI,1.0783410138248848,13,2300,11,1736,1872,2018-12-26
VTV,1.202226345083488,6,2300,10,539,648,2018-12-26
VTWG,1.1809954751131222,9,2119,9,1105,1305,2018-12-26
VTWO,1.3247566063977747,15,2119,9,1438,1905,2018-12-26
VTWV,1.1730132450331126,13,2119,11,1208,1417,2018-12-26
VUG,1.3075268817204302,8,2300,9,930,1216,2018-12-26
VUSE,0.8888888888888888,1,1281,7,36,32,2014-11-20
VV,1.051334702258727,4,2300,10,487,512,2018-12-26
VWO,0.8718214841722886,40,2300,9,1927,1680,2015-08-24
VWOB,0.8938640132669984,14,1441,10,1206,1078,2016-05-25
VXF,1.1711711711711712,10,2300,11,999,1170,2018-12-26
VXUS,0.9032258064516129,14,2030,9,806,728,2018-10-26
VXXB,0.6595744680851063,1,271,7,47,31,2019-01-16
VYM,1.72,9,2300,10,450,774,2018-12-26
VYMI,0.9172932330827067,10,750,8,665,610,2018-02-06
WDIV,0.9921602787456446,17,1444,8,1148,1139,2018-12-26
WDRW,0.15575524176294395,14,884,8,2337,364,2016-02-09
WFHY,0.8450704225352113,6,711,7,355,300,2018-08-22
WIL,0.89749430523918,197,1163,10,14926,13396,2018-07-06
WIP,0.8512315270935961,16,2300,8,1015,864,2018-08-17
WLDR,0.6707272056109266,79,277,8,2709,1817,2018-07-06
WMW,1.6175024582104227,47,2300,9,1017,1645,2013-08-20
