,Start,High,Low,Last,Drop,Recover,TotalChange,Score
GWR,86,93,68,84,0.731,1.235,0.977,3.281
EIX,66,71,47,61,0.662,1.298,0.924,3.098
CSGP,416,447,317,412,0.709,1.3,0.99,3.295
LECO,91,98,73,88,0.745,1.205,0.967,3.282
LNC,65,71,49,63,0.69,1.286,0.969,3.207
ANTM,251,296,248,317,0.838,1.278,1.263,3.945
LVS,68,70,48,62,0.686,1.292,0.912,3.145
SJM,109,116,93,101,0.802,1.086,0.927,3.299
EL,134,153,122,159,0.797,1.303,1.187,3.76
MCO,170,182,129,173,0.709,1.341,1.018,3.364
ALKS,43,46,28,33,0.609,1.179,0.767,2.688
CHRW,95,100,79,92,0.79,1.165,0.968,3.381
PKI,82,98,72,94,0.735,1.306,1.146,3.532
L,51,52,43,48,0.827,1.116,0.941,3.425
INTC,48,50,42,52,0.84,1.238,1.083,3.732
THO,91,107,49,70,0.458,1.429,0.769,2.618
USD,44,48,26,39,0.542,1.5,0.886,2.974
EQH,21,23,15,19,0.652,1.267,0.905,3.022
WYND,46,47,34,47,0.723,1.382,1.022,3.449
XEC,96,101,57,74,0.564,1.298,0.771,2.705
ADT,9,10,6,8,0.6,1.333,0.889,2.942
RVI,34,36,25,31,0.694,1.24,0.912,3.115
IRM,35,37,30,36,0.811,1.2,1.029,3.544
TCBI,91,94,48,62,0.511,1.292,0.681,2.495
AFG,112,114,85,100,0.746,1.176,0.893,3.182
OZK,41,41,21,33,0.512,1.571,0.805,2.9
WCC,59,63,44,56,0.698,1.273,0.949,3.196
SNDR,27,28,18,23,0.643,1.278,0.852,2.957
XOM,80,87,66,78,0.759,1.182,0.975,3.309
WTM,919,981,834,921,0.85,1.104,1.002,3.551
LSTR,110,128,91,110,0.711,1.209,1.0,3.22
CBRE,49,50,38,51,0.76,1.342,1.041,3.538
BC,63,69,43,53,0.623,1.233,0.841,2.85
MKL,1198,1220,954,1002,0.782,1.05,0.836,3.109
NVDA,244,289,126,159,0.436,1.262,0.652,2.294
EXP,97,100,57,79,0.57,1.386,0.814,2.85
SPG,177,191,161,184,0.843,1.143,1.04,3.604
UNIT,18,21,9,9,0.429,1.0,0.5,1.868
RPM,64,68,52,59,0.765,1.135,0.922,3.227
ARW,75,80,63,82,0.787,1.302,1.093,3.634
CTLT,41,46,30,44,0.652,1.467,1.073,3.39
H,79,81,63,75,0.778,1.19,0.949,3.35
AVB,178,192,169,196,0.88,1.16,1.101,3.81
TRCO,34,34,33,46,0.971,1.394,1.353,4.633
PANW,203,237,162,230,0.684,1.42,1.133,3.489
PACW,50,52,31,41,0.596,1.323,0.82,2.853
MSG,308,320,243,297,0.759,1.222,0.964,3.338
FRT,125,136,115,135,0.846,1.174,1.08,3.685
LBRDK,78,86,69,90,0.802,1.304,1.154,3.744
LKQ,33,35,23,27,0.657,1.174,0.818,2.855
VRSK,114,125,103,125,0.824,1.214,1.096,3.668
TGT,79,89,61,72,0.685,1.18,0.911,3.029
PBCT,18,19,14,18,0.737,1.286,1.0,3.372
CDW,84,96,75,96,0.781,1.28,1.143,3.643
HPP,34,35,27,34,0.771,1.259,1.0,3.448
SIRI,7,7,6,6,0.857,1.0,0.857,3.326
STZ,208,229,151,169,0.659,1.119,0.812,2.8
X,35,35,17,24,0.486,1.412,0.686,2.57
V,137,151,122,146,0.808,1.197,1.066,3.569
ARE,127,130,110,137,0.846,1.245,1.079,3.755
PPL,29,29,28,32,0.966,1.143,1.103,4.112
MOH,124,153,106,142,0.693,1.34,1.145,3.445
ALK,61,75,58,62,0.773,1.069,1.016,3.28
HUBB,119,137,93,120,0.679,1.29,1.008,3.22
JBLU,17,20,15,17,0.75,1.133,1.0,3.258
CHD,56,57,55,66,0.965,1.2,1.179,4.241
RYN,35,35,27,29,0.771,1.074,0.829,3.092
OGE,36,38,35,43,0.921,1.229,1.194,4.119
LOPE,118,130,91,117,0.7,1.286,0.992,3.258
MPC,80,87,54,65,0.621,1.204,0.812,2.787
DISH,31,37,24,33,0.649,1.375,1.065,3.282
LIN,164,170,148,174,0.871,1.176,1.061,3.754
LDOS,68,72,51,64,0.708,1.255,0.941,3.199
SBAC,162,162,147,183,0.907,1.245,1.13,4.02
FTV,80,88,64,81,0.727,1.266,1.012,3.335
BR,112,138,92,101,0.667,1.098,0.902,2.89
AFL,47,48,42,49,0.875,1.167,1.043,3.741
ETFC,60,61,41,49,0.672,1.195,0.817,2.915
CFR,112,114,83,105,0.728,1.265,0.938,3.263
WCG,270,322,221,276,0.686,1.249,1.022,3.212
D,70,77,68,75,0.883,1.103,1.071,3.733
AGNC,19,19,17,18,0.895,1.059,0.947,3.608
ZG,57,59,27,44,0.458,1.63,0.772,2.822
TXN,110,116,88,107,0.759,1.216,0.973,3.341
HPT,28,29,23,28,0.793,1.217,1.0,3.475
CCL,58,67,46,59,0.687,1.283,1.017,3.244
CLGX,49,51,32,40,0.627,1.25,0.816,2.852
LLL,211,222,163,214,0.734,1.313,1.014,3.405
RJF,91,96,70,84,0.729,1.2,0.923,3.186
TDY,226,249,191,236,0.767,1.236,1.044,3.457
CSCO,41,49,40,50,0.816,1.25,1.22,3.802
HFC,68,76,47,56,0.618,1.191,0.824,2.779
GM,37,38,31,40,0.816,1.29,1.081,3.703
CNC,66,74,55,64,0.743,1.164,0.97,3.238
XOG,15,15,3,5,0.2,1.667,0.333,2.08
SPB,87,92,42,53,0.457,1.262,0.609,2.289
CFG,40,42,28,37,0.667,1.321,0.925,3.136
VER,8,8,7,8,0.875,1.143,1.0,3.674
SNV,50,51,30,40,0.588,1.333,0.8,2.824
COLM,87,95,80,105,0.842,1.312,1.207,3.937
RCL,109,134,89,121,0.664,1.36,1.11,3.352
USFD,33,34,28,35,0.824,1.25,1.061,3.669
PLD,66,69,56,72,0.812,1.286,1.091,3.696
JWN,50,68,43,44,0.632,1.023,0.88,2.702
HHC,135,137,90,116,0.657,1.289,0.859,3.011
PB,70,76,57,74,0.75,1.298,1.057,3.48
EWBC,65,66,40,55,0.606,1.375,0.846,2.955
CELG,90,94,59,89,0.628,1.508,0.989,3.286
AYI,135,165,106,131,0.642,1.236,0.97,3.03
GLW,33,36,28,35,0.778,1.25,1.061,3.522
INTU,203,231,183,251,0.792,1.372,1.236,3.863
MXIM,60,63,47,56,0.746,1.191,0.933,3.237
MRO,20,24,13,17,0.542,1.308,0.85,2.746
SEB,3544,3893,3465,3910,0.89,1.128,1.103,3.815
CTAS,205,216,156,204,0.722,1.308,0.995,3.346
ZBH,125,132,97,124,0.735,1.278,0.992,3.35
KOS,8,10,4,6,0.4,1.5,0.75,2.57
WEN,16,18,15,18,0.833,1.2,1.125,3.713
C,71,75,49,64,0.653,1.306,0.901,3.06
PGR,60,73,57,72,0.781,1.263,1.2,3.683
CFX,31,37,19,27,0.514,1.421,0.871,2.82
JNPR,26,31,25,28,0.806,1.12,1.077,3.496
AMH,22,23,19,22,0.826,1.158,1.0,3.523
ABC,78,94,71,86,0.755,1.211,1.103,3.454
EVR,113,115,65,92,0.565,1.415,0.814,2.867
PWR,34,36,28,36,0.778,1.286,1.059,3.556
UTHR,118,130,101,118,0.777,1.168,1.0,3.375
DXCM,119,149,108,137,0.725,1.269,1.151,3.471
RES,14,17,10,11,0.588,1.1,0.786,2.577
ULTI,276,332,220,333,0.663,1.514,1.207,3.6
HDS,43,46,36,44,0.783,1.222,1.023,3.471
COO,259,282,233,293,0.826,1.258,1.131,3.754
PXD,187,189,121,142,0.64,1.174,0.759,2.752
SNPS,89,103,79,102,0.767,1.291,1.146,3.614
PNFP,63,66,44,59,0.667,1.341,0.937,3.168
NATI,44,49,42,47,0.857,1.119,1.068,3.656
AGR,50,51,46,49,0.902,1.065,0.98,3.672
COR,112,117,83,105,0.709,1.265,0.938,3.208
PNC,145,146,110,124,0.753,1.127,0.855,3.116
HE,35,35,34,39,0.971,1.147,1.114,4.147
EOG,125,132,83,96,0.629,1.157,0.768,2.716
NYCB,11,11,9,12,0.818,1.333,1.091,3.762
SBNY,110,125,100,136,0.8,1.36,1.236,3.876
ESRT,17,18,14,16,0.778,1.143,0.941,3.295
FAF,56,58,42,52,0.724,1.238,0.929,3.215
MTCH,37,60,34,57,0.567,1.676,1.541,3.86
WLTW,151,152,135,171,0.888,1.267,1.132,3.976
BRX,18,19,14,18,0.737,1.286,1.0,3.372
FLR,51,60,30,38,0.5,1.267,0.745,2.512
CXP,23,24,18,23,0.75,1.278,1.0,3.403
BDX,246,264,210,250,0.795,1.19,1.016,3.47
SLG,103,106,77,92,0.726,1.195,0.893,3.142
TRV,128,134,112,131,0.836,1.17,1.023,3.591
HLT,78,82,64,85,0.78,1.328,1.09,3.635
USB,52,55,44,51,0.8,1.159,0.981,3.42
NUE,65,66,50,61,0.758,1.22,0.938,3.307
ALB,91,108,73,89,0.676,1.219,0.978,3.111
EPR,67,71,63,75,0.887,1.19,1.119,3.883
PKG,111,119,78,98,0.655,1.256,0.883,2.997
ACN,158,175,134,162,0.766,1.209,1.025,3.408
DGX,107,111,80,88,0.721,1.1,0.822,2.962
MSI,120,134,109,140,0.813,1.284,1.167,3.773
PSX,122,123,78,97,0.634,1.244,0.795,2.843
WEX,184,202,131,176,0.649,1.344,0.957,3.143
INCY,65,74,58,85,0.784,1.466,1.308,4.003
NTRS,108,111,77,93,0.694,1.208,0.861,3.032
G,31,31,26,33,0.839,1.269,1.065,3.742
HRB,25,29,24,25,0.828,1.042,1.0,3.413
AGIO,89,89,42,59,0.472,1.405,0.663,2.514
KNX,32,37,24,34,0.649,1.417,1.062,3.321
HON,149,162,125,153,0.772,1.224,1.027,3.443
LSXMK,46,48,35,41,0.729,1.171,0.891,3.125
DUK,81,83,78,90,0.94,1.154,1.111,4.032
ALLE,81,93,75,90,0.806,1.2,1.111,3.61
CSL,123,129,93,123,0.721,1.323,1.0,3.363
SWI,15,19,12,19,0.632,1.583,1.267,3.649
LMT,323,350,245,307,0.7,1.253,0.95,3.183
VVV,21,22,18,19,0.818,1.056,0.905,3.299
GWRE,87,107,75,92,0.701,1.227,1.057,3.267
URI,145,172,96,137,0.558,1.427,0.945,2.995
ILMN,321,369,272,301,0.737,1.107,0.938,3.131
HST,21,22,16,20,0.727,1.25,0.952,3.259
TROW,117,120,85,98,0.708,1.153,0.838,2.994
MIK,20,21,13,14,0.619,1.077,0.7,2.543
SRE,115,120,107,118,0.892,1.103,1.026,3.72
WLL,45,55,19,29,0.345,1.526,0.644,2.408
AIV,43,43,42,50,0.977,1.19,1.163,4.262
UNVR,26,31,16,24,0.516,1.5,0.923,2.956
SKX,28,30,22,34,0.733,1.545,1.214,3.834
MANH,47,61,40,55,0.656,1.375,1.17,3.406
MDLZ,43,45,39,48,0.867,1.231,1.116,3.85
GTES,16,20,13,16,0.65,1.231,1.0,3.076
ZEN,61,72,46,79,0.639,1.717,1.295,3.829
LYV,49,57,46,57,0.807,1.239,1.163,3.704
VSM,38,40,25,40,0.625,1.6,1.053,3.434
ASH,84,86,65,78,0.756,1.2,0.929,3.272
DIS,112,119,100,115,0.84,1.15,1.027,3.588
CAH,50,58,43,55,0.741,1.279,1.1,3.477
UBNT,83,85,80,143,0.941,1.788,1.723,5.282
HRC,93,98,83,105,0.847,1.265,1.129,3.829
EMR,71,79,55,69,0.696,1.255,0.972,3.196
DOV,81,90,67,92,0.744,1.373,1.136,3.616
NBR,6,7,2,3,0.286,1.5,0.5,2.164
WPC,66,67,63,75,0.94,1.19,1.136,4.093
KRC,73,74,59,75,0.797,1.271,1.027,3.568
CXO,141,160,95,106,0.594,1.116,0.752,2.574
PS,26,38,19,29,0.5,1.526,1.115,3.141
Z,56,58,27,44,0.466,1.63,0.786,2.85
MDT,90,99,82,94,0.828,1.146,1.044,3.561
SRPT,120,164,97,140,0.591,1.443,1.167,3.309
AWI,69,72,55,73,0.764,1.327,1.058,3.552
EXR,93,95,85,95,0.895,1.118,1.022,3.742
HBI,18,19,12,19,0.632,1.583,1.056,3.438
AA,42,45,25,30,0.556,1.2,0.714,2.532
XLNX,70,82,69,123,0.841,1.783,1.757,4.955
PINC,37,47,35,37,0.745,1.057,1.0,3.167
CGNX,51,59,35,52,0.593,1.486,1.02,3.209
MD,43,49,32,36,0.653,1.125,0.837,2.815
WTR,36,38,32,36,0.842,1.125,1.0,3.543
EW,143,145,137,173,0.945,1.263,1.21,4.259
WMB,30,32,21,27,0.656,1.286,0.9,3.047
ACM,33,34,25,31,0.735,1.24,0.939,3.259
AL,43,47,29,38,0.617,1.31,0.884,2.955
GNTX,23,25,18,20,0.72,1.111,0.87,3.018
TPR,46,53,32,35,0.604,1.094,0.761,2.585
ALNY,98,123,62,78,0.504,1.258,0.796,2.562
MNST,58,62,48,58,0.774,1.208,1.0,3.406
ORCL,47,52,43,52,0.827,1.209,1.106,3.683
WU,20,21,17,18,0.81,1.059,0.9,3.271
OLED,99,130,79,146,0.608,1.848,1.475,4.062
BEN,32,33,28,33,0.848,1.179,1.031,3.648
RF,19,20,13,16,0.65,1.231,0.842,2.918
NVT,27,29,20,27,0.69,1.35,1.0,3.302
CUBE,30,32,27,30,0.844,1.111,1.0,3.536
GLPI,35,36,32,37,0.889,1.156,1.057,3.794
TMK,87,89,71,83,0.798,1.169,0.954,3.397
TMO,233,254,208,252,0.819,1.212,1.082,3.636
CZR,10,11,6,9,0.545,1.5,0.9,2.994
ALXN,131,139,93,130,0.669,1.398,0.992,3.285
APTV,95,99,60,82,0.606,1.367,0.863,2.964
GDDY,74,84,58,76,0.69,1.31,1.027,3.289
CW,131,140,97,121,0.693,1.247,0.924,3.131
AMP,141,152,98,135,0.645,1.378,0.957,3.167
LM,32,33,24,30,0.727,1.25,0.938,3.245
CRM,137,160,114,161,0.713,1.412,1.175,3.604
ABBV,94,99,77,80,0.778,1.039,0.851,3.101
TKR,46,52,34,44,0.654,1.294,0.957,3.106
VICI,20,22,18,21,0.818,1.167,1.05,3.555
IDXX,235,254,176,209,0.693,1.188,0.889,3.037
FB,171,186,123,162,0.661,1.317,0.947,3.138
IPGP,165,176,106,156,0.602,1.472,0.945,3.142
JNJ,133,148,123,137,0.831,1.114,1.03,3.525
SC,20,22,16,20,0.727,1.25,1.0,3.307
WDAY,125,157,120,195,0.764,1.625,1.56,4.352
ASB,27,28,19,24,0.679,1.263,0.889,3.074
CIM,19,19,17,19,0.895,1.118,1.0,3.72
CDAY,33,44,32,48,0.727,1.5,1.455,4.012
STAY,22,22,15,18,0.682,1.2,0.818,2.948
MGM,27,30,22,28,0.733,1.273,1.037,3.385
YUMC,34,39,31,42,0.795,1.355,1.235,3.854
COMM,32,32,15,24,0.469,1.6,0.75,2.79
SCCO,47,48,29,36,0.604,1.241,0.766,2.737
ALL,96,102,77,95,0.755,1.234,0.99,3.364
VOYA,49,52,37,50,0.712,1.351,1.02,3.385
WBS,65,68,46,57,0.676,1.239,0.877,3.03
VRTX,175,193,152,186,0.788,1.224,1.063,3.529
SERV,38,46,34,39,0.739,1.147,1.026,3.265
VNO,72,77,60,69,0.779,1.15,0.958,3.322
ROP,295,312,247,317,0.792,1.283,1.075,3.613
INFO,53,56,45,53,0.804,1.178,1.0,3.471
IGT,24,24,14,17,0.583,1.214,0.708,2.602
CF,47,56,40,44,0.714,1.1,0.936,3.056
ANSS,170,190,137,175,0.721,1.277,1.029,3.346
FITB,30,30,22,28,0.733,1.273,0.933,3.281
KSU,114,120,91,111,0.758,1.22,0.974,3.343
WLK,102,102,61,76,0.598,1.246,0.745,2.706
DRI,107,123,97,112,0.789,1.155,1.047,3.447
K,69,75,55,57,0.733,1.036,0.826,2.937
MSCI,164,183,135,177,0.738,1.311,1.079,3.479
LUV,56,64,44,54,0.688,1.227,0.964,3.138
HES,64,75,36,57,0.48,1.583,0.891,2.935
AR,19,20,9,10,0.45,1.111,0.526,2.042
AVGO,214,221,205,276,0.928,1.346,1.29,4.358
FWONA,33,37,27,32,0.73,1.185,0.97,3.221
SIVB,311,332,180,246,0.542,1.367,0.791,2.746
AMD,18,33,16,24,0.485,1.5,1.333,3.303
BKI,52,55,43,52,0.782,1.209,1.0,3.432
AXP,99,114,90,107,0.789,1.189,1.081,3.515
VMW,144,168,131,173,0.78,1.321,1.201,3.739
CLR,62,72,36,45,0.5,1.25,0.726,2.476
ESI,12,12,11,11,0.917,1.0,0.917,3.599
MTD,586,645,514,679,0.797,1.321,1.159,3.75
JPM,115,119,92,105,0.773,1.141,0.913,3.249
RTN,196,209,147,187,0.703,1.272,0.954,3.214
NSC,167,187,140,183,0.749,1.307,1.096,3.525
NAVI,13,14,8,12,0.571,1.5,0.923,3.075
F,10,10,8,9,0.8,1.125,0.9,3.305
TWOU,77,90,45,70,0.5,1.556,0.909,2.965
PRU,99,106,77,95,0.726,1.234,0.96,3.248
BAC,31,32,23,29,0.719,1.261,0.935,3.23
POST,85,101,84,101,0.832,1.202,1.188,3.774
URBN,44,50,30,30,0.6,1.0,0.682,2.402
GS,234,243,156,196,0.642,1.256,0.838,2.918
HCA,124,146,116,144,0.795,1.241,1.161,3.666
UFS,49,54,34,53,0.63,1.559,1.082,3.435
MAR,127,133,101,129,0.759,1.277,1.016,3.445
AXTA,30,31,22,27,0.71,1.227,0.9,3.135
THG,124,131,105,119,0.802,1.133,0.96,3.379
DHI,44,46,33,41,0.717,1.242,0.932,3.202
TSS,91,100,76,94,0.76,1.237,1.033,3.425
CTXS,109,114,99,105,0.868,1.061,0.963,3.531
HGV,34,35,25,33,0.714,1.32,0.971,3.311
DXC,85,96,50,67,0.521,1.34,0.788,2.671
MKSI,93,95,57,85,0.6,1.491,0.914,3.125
WST,111,124,93,104,0.75,1.118,0.937,3.18
EBAY,33,35,26,37,0.743,1.423,1.121,3.648
PAYX,68,75,62,76,0.827,1.226,1.118,3.712
VFC,91,96,67,86,0.698,1.284,0.945,3.203
MA,199,225,173,223,0.769,1.289,1.121,3.593
BHGE,34,35,20,26,0.571,1.3,0.765,2.717
ETRN,20,23,18,20,0.783,1.111,1.0,3.337
APD,161,171,149,180,0.871,1.208,1.118,3.843
ICE,73,82,71,75,0.866,1.056,1.027,3.583
QEP,10,12,5,8,0.417,1.6,0.8,2.748
DNKN,69,77,62,72,0.805,1.161,1.043,3.5
ICUI,292,321,213,250,0.664,1.174,0.856,2.912
RNR,131,140,119,145,0.85,1.218,1.107,3.77
LEN,51,53,38,50,0.717,1.316,0.98,3.324
AIZ,109,109,83,98,0.761,1.181,0.899,3.238
SMG,76,81,59,80,0.728,1.356,1.053,3.469
UAA,19,24,17,22,0.708,1.294,1.158,3.455
PVH,149,157,87,118,0.554,1.356,0.792,2.762
SCI,39,47,38,43,0.809,1.132,1.103,3.544
BAX,72,78,61,75,0.782,1.23,1.042,3.495
DATA,106,116,96,133,0.828,1.385,1.255,4.011
CLH,64,72,47,60,0.653,1.277,0.938,3.068
ZAYO,37,38,20,26,0.526,1.3,0.703,2.556
TXT,67,72,44,55,0.611,1.25,0.821,2.818
JAZZ,171,180,116,126,0.644,1.086,0.737,2.652
COHR,177,191,94,137,0.492,1.457,0.774,2.715
PG,81,86,79,100,0.919,1.266,1.235,4.19
CTL,18,24,13,13,0.542,1.0,0.722,2.31
LOGM,81,92,76,83,0.826,1.092,1.025,3.482
EA,127,132,75,96,0.568,1.28,0.756,2.681
BKU,39,41,28,37,0.683,1.321,0.949,3.203
FHB,28,30,21,27,0.7,1.286,0.964,3.23
HOLX,41,42,38,47,0.905,1.237,1.146,4.021
NLSN,23,23,22,26,0.957,1.182,1.13,4.144
WAB,110,115,66,73,0.574,1.106,0.664,2.429
GDI,28,30,19,27,0.633,1.421,0.964,3.186
BWA,44,46,33,42,0.717,1.273,0.955,3.256
EPAM,123,144,106,159,0.736,1.5,1.293,3.876
GILD,78,79,61,66,0.772,1.082,0.846,3.12
IART,62,66,43,55,0.652,1.279,0.887,3.016
RBC,83,87,67,85,0.77,1.269,1.024,3.479
THS,48,56,43,61,0.768,1.419,1.271,3.87
ADS,225,249,144,174,0.578,1.208,0.773,2.649
MPWR,133,152,104,137,0.684,1.317,1.03,3.283
KAR,59,64,46,47,0.719,1.022,0.797,2.853
NLY,11,11,10,10,0.909,1.0,0.909,3.562
ADSK,126,158,118,162,0.747,1.373,1.286,3.775
MCK,125,137,108,131,0.788,1.213,1.048,3.503
RGA,142,148,128,144,0.865,1.125,1.014,3.635
CLNY,6,6,5,6,0.833,1.2,1.0,3.588
LBRDA,78,86,69,90,0.802,1.304,1.154,3.744
OUT,21,21,17,21,0.81,1.235,1.0,3.547
SPGI,197,215,159,202,0.74,1.27,1.025,3.39
STLD,45,48,29,39,0.604,1.345,0.867,2.942
FFIV,169,199,150,172,0.754,1.147,1.018,3.302
TOL,35,40,29,38,0.725,1.31,1.086,3.447
FBHS,57,58,36,49,0.621,1.361,0.86,2.992
T,32,34,27,31,0.794,1.148,0.969,3.378
MAA,100,105,92,104,0.876,1.13,1.04,3.705
PTEN,17,18,10,14,0.556,1.4,0.824,2.842
PRAH,108,120,84,114,0.7,1.357,1.056,3.393
ERIE,126,130,121,177,0.931,1.463,1.405,4.602
PEP,114,117,105,117,0.897,1.114,1.026,3.749
UMPQ,21,22,15,18,0.682,1.2,0.857,2.987
JCI,37,40,29,36,0.725,1.241,0.973,3.265
MTB,172,180,136,172,0.756,1.265,1.0,3.408
CE,117,118,84,104,0.712,1.238,0.889,3.141
CHH,78,84,67,81,0.798,1.209,1.038,3.521
MOS,30,37,28,32,0.757,1.143,1.067,3.356
IPG,22,25,20,24,0.8,1.2,1.091,3.571
MLM,201,209,153,190,0.732,1.242,0.945,3.259
CSX,70,76,59,73,0.776,1.237,1.043,3.484
SNH,18,19,11,14,0.579,1.273,0.778,2.721
HUN,32,33,18,25,0.545,1.389,0.781,2.764
ANAT,129,133,115,153,0.865,1.33,1.186,4.012
NTAP,78,88,55,66,0.625,1.2,0.846,2.827
MASI,102,125,98,129,0.784,1.316,1.265,3.81
FLT,218,229,175,228,0.764,1.303,1.046,3.516
SABR,24,26,21,23,0.808,1.095,0.958,3.359
SLB,66,67,35,44,0.522,1.257,0.667,2.469
MO,58,66,43,52,0.652,1.209,0.897,2.956
NWL,26,27,15,17,0.556,1.133,0.654,2.405
PGRE,15,16,12,15,0.75,1.25,1.0,3.375
CNA,47,48,42,43,0.875,1.024,0.915,3.47
XRAY,47,48,34,42,0.708,1.235,0.894,3.132
COST,215,245,190,216,0.776,1.137,1.005,3.346
NVR,2709,2757,2101,2680,0.762,1.276,0.989,3.426
TRN,27,28,19,24,0.679,1.263,0.889,3.074
IBM,143,154,108,139,0.701,1.287,0.972,3.242
TAP,70,70,55,62,0.786,1.127,0.886,3.249
WSM,56,73,46,56,0.63,1.217,1.0,3.011
SEE,44,44,31,43,0.705,1.387,0.977,3.358
FNF,40,41,30,35,0.732,1.167,0.875,3.114
FL,47,53,45,60,0.849,1.333,1.277,4.052
JEC,66,81,55,74,0.679,1.345,1.121,3.388
CBOE,96,114,91,97,0.798,1.066,1.01,3.35
VST,23,26,21,27,0.808,1.286,1.174,3.766
BERY,48,51,41,52,0.804,1.268,1.083,3.644
NKTR,53,68,30,40,0.441,1.333,0.755,2.477
GTX,22,22,11,16,0.5,1.455,0.727,2.682
ARD,16,17,10,12,0.588,1.2,0.75,2.641
LFUS,210,228,155,191,0.68,1.232,0.91,3.067
CRL,124,138,105,145,0.761,1.381,1.169,3.708
AMTD,57,60,46,57,0.767,1.239,1.0,3.416
FDX,240,257,153,180,0.595,1.176,0.75,2.634
NBL,35,36,17,23,0.472,1.353,0.657,2.456
HLF,52,60,51,56,0.85,1.098,1.077,3.62
APH,93,97,75,94,0.773,1.253,1.011,3.459
SCHW,50,52,38,46,0.731,1.211,0.92,3.2
PNR,43,45,36,43,0.8,1.194,1.0,3.474
SYF,29,34,22,32,0.647,1.455,1.103,3.395
BOKF,98,105,71,92,0.676,1.296,0.939,3.149
RP,56,66,45,60,0.682,1.333,1.071,3.334
SLGN,28,29,22,29,0.759,1.318,1.036,3.506
ALGN,351,393,182,254,0.463,1.396,0.724,2.549
ZTS,86,95,79,95,0.832,1.203,1.105,3.692
COG,23,25,21,24,0.84,1.143,1.043,3.597
SON,56,59,50,60,0.847,1.2,1.071,3.706
IVZ,26,26,16,19,0.615,1.188,0.731,2.675
ZION,53,54,39,51,0.722,1.308,0.962,3.313
DOCU,55,68,36,54,0.529,1.5,0.982,3.042
PPG,109,117,95,111,0.812,1.168,1.018,3.505
MRVL,21,22,14,20,0.636,1.429,0.952,3.19
BOH,81,85,64,83,0.753,1.297,1.025,3.456
DEI,39,40,33,39,0.825,1.182,1.0,3.543
SPLK,98,129,87,135,0.674,1.552,1.378,3.839
LOW,98,117,86,106,0.735,1.233,1.082,3.395
CNDT,18,23,10,15,0.435,1.5,0.833,2.711
WRK,56,57,35,39,0.614,1.114,0.696,2.564
AMG,155,156,90,109,0.577,1.211,0.703,2.58
HEI,76,94,72,94,0.766,1.306,1.237,3.717
STI,72,75,47,66,0.627,1.404,0.917,3.107
DVA,71,76,49,59,0.645,1.204,0.831,2.867
EMN,101,102,68,84,0.667,1.235,0.832,2.957
UA,18,23,15,20,0.652,1.333,1.111,3.294
GOOG,1206,1250,974,1110,0.779,1.14,0.92,3.274
RIG,13,14,6,8,0.429,1.333,0.615,2.316
BBT,51,53,41,51,0.774,1.244,1.0,3.442
TCF,25,26,18,24,0.692,1.333,0.96,3.251
PH,158,192,141,176,0.734,1.248,1.114,3.44
TIF,135,138,74,93,0.536,1.257,0.689,2.521
IFF,132,149,125,128,0.839,1.024,0.97,3.402
AOS,58,61,41,53,0.672,1.293,0.914,3.11
ADP,131,152,122,153,0.803,1.254,1.168,3.712
ROK,183,197,142,179,0.721,1.261,0.978,3.279
NTNX,49,62,36,53,0.581,1.472,1.082,3.229
MDU,28,29,23,27,0.793,1.174,0.964,3.396
MET,46,49,38,45,0.776,1.184,0.978,3.366
MAT,16,17,9,14,0.529,1.556,0.875,2.991
PYPL,83,93,75,96,0.806,1.28,1.157,3.736
MIC,45,47,35,40,0.745,1.143,0.889,3.142
ABMD,361,453,281,353,0.62,1.256,0.978,3.003
LSI,98,102,89,97,0.873,1.09,0.99,3.604
MCHP,93,98,61,89,0.622,1.459,0.957,3.19
BRKB,1711,1711,1707,1882,0.998,1.103,1.1,4.195
MIDD,101,132,98,119,0.742,1.214,1.178,3.493
WELL,63,67,61,75,0.91,1.23,1.19,4.076
WM,90,93,84,100,0.903,1.19,1.111,3.932
AXS,56,59,49,57,0.831,1.163,1.018,3.562
PHM,28,30,21,28,0.7,1.333,1.0,3.313
RPAI,13,13,11,13,0.846,1.182,1.0,3.613
NKE,78,86,68,85,0.791,1.25,1.09,3.591
HAS,99,109,78,86,0.716,1.103,0.869,2.997
CMCSA,35,39,33,39,0.846,1.182,1.114,3.727
BK,53,53,44,53,0.83,1.205,1.0,3.583
BA,349,392,294,424,0.75,1.442,1.215,3.782
JBHT,118,127,89,109,0.701,1.225,0.924,3.132
CCI,112,114,104,120,0.912,1.154,1.071,3.888
BPR,21,21,15,20,0.714,1.333,0.952,3.305
JLL,169,171,122,167,0.713,1.369,0.988,3.374
CC,45,48,25,39,0.521,1.56,0.867,2.97
VLO,116,121,69,85,0.57,1.232,0.733,2.615
EQC,32,32,29,33,0.906,1.138,1.031,3.811
FEYE,15,15,14,17,0.933,1.214,1.133,4.088
AGO,38,43,36,42,0.837,1.167,1.105,3.673
BIIB,342,356,278,325,0.781,1.169,0.95,3.339
MMC,83,89,76,93,0.854,1.224,1.12,3.803
GGG,46,48,37,47,0.771,1.27,1.022,3.481
NWSA,15,15,11,13,0.733,1.182,0.867,3.124
TTC,59,64,53,68,0.828,1.283,1.153,3.807
JKHY,135,163,121,133,0.742,1.099,0.985,3.185
SUI,97,103,95,114,0.922,1.2,1.175,4.075
DISCA,26,34,24,29,0.706,1.208,1.115,3.32
ATH,46,54,38,45,0.704,1.184,0.978,3.153
TFX,253,253,228,285,0.901,1.25,1.126,4.0
HTA,27,29,24,29,0.828,1.208,1.074,3.653
UTX,134,144,102,128,0.708,1.255,0.955,3.213
PM,86,91,66,87,0.725,1.318,1.012,3.381
ATO,91,100,89,99,0.89,1.112,1.088,3.784
LW,69,73,65,70,0.89,1.077,1.014,3.675
CDK,61,65,45,58,0.692,1.289,0.951,3.198
CMG,440,527,386,600,0.732,1.554,1.364,3.99
FDS,200,237,189,232,0.797,1.228,1.16,3.658
HRS,163,174,127,166,0.73,1.307,1.018,3.391
KMB,112,120,102,119,0.85,1.167,1.062,3.674
CDNS,44,47,39,57,0.83,1.462,1.295,4.135
QCOM,64,75,49,53,0.653,1.082,0.828,2.763
WRB,75,80,70,83,0.875,1.186,1.107,3.824
AEP,70,73,69,82,0.945,1.188,1.171,4.145
RL,128,140,96,127,0.686,1.323,0.992,3.256
PAG,51,54,39,44,0.722,1.128,0.863,3.034
KDP,24,24,22,27,0.917,1.227,1.125,4.034
LULU,121,164,112,149,0.683,1.33,1.231,3.494
QRTEA,21,25,18,22,0.72,1.222,1.048,3.307
PODD,84,108,72,88,0.667,1.222,1.048,3.16
ADBE,246,275,205,259,0.745,1.263,1.053,3.426
NBIX,114,127,68,79,0.535,1.162,0.693,2.427
ADM,48,52,40,42,0.769,1.05,0.875,3.108
NWS,15,15,11,13,0.733,1.182,0.867,3.124
UNM,37,41,27,37,0.659,1.37,1.0,3.239
BURL,150,178,148,164,0.831,1.108,1.093,3.582
KMX,73,81,57,61,0.704,1.07,0.836,2.897
USG,43,43,42,43,0.977,1.024,1.0,3.933
AGN,183,195,130,137,0.667,1.054,0.749,2.693
EQR,66,68,62,74,0.912,1.194,1.121,3.978
NCLH,49,58,40,55,0.69,1.375,1.122,3.449
SIX,63,72,51,57,0.708,1.118,0.905,3.026
VC,113,121,57,89,0.471,1.561,0.788,2.793
MAS,40,40,27,38,0.675,1.407,0.95,3.268
OC,61,62,41,51,0.661,1.244,0.836,2.954
ZNGA,4,4,3,5,0.75,1.667,1.25,4.042
AIG,55,55,37,43,0.673,1.162,0.782,2.85
SEIC,59,64,43,53,0.672,1.233,0.898,3.034
BLK,474,489,362,437,0.74,1.207,0.922,3.224
AGCO,61,64,50,67,0.781,1.34,1.098,3.658
KO,46,47,44,45,0.936,1.023,0.978,3.753
DRE,29,29,25,30,0.862,1.2,1.034,3.72
STE,115,121,100,122,0.826,1.22,1.061,3.646
MSFT,105,116,94,111,0.81,1.181,1.057,3.55
COP,71,80,57,70,0.713,1.228,0.986,3.231
NEM,36,36,29,36,0.806,1.241,1.0,3.54
FTDR,40,49,21,29,0.429,1.381,0.725,2.474
XRX,25,29,19,31,0.655,1.632,1.24,3.73
WAT,194,198,171,235,0.864,1.374,1.211,4.078
AJG,71,78,69,81,0.885,1.174,1.141,3.881
LSXMA,46,47,35,41,0.745,1.171,0.891,3.172
FNB,13,14,9,12,0.643,1.333,0.923,3.083
HD,195,214,158,192,0.738,1.215,0.985,3.289
Y,625,658,577,630,0.877,1.092,1.008,3.638
STL,22,23,16,21,0.696,1.312,0.955,3.236
REG,64,66,56,66,0.848,1.179,1.031,3.648
LII,213,229,187,249,0.817,1.332,1.169,3.836
WFC,57,59,44,49,0.746,1.114,0.86,3.087
TSLA,328,380,251,295,0.661,1.175,0.899,2.948
HCP,26,27,25,31,0.926,1.24,1.192,4.147
LYB,109,116,79,89,0.681,1.127,0.817,2.872
CBS,52,58,42,52,0.724,1.238,1.0,3.286
SYK,165,179,145,189,0.81,1.303,1.145,3.76
MUR,32,36,22,30,0.611,1.364,0.938,3.049
BMRN,100,106,80,88,0.755,1.1,0.88,3.12
NNN,45,46,43,53,0.935,1.233,1.178,4.159
WYNN,153,154,92,132,0.597,1.435,0.863,3.011
EXPD,76,78,63,76,0.808,1.206,1.0,3.512
EHC,75,82,60,66,0.732,1.1,0.88,3.052
APLE,18,18,14,17,0.778,1.214,0.944,3.369
AVY,113,114,84,107,0.737,1.274,0.947,3.307
WSO,168,184,133,144,0.723,1.083,0.857,2.985
BMS,46,52,44,53,0.846,1.205,1.152,3.788
GD,194,207,148,173,0.715,1.169,0.892,3.083
QRVO,79,86,56,68,0.651,1.214,0.861,2.923
CPRI,65,75,36,44,0.48,1.222,0.677,2.36
SLM,11,12,8,11,0.667,1.375,1.0,3.265
CCK,44,52,40,54,0.769,1.35,1.227,3.76
AVT,43,49,34,45,0.694,1.324,1.047,3.334
TWO,15,16,13,14,0.812,1.077,0.933,3.329
ODFL,143,168,116,152,0.69,1.31,1.063,3.325
BXP,129,133,109,136,0.82,1.248,1.054,3.647
LPT,43,45,40,48,0.889,1.2,1.116,3.897
MCY,52,54,49,54,0.907,1.102,1.038,3.785
PSA,201,224,195,201,0.871,1.031,1.0,3.548
HP,61,73,45,55,0.616,1.222,0.902,2.883
CB,138,140,120,135,0.857,1.125,0.978,3.572
BGCP,7,8,5,6,0.625,1.2,0.857,2.838
KEY,21,22,14,18,0.636,1.286,0.857,2.952
CPA,94,98,68,89,0.694,1.309,0.947,3.219
PEGA,57,67,43,65,0.642,1.512,1.14,3.476
OSK,71,77,53,81,0.688,1.528,1.141,3.616
COF,95,101,71,81,0.703,1.141,0.853,2.982
PNW,79,82,77,93,0.939,1.208,1.177,4.148
CINF,75,79,71,86,0.899,1.211,1.147,3.974
AWK,87,90,86,101,0.956,1.174,1.161,4.163
LEA,174,179,116,156,0.648,1.345,0.897,3.082
FANG,132,140,86,104,0.614,1.209,0.788,2.751
KSS,71,82,59,64,0.72,1.085,0.901,3.023
IP,52,55,38,47,0.691,1.237,0.904,3.096
DE,141,158,130,166,0.823,1.277,1.177,3.809
XYL,74,82,61,75,0.744,1.23,1.014,3.351
KMI,17,19,15,19,0.789,1.267,1.118,3.63
FND,39,40,24,38,0.6,1.583,0.974,3.277
PSTG,22,29,14,20,0.483,1.429,0.909,2.805
NXPI,95,97,68,95,0.701,1.397,1.0,3.38
PII,106,112,72,87,0.643,1.208,0.821,2.856
WRI,30,32,24,29,0.75,1.208,0.967,3.3
WH,59,62,43,54,0.694,1.256,0.915,3.134
ON,22,22,15,23,0.682,1.533,1.045,3.508
LH,175,182,121,149,0.665,1.231,0.851,2.966
CVS,64,81,62,62,0.765,1.0,0.969,3.139
AZPN,96,119,75,101,0.63,1.347,1.052,3.193
PBF,47,54,30,34,0.556,1.133,0.723,2.474
BRO,29,31,26,30,0.839,1.154,1.034,3.596
AON,142,166,137,172,0.825,1.255,1.211,3.827
DAL,53,61,46,52,0.754,1.13,0.981,3.248
FHN,18,19,12,16,0.632,1.333,0.889,3.021
ARRS,24,27,22,32,0.815,1.455,1.333,4.116
TEX,39,43,26,35,0.605,1.346,0.897,2.975
OKE,68,70,51,68,0.729,1.333,1.0,3.396
PK,33,34,25,32,0.735,1.28,0.97,3.33
CHE,316,324,266,325,0.821,1.222,1.028,3.598
GPC,97,105,92,111,0.876,1.207,1.144,3.886
KEYS,58,70,54,82,0.771,1.519,1.414,4.122
FLS,43,56,36,47,0.643,1.306,1.093,3.226
TSN,57,64,51,63,0.797,1.235,1.105,3.61
GOOGL,1218,1265,984,1117,0.778,1.135,0.917,3.263
ADI,95,101,78,106,0.772,1.359,1.116,3.667
RMD,106,118,92,101,0.78,1.098,0.953,3.268
TYL,226,252,174,208,0.69,1.195,0.92,3.067
DWDP,66,71,49,55,0.69,1.122,0.833,2.907
ED,78,81,74,82,0.914,1.108,1.051,3.83
A,65,72,61,78,0.847,1.279,1.2,3.914
INVH,23,24,19,23,0.792,1.211,1.0,3.466
BDN,17,17,12,16,0.706,1.333,0.941,3.271
JBL,28,30,22,29,0.733,1.318,1.036,3.429
TDG,367,375,312,437,0.832,1.401,1.191,3.976
VIAB,29,34,25,29,0.735,1.16,1.0,3.24
KEX,82,88,62,78,0.705,1.258,0.951,3.203
HUM,319,354,270,310,0.763,1.148,0.972,3.284
RNG,76,97,66,106,0.68,1.606,1.395,3.926
OXY,82,83,57,66,0.687,1.158,0.805,2.907
ECL,144,160,138,167,0.863,1.21,1.16,3.86
BKNG,2011,2093,1617,1911,0.773,1.182,0.95,3.327
PE,31,32,15,19,0.469,1.267,0.613,2.32
BWXT,65,67,37,53,0.552,1.432,0.815,2.856
AMCX,60,67,52,64,0.776,1.231,1.067,3.502
BBY,74,83,48,60,0.578,1.25,0.811,2.729
EAF,22,24,10,15,0.417,1.5,0.682,2.53
LB,31,38,25,27,0.658,1.08,0.871,2.817
TCO,62,65,44,53,0.677,1.205,0.855,2.977
RRC,15,19,9,11,0.474,1.222,0.733,2.404
FIS,102,111,96,107,0.865,1.115,1.049,3.66
MTN,278,301,181,209,0.601,1.155,0.752,2.629
GLIBA,47,51,40,54,0.784,1.35,1.149,3.728
WAL,57,60,38,47,0.633,1.237,0.825,2.863
TPX,48,59,39,58,0.661,1.487,1.208,3.569
ACC,41,43,39,45,0.907,1.154,1.098,3.897
EQT,27,28,17,19,0.607,1.118,0.704,2.559
TRIP,51,55,44,55,0.8,1.25,1.078,3.608
FSLR,53,54,37,54,0.685,1.459,1.019,3.416
EXPE,132,135,109,127,0.807,1.165,0.962,3.429
IQV,122,131,106,142,0.809,1.34,1.164,3.813
PEG,51,56,50,57,0.893,1.14,1.118,3.853
ETR,82,86,79,93,0.919,1.177,1.134,4.0
HOG,42,46,32,37,0.696,1.156,0.881,3.006
SM,27,33,13,17,0.394,1.308,0.63,2.248
REGN,372,409,330,423,0.807,1.282,1.137,3.721
CONE,62,69,50,53,0.725,1.06,0.855,2.966
CPRT,58,66,45,58,0.682,1.289,1.0,3.219
JBGS,37,41,34,41,0.829,1.206,1.108,3.688
GRMN,64,70,61,83,0.871,1.361,1.297,4.175
ITW,138,148,119,145,0.804,1.218,1.051,3.562
KIM,17,18,14,18,0.778,1.286,1.059,3.556
SO,48,49,43,50,0.878,1.163,1.042,3.747
AME,76,82,63,79,0.768,1.254,1.039,3.473
VMI,139,143,104,137,0.727,1.317,0.986,3.36
ROL,37,43,34,39,0.791,1.147,1.054,3.452
CMD,94,98,70,88,0.714,1.257,0.936,3.213
CMI,139,155,125,155,0.806,1.24,1.115,3.654
APY,40,45,27,40,0.6,1.481,1.0,3.201
TRMB,37,44,30,40,0.682,1.333,1.081,3.344
CIT,53,55,36,51,0.655,1.417,0.962,3.237
BPOP,50,57,45,57,0.789,1.267,1.14,3.652
PPC,17,20,15,20,0.75,1.333,1.176,3.634
VRSN,147,164,134,179,0.817,1.336,1.218,3.889
STWD,23,23,19,22,0.826,1.158,0.957,3.48
OLN,29,32,18,26,0.562,1.444,0.897,2.973
VTR,57,60,52,64,0.867,1.231,1.123,3.857
OMF,34,37,23,34,0.622,1.478,1.0,3.252
RHT,141,152,117,183,0.77,1.564,1.298,4.048
ISRG,511,575,435,552,0.757,1.269,1.08,3.495
EFX,125,138,90,111,0.652,1.233,0.888,2.971
PRGO,79,79,36,49,0.456,1.361,0.62,2.397
FWONK,35,39,28,32,0.718,1.143,0.914,3.088
TDC,38,41,34,47,0.829,1.382,1.237,3.993
IR,97,106,86,106,0.811,1.233,1.093,3.641
DKS,33,39,30,38,0.769,1.267,1.152,3.602
GWW,339,369,266,312,0.721,1.173,0.92,3.133
MHK,188,196,111,140,0.566,1.261,0.745,2.647
WPX,18,21,10,13,0.476,1.3,0.722,2.475
HIG,52,53,41,49,0.774,1.195,0.942,3.335
RS,89,91,69,89,0.758,1.29,1.0,3.439
NDAQ,91,97,77,89,0.794,1.156,0.978,3.395
APC,69,71,41,44,0.577,1.073,0.638,2.377
HPE,15,17,12,16,0.706,1.333,1.067,3.397
LEG,42,46,34,46,0.739,1.353,1.095,3.54
IEX,152,157,119,145,0.758,1.218,0.954,3.321
DHR,102,110,95,113,0.864,1.189,1.108,3.79
RGLD,83,85,71,90,0.835,1.268,1.084,3.746
SHW,438,480,365,440,0.76,1.205,1.005,3.365
PEN,144,157,113,146,0.72,1.292,1.014,3.343
HII,231,261,177,217,0.678,1.226,0.939,3.084
SWKS,94,96,61,82,0.635,1.344,0.872,3.022
DLR,121,125,102,118,0.816,1.157,0.975,3.464
SAGE,147,165,81,154,0.491,1.901,1.048,3.431
IT,130,160,123,142,0.769,1.154,1.092,3.429
EXEL,21,23,14,22,0.609,1.571,1.048,3.361
SATS,44,49,34,40,0.694,1.176,0.909,3.048
AKAM,70,77,58,70,0.753,1.207,1.0,3.341
CVET,46,46,35,37,0.761,1.057,0.804,3.019
CI,185,225,178,194,0.791,1.09,1.049,3.39
NRZ,18,19,14,17,0.737,1.214,0.944,3.244
RE,219,234,205,224,0.876,1.093,1.023,3.651
UNP,148,165,128,170,0.776,1.328,1.149,3.681
ARMK,40,43,28,32,0.651,1.143,0.8,2.791
MKTX,193,194,174,239,0.897,1.374,1.238,4.221
DOX,65,67,55,57,0.821,1.036,0.877,3.261
QGEN,38,39,33,39,0.846,1.182,1.026,3.639
WY,34,36,21,26,0.583,1.238,0.765,2.683
LNG,62,70,55,65,0.786,1.182,1.048,3.466
VIA,33,38,28,35,0.737,1.25,1.061,3.397
EV,52,54,33,42,0.611,1.273,0.808,2.828
FLO,20,21,18,21,0.857,1.167,1.05,3.686
TEAM,73,97,66,105,0.68,1.591,1.438,3.954
WTFC,89,92,62,74,0.674,1.194,0.831,2.934
MORN,131,142,106,126,0.746,1.189,0.962,3.264
UNH,254,286,233,267,0.815,1.146,1.051,3.525
SRC,42,43,34,40,0.791,1.176,0.952,3.379
NOV,47,47,24,28,0.511,1.167,0.596,2.285
MAN,92,94,63,85,0.67,1.349,0.924,3.171
ABT,64,65,63,76,0.969,1.206,1.188,4.272
ITT,55,62,45,59,0.726,1.311,1.073,3.438
DLB,64,72,58,65,0.806,1.121,1.016,3.436
CACC,427,465,357,442,0.768,1.238,1.035,3.453
ATVI,74,84,40,42,0.476,1.05,0.568,2.071
ACA,28,33,23,31,0.697,1.348,1.107,3.427
ATR,102,112,89,102,0.795,1.146,1.0,3.41
NOC,298,320,226,289,0.706,1.279,0.97,3.246
CBT,65,67,40,48,0.597,1.2,0.738,2.651
SQ,65,101,50,76,0.495,1.52,1.169,3.179
WDC,69,69,35,49,0.507,1.4,0.71,2.624
AAPL,201,232,142,173,0.612,1.218,0.861,2.828
CERN,62,68,49,58,0.721,1.184,0.935,3.159
NFG,53,59,51,60,0.864,1.176,1.132,3.801
CNP,28,29,27,31,0.931,1.148,1.107,3.989
KLAC,115,120,81,114,0.675,1.407,0.991,3.309
INGR,96,106,88,94,0.83,1.068,0.979,3.425
KHC,59,64,35,35,0.547,1.0,0.593,2.191
GE,13,14,7,10,0.5,1.429,0.769,2.698
HXL,68,70,54,72,0.771,1.333,1.059,3.581
STT,86,90,59,72,0.656,1.22,0.837,2.918
UDR,39,41,38,45,0.927,1.184,1.154,4.057
FTNT,70,93,65,87,0.699,1.338,1.243,3.558
SNA,167,188,136,161,0.723,1.184,0.964,3.193
CAT,137,158,112,139,0.709,1.241,1.015,3.261
ROST,86,103,76,94,0.738,1.237,1.093,3.419
TTWO,112,138,87,87,0.63,1.0,0.777,2.571
ETN,81,89,65,81,0.73,1.246,1.0,3.312
KR,29,33,27,29,0.818,1.074,1.0,3.412
HSIC,62,71,58,60,0.817,1.034,0.968,3.337
MAC,59,61,41,44,0.672,1.073,0.746,2.722
WHR,130,135,102,146,0.756,1.431,1.123,3.697
CAG,36,38,21,23,0.553,1.095,0.639,2.346
SWK,144,155,108,139,0.697,1.287,0.965,3.224
FMC,85,92,70,89,0.761,1.271,1.047,3.476
DPZ,270,301,234,261,0.777,1.115,0.967,3.289
MU,52,53,29,43,0.547,1.483,0.827,2.908
MYL,37,39,26,31,0.667,1.192,0.838,2.92
MS,50,50,37,42,0.74,1.135,0.84,3.07
EVRG,56,59,54,55,0.915,1.019,0.982,3.675
MSM,83,90,74,85,0.822,1.149,1.024,3.524
GPK,14,15,10,13,0.667,1.3,0.929,3.119
CRI,104,111,76,93,0.685,1.224,0.894,3.056
ALSN,46,53,41,50,0.774,1.22,1.087,3.505
NFLX,337,384,234,363,0.609,1.551,1.077,3.37
BG,66,71,51,52,0.718,1.02,0.788,2.839
AN,46,48,33,37,0.688,1.121,0.804,2.872
DLTR,90,96,80,97,0.833,1.212,1.078,3.678
GT,24,25,18,19,0.72,1.056,0.792,2.885
DFS,71,80,55,71,0.688,1.291,1.0,3.238
CPT,93,96,84,98,0.875,1.167,1.054,3.752
HAIN,28,30,15,18,0.5,1.2,0.643,2.343
WP,81,103,71,89,0.689,1.254,1.099,3.302
PTC,92,107,77,93,0.72,1.208,1.011,3.256
OKTA,51,75,44,84,0.587,1.909,1.647,4.245
DELL,51,59,43,56,0.729,1.302,1.098,3.463
GRUB,124,148,68,80,0.459,1.176,0.645,2.242
FOXA,45,46,44,51,0.957,1.159,1.133,4.124
TRGP,51,59,34,42,0.576,1.235,0.824,2.723
OFC,30,31,20,26,0.645,1.3,0.867,2.999
SWCH,13,14,6,9,0.429,1.5,0.692,2.56
POOL,156,175,138,159,0.789,1.152,1.019,3.416
AMZN,1789,2040,1344,1632,0.659,1.214,0.912,2.995
GIS,45,48,37,47,0.771,1.27,1.044,3.503
CPB,41,43,32,33,0.744,1.031,0.805,2.943
ACGL,30,31,25,32,0.806,1.28,1.067,3.646
HIW,49,50,37,47,0.74,1.27,0.959,3.324
LNT,42,46,41,46,0.891,1.122,1.095,3.805
NUAN,15,18,13,17,0.722,1.308,1.133,3.484
MFA,8,8,7,7,0.875,1.0,0.875,3.406
MMM,206,217,179,209,0.825,1.168,1.015,3.544
NEE,169,175,164,188,0.937,1.146,1.112,4.014
LAZ,53,53,34,36,0.642,1.059,0.679,2.562
FISV,74,83,69,85,0.831,1.232,1.149,3.762
SPR,88,94,66,98,0.702,1.485,1.114,3.585
EQIX,444,455,339,429,0.745,1.265,0.966,3.341
DTE,108,114,106,124,0.93,1.17,1.148,4.048
GRA,72,74,60,78,0.811,1.3,1.083,3.698
AMT,150,152,141,177,0.928,1.255,1.18,4.157
FRC,100,106,79,104,0.745,1.316,1.04,3.466
NUS,73,86,56,64,0.651,1.143,0.877,2.868
TWTR,32,36,26,32,0.722,1.231,1.0,3.274
RSG,73,75,68,78,0.907,1.147,1.068,3.86
SYY,67,76,60,67,0.789,1.117,1.0,3.362
NOW,177,205,149,235,0.727,1.577,1.328,3.962
REZI,28,28,19,26,0.679,1.368,0.929,3.219
PFG,56,61,41,53,0.672,1.293,0.946,3.142
ALLY,26,28,21,27,0.75,1.286,1.038,3.449
SGEN,69,83,51,71,0.614,1.392,1.029,3.175
BAH,47,53,43,54,0.811,1.256,1.149,3.72
CTSH,75,79,60,72,0.759,1.2,0.96,3.312
GPN,115,129,95,128,0.736,1.347,1.113,3.543
OI,19,20,16,20,0.8,1.25,1.053,3.583
ST,54,56,41,51,0.732,1.244,0.944,3.26
SYMC,20,21,18,23,0.857,1.278,1.15,3.897
BLUE,152,176,91,131,0.517,1.44,0.862,2.837
VMC,113,116,84,113,0.724,1.345,1.0,3.393
SITC,303,375,11,13,0.029,1.182,0.043,1.227
AMGN,195,209,178,188,0.852,1.056,0.964,3.472
FLIR,59,63,41,53,0.651,1.293,0.898,3.039
NI,26,28,24,27,0.857,1.125,1.038,3.632
SSNC,54,59,42,60,0.712,1.429,1.111,3.554
FCNCA,414,481,355,440,0.738,1.239,1.063,3.391
VAR,114,115,103,133,0.896,1.291,1.167,4.064
ESTC,70,73,61,94,0.836,1.541,1.343,4.282
IBKR,60,63,47,56,0.746,1.191,0.933,3.237
WMT,88,106,86,100,0.811,1.163,1.136,3.614
NDSN,132,146,111,137,0.76,1.234,1.038,3.427
WBT,22,23,11,16,0.478,1.455,0.727,2.639
GPS,29,33,25,25,0.758,1.0,0.862,3.011
BFAM,107,124,105,123,0.847,1.171,1.15,3.756
LAMR,72,80,65,78,0.812,1.2,1.083,3.602
LRCX,184,190,123,179,0.647,1.455,0.973,3.265
ORI,21,23,20,21,0.87,1.05,1.0,3.564
ENR,61,65,43,46,0.662,1.07,0.754,2.7
TJX,48,56,42,50,0.75,1.19,1.042,3.357
W,116,150,78,150,0.52,1.923,1.293,3.757
CNX,16,16,10,10,0.625,1.0,0.625,2.406
SRCL,71,71,35,45,0.493,1.286,0.634,2.406
DVN,43,44,21,30,0.477,1.429,0.698,2.582
FICO,204,240,172,249,0.717,1.448,1.221,3.697
ANET,262,309,188,275,0.608,1.463,1.05,3.252
DCI,47,59,41,52,0.695,1.268,1.106,3.34
BSX,33,39,32,41,0.821,1.281,1.242,3.871
CMA,97,100,64,88,0.64,1.375,0.907,3.101
ACHC,41,45,25,28,0.556,1.12,0.683,2.421
NEU,402,409,363,441,0.888,1.215,1.097,3.889
UPS,119,125,90,110,0.72,1.222,0.924,3.183
APA,44,49,25,33,0.51,1.32,0.75,2.59
CBSH,64,69,53,64,0.768,1.208,1.0,3.388
NCR,27,29,21,29,0.724,1.381,1.074,3.503
HBAN,15,16,11,14,0.688,1.273,0.933,3.153
XPO,96,116,44,52,0.379,1.182,0.542,2.011
CL,66,69,58,67,0.841,1.155,1.015,3.585
TRU,73,77,53,64,0.688,1.208,0.877,3.032
BMY,60,63,45,51,0.714,1.133,0.85,3.003
CY,18,18,12,16,0.667,1.333,0.889,3.112
CHK,4,5,2,3,0.4,1.5,0.75,2.57
PAYC,125,163,110,184,0.675,1.673,1.472,4.056
RLGY,22,24,14,18,0.583,1.286,0.818,2.784
ADNT,45,47,15,21,0.319,1.4,0.467,2.071
BIO,310,345,220,274,0.638,1.245,0.884,2.943
UHS,121,139,113,136,0.813,1.204,1.124,3.65
AAL,38,44,30,35,0.682,1.167,0.921,3.018
CVX,124,127,101,119,0.795,1.178,0.96,3.402
UHAL,371,384,318,377,0.828,1.186,1.016,3.573
ELAN,32,38,28,29,0.737,1.036,0.906,3.028
PCAR,64,73,54,70,0.74,1.296,1.094,3.485
TFSL,15,16,14,17,0.875,1.214,1.133,3.878
ARNC,21,23,16,18,0.696,1.125,0.857,2.951
M,38,42,24,24,0.571,1.0,0.632,2.284
HAL,41,42,25,31,0.595,1.24,0.756,2.704
TER,43,44,29,41,0.659,1.414,0.953,3.236
LPLA,67,68,52,77,0.765,1.481,1.149,3.8
BHF,43,46,29,43,0.63,1.483,1.0,3.277
WBC,123,127,100,119,0.787,1.19,0.967,3.396
FDC,23,26,16,25,0.615,1.562,1.087,3.405
R,77,79,45,64,0.57,1.422,0.831,2.903
PCG,43,49,6,19,0.122,3.167,0.442,3.639
CHTR,297,333,274,350,0.823,1.277,1.178,3.81
WBA,66,86,65,70,0.756,1.077,1.061,3.281
AMAT,47,50,29,39,0.58,1.345,0.83,2.848
PFPT,112,120,79,120,0.658,1.519,1.071,3.456
DISCK,24,31,23,28,0.742,1.217,1.167,3.485
FAST,55,61,48,63,0.787,1.312,1.145,3.696
JEF,24,25,16,20,0.64,1.25,0.833,2.902
CR,88,100,67,86,0.67,1.284,0.977,3.159
ULTA,234,315,229,311,0.727,1.358,1.329,3.744
FCX,15,16,10,13,0.625,1.3,0.867,2.948
BRKR,32,36,26,38,0.722,1.462,1.188,3.693
HPQ,23,27,19,24,0.704,1.263,1.043,3.297
RHI,76,80,53,68,0.662,1.283,0.895,3.054
CDEV,18,23,10,13,0.435,1.3,0.722,2.4
TECH,166,204,133,195,0.652,1.466,1.175,3.491
COTY,13,14,6,11,0.429,1.833,0.846,3.047
