,Start,High,Low,Last,Drop,Recover,TotalChange,Score,HighDate,LowDate,DropTime
MSFT,74.76,116.18,72.92,111.59,0.628,1.53,1.493,3.797,2018-10-03,2017-09-25,179
AAPL,162.61,233.47,142.0,174.23,0.608,1.227,1.071,2.794,2018-10-03,2019-01-03,62
AMZN,983.27,2050.5,931.75,1633.0,0.454,1.753,1.661,3.1,2018-09-04,2017-09-26,180
BRKB,204.25,204.59,199.92,201.91,0.977,1.01,0.989,3.906,2019-02-22,2019-02-22,0
FB,173.76,218.62,123.02,164.62,0.563,1.338,0.947,2.573,2018-07-25,2018-12-24,105
JNJ,133.83,148.99,118.62,136.2,0.796,1.148,1.018,3.448,2018-12-04,2018-05-29,348
JPM,90.17,119.33,90.1,106.1,0.755,1.178,1.177,3.556,2018-02-27,2017-09-12,170
GOOG,932.59,1273.89,909.7,1109.4,0.714,1.22,1.19,3.441,2018-07-27,2017-09-25,179
GOOGL,946.92,1291.4399,924.51,1117.33,0.716,1.209,1.18,3.421,2018-07-27,2017-09-25,179
XOM,79.4,89.3,64.65,78.5,0.724,1.214,0.989,3.19,2018-01-29,2018-12-26,229
BAC,23.46,33.05,22.66,29.27,0.686,1.292,1.248,3.485,2018-03-12,2018-12-24,199
UNH,199.44,287.94,186.0,264.6,0.646,1.423,1.327,3.553,2018-12-04,2017-10-13,193
V,106.64,151.56,102.75,146.06,0.678,1.422,1.37,3.786,2018-10-01,2017-09-25,179
PG,93.72,100.45,70.73,99.57,0.704,1.408,1.062,3.478,2019-02-25,2018-05-02,330
PFE,34.38,46.47,33.2,43.08,0.714,1.298,1.253,3.643,2018-12-04,2018-02-09,274
INTC,35.88,57.6,35.74,53.1,0.62,1.486,1.48,3.678,2018-06-04,2017-09-12,170
VZ,46.5,61.58,43.97,56.78,0.714,1.291,1.221,3.587,2018-11-20,2017-11-15,216
CVX,112.82,133.88,100.22,119.62,0.749,1.194,1.06,3.376,2018-01-16,2018-12-26,238
T,35.96,39.8,26.8,31.13,0.673,1.162,0.866,2.73,2017-10-05,2018-12-26,307
CSCO,32.3,51.0,31.91,50.79,0.626,1.592,1.572,3.961,2019-02-25,2017-09-14,172
BA,240.59,429.92,237.09,426.87,0.551,1.8,1.774,3.939,2019-02-25,2017-09-13,171
HD,159.06,215.43,157.16,189.98,0.73,1.209,1.194,3.508,2018-09-12,2017-09-19,175
WFC,50.85,66.31,43.02,49.66,0.649,1.154,0.977,2.766,2018-01-29,2018-12-26,229
MRK,65.12,80.99,52.83,80.38,0.652,1.521,1.234,3.593,2019-02-25,2018-04-03,309
MA,142.66,225.4,137.75,223.32,0.611,1.621,1.565,3.893,2019-02-25,2017-09-26,180
KO,46.5,50.84,41.45,44.94,0.815,1.084,0.966,3.341,2018-11-20,2018-05-15,339
CMCSA,38.38,44.0,30.43,38.57,0.692,1.267,1.005,3.144,2018-01-24,2018-05-09,73
DIS,97.59,120.2,96.8,113.59,0.805,1.173,1.164,3.763,2018-11-09,2017-10-13,193
PEP,115.69,122.51,95.94,116.06,0.783,1.21,1.003,3.466,2018-01-23,2018-05-09,74
C,68.22,80.7,48.42,64.53,0.6,1.333,0.946,2.735,2018-01-29,2018-12-26,229
NFLX,182.55,423.21,176.55,363.91,0.417,2.061,1.993,3.381,2018-06-21,2017-09-26,180
WMT,79.3,109.98,77.5,99.12,0.705,1.279,1.25,3.566,2018-01-29,2017-10-02,184
MCD,160.21,190.88,146.84,182.61,0.769,1.244,1.14,3.667,2018-11-29,2018-03-02,288
PM,118.07,118.17,64.67,86.6,0.547,1.339,0.733,2.267,2017-09-12,2018-12-27,325
ORCL,52.64,53.48,42.4,52.56,0.793,1.24,0.998,3.549,2018-03-13,2018-12-26,199
ABT,52.49,77.05,51.37,76.86,0.667,1.496,1.464,3.949,2019-02-25,2017-09-19,175
DWDP,68.2,77.08,48.89,56.08,0.634,1.147,0.822,2.497,2018-01-24,2018-12-26,232
ADBE,156.76,277.61,143.95,258.62,0.519,1.797,1.65,3.578,2018-09-14,2017-09-25,179
UNP,107.91,172.44,107.78,169.55,0.625,1.573,1.571,3.93,2019-02-19,2017-09-12,170
IBM,145.11,171.13,105.94,139.46,0.619,1.316,0.961,2.819,2018-01-18,2018-12-26,236
MDT,81.5,100.15,76.41,92.22,0.763,1.207,1.132,3.569,2018-09-26,2018-03-23,303
CRM,97.59,163.57,92.11,161.36,0.563,1.752,1.653,3.834,2019-02-13,2017-09-25,179
MMM,209.91,259.77,176.87,210.58,0.681,1.191,1.003,2.988,2018-01-26,2018-12-26,230
ABBV,86.97,125.86,75.77,80.29,0.602,1.06,0.923,2.388,2018-01-26,2019-01-29,252
AMGN,187.0,210.19,163.31,189.81,0.777,1.162,1.015,3.383,2018-09-27,2018-04-02,308
AVGO,249.66,286.63,197.46,278.6,0.689,1.411,1.116,3.482,2019-02-20,2018-07-12,379
LLY,82.6,124.74,73.69,123.89,0.591,1.681,1.5,3.76,2019-02-22,2018-02-09,274
HON,133.1669,162.5194,123.48,154.06,0.76,1.248,1.157,3.656,2018-10-01,2018-12-26,59
PYPL,62.95,97.304,61.58,96.7,0.633,1.57,1.536,3.932,2019-02-25,2017-09-13,171
NKE,53.77,86.04,50.35,85.17,0.585,1.692,1.584,3.833,2018-09-21,2017-10-12,192
UTX,110.07,144.15,100.48,128.27,0.697,1.277,1.165,3.404,2018-09-21,2018-12-26,65
TXN,82.34,120.75,82.16,108.19,0.68,1.317,1.314,3.578,2018-01-23,2017-09-12,170
ACN,136.56,175.64,132.27,161.67,0.753,1.222,1.184,3.623,2018-09-21,2017-09-28,182
TMO,194.02,255.73,181.51,253.84,0.71,1.398,1.308,3.843,2019-02-25,2017-12-05,229
NVDA,170.0,292.76,124.46,158.69,0.425,1.275,0.933,1.877,2018-10-02,2018-12-26,58
MO,62.44,74.38,42.4,51.84,0.57,1.223,0.83,2.34,2017-12-19,2019-01-24,274
LIN,159.18,175.01,145.95,174.62,0.834,1.196,1.097,3.825,2019-02-25,2018-12-26,148
COST,157.67,245.16,154.11,217.05,0.629,1.408,1.377,3.504,2018-09-11,2017-10-09,189
NEE,151.08,189.39,144.7,187.88,0.764,1.298,1.244,3.884,2019-02-25,2017-09-28,182
BKNG,1875.46,2228.99,1606.27,1890.03,0.721,1.177,1.008,3.151,2018-03-13,2018-12-24,198
SBUX,53.98,72.07,47.37,71.05,0.657,1.5,1.316,3.7,2019-02-25,2018-06-28,370
GE,23.82,25.21,6.66,10.82,0.264,1.625,0.454,1.098,2017-09-26,2018-12-11,304
GILD,84.15,89.54,60.32,65.35,0.674,1.083,0.777,2.507,2018-01-29,2018-12-26,229
LOW,77.88,117.7,75.36,105.01,0.64,1.393,1.348,3.508,2018-09-28,2017-11-02,207
CAT,119.19,173.24,112.06,141.41,0.647,1.262,1.186,3.168,2018-01-16,2018-10-29,199
BMY,62.44,70.05,44.3,50.65,0.632,1.143,0.811,2.47,2018-02-16,2019-01-03,220
COP,45.03,80.24,44.79,69.25,0.558,1.546,1.538,3.442,2018-10-01,2017-09-12,170
CVS,80.0,84.0,60.14,61.23,0.716,1.018,0.765,2.553,2017-09-19,2018-03-27,130
ANTM,195.89,317.99,179.4,314.4,0.564,1.753,1.605,3.788,2019-02-25,2017-09-20,176
AMT,146.14,178.32,130.37,174.23,0.731,1.336,1.192,3.696,2019-02-19,2018-02-09,274
UPS,116.23,135.53,89.89,110.86,0.663,1.233,0.954,2.9,2018-01-18,2018-12-24,235
USB,51.14,58.5,43.14,51.61,0.737,1.196,1.009,3.25,2018-01-29,2018-12-26,229
LMT,304.45,363.0,241.18,305.97,0.664,1.269,1.005,3.02,2018-02-16,2018-12-26,215
AXP,85.97,114.55,85.81,106.93,0.749,1.246,1.244,3.73,2018-12-03,2017-09-12,170
CI,186.41,227.13,163.02,191.62,0.718,1.175,1.028,3.164,2018-01-29,2018-03-13,30
MDLZ,41.33,48.46,37.42,47.21,0.772,1.262,1.142,3.712,2019-02-21,2018-05-02,330
DHR,87.07,124.1,83.81,123.15,0.675,1.469,1.414,3.892,2019-02-25,2017-10-17,195
GS,222.54,275.31,151.7,198.65,0.551,1.309,0.893,2.427,2018-03-12,2018-12-26,200
BDX,203.45,265.87,191.53,250.28,0.72,1.307,1.23,3.653,2018-10-01,2017-09-21,177
ADP,107.05,154.55,106.25,152.49,0.687,1.435,1.424,3.928,2019-02-25,2017-09-15,173
BIIB,326.82,388.67,249.17,327.48,0.641,1.314,1.002,2.969,2018-07-25,2018-04-24,324
DUK,88.3,91.8,71.96,89.48,0.784,1.243,1.013,3.537,2017-11-15,2018-06-11,141
QCOM,50.6,76.5,48.56,52.99,0.635,1.091,1.047,2.715,2018-09-18,2018-04-26,326
CME,128.98,197.08,128.61,177.49,0.653,1.38,1.376,3.599,2018-11-19,2017-09-12,170
ISRG,348.1933,581.12,337.7967,553.39,0.581,1.638,1.589,3.75,2018-10-01,2017-09-26,180
CB,145.89,157.5,119.54,135.37,0.759,1.132,0.928,3.127,2018-01-31,2018-12-26,227
TJX,36.505,56.64,33.22,49.4,0.587,1.487,1.353,3.334,2018-10-01,2017-11-14,215
CELG,140.89,147.17,58.59,90.41,0.398,1.543,0.642,1.739,2017-10-02,2018-12-26,310
SLB,65.76,80.35,34.99,44.79,0.435,1.28,0.681,1.706,2018-01-23,2018-12-26,233
CHTR,380.92,396.64,250.1,348.9,0.631,1.395,0.916,2.916,2018-02-02,2018-04-27,58
INTU,142.93,251.57,140.21,247.72,0.557,1.767,1.733,3.899,2019-02-22,2017-10-04,186
SYK,143.69,189.69,138.94,187.48,0.732,1.349,1.305,3.885,2019-02-25,2017-09-25,179
CSX,52.05,76.24,48.26,72.82,0.633,1.509,1.399,3.682,2018-08-28,2017-11-15,216
CL,72.0,77.91,57.41,66.52,0.737,1.159,0.924,3.07,2018-01-19,2018-10-29,196
PNC,124.19,163.59,108.45,123.69,0.663,1.141,0.996,2.834,2018-02-27,2018-12-26,209
D,79.79,85.3,61.53,75.12,0.721,1.221,0.941,3.118,2017-12-18,2018-06-06,116
WBA,82.24,86.31,59.07,71.31,0.684,1.207,0.867,2.837,2018-12-04,2018-06-28,370
SPG,160.4,191.49,145.78,183.3,0.761,1.257,1.143,3.653,2018-12-11,2018-04-25,325
BSX,28.97,40.81,24.54,39.99,0.601,1.63,1.38,3.618,2019-02-22,2017-12-06,230
EOG,87.85,133.53,82.04,94.75,0.614,1.155,1.079,2.743,2018-10-09,2018-12-26,53
SCHW,39.67,60.22,37.83,46.01,0.628,1.216,1.16,2.984,2018-05-21,2018-12-26,151
MS,45.36,59.38,36.74,42.19,0.619,1.148,0.93,2.573,2018-03-12,2018-12-24,199
FOXA,25.83,51.27,24.81,50.73,0.484,2.045,1.964,3.881,2019-02-25,2017-11-06,209
RTN,182.62,229.75,144.27,186.25,0.628,1.291,1.02,2.903,2018-04-24,2018-12-26,170
BLK,426.14,594.52,360.79,438.93,0.607,1.217,1.03,2.728,2018-01-23,2018-12-24,232
DE,118.51,175.26,116.72,164.86,0.666,1.412,1.391,3.734,2018-02-16,2017-09-13,171
GM,37.41,46.76,30.56,40.14,0.654,1.313,1.073,3.121,2017-10-24,2018-10-24,252
SO,50.49,53.51,42.38,49.56,0.792,1.169,0.982,3.407,2017-11-03,2018-02-22,74
OXY,60.35,87.67,56.83,66.23,0.648,1.165,1.097,2.932,2018-06-07,2018-12-26,139
NOC,268.88,360.88,223.63,287.05,0.62,1.284,1.068,2.916,2018-04-05,2018-12-26,183
NSC,126.25,186.91,125.5,181.41,0.671,1.445,1.437,3.868,2018-09-18,2017-09-13,171
SPGI,152.9,217.31,152.48,201.94,0.702,1.324,1.321,3.714,2018-07-26,2017-09-12,170
CCI,106.94,120.56,98.85,118.17,0.82,1.195,1.105,3.772,2019-02-19,2018-04-30,328
BK,51.7,58.99,43.67,52.93,0.74,1.212,1.024,3.309,2018-01-16,2018-12-26,238
GD,199.89,230.0,143.87,173.14,0.626,1.203,0.866,2.59,2018-03-09,2018-12-26,201
EXC,38.35,48.97,35.57,48.42,0.726,1.361,1.263,3.81,2019-02-25,2018-02-06,271
VRTX,156.65,195.81,136.5,186.33,0.697,1.365,1.189,3.56,2019-01-22,2017-12-07,231
MU,33.69,64.66,28.39,42.75,0.439,1.506,1.269,2.436,2018-05-30,2018-12-26,145
MMC,81.39,93.39,74.3,92.58,0.796,1.246,1.137,3.794,2019-02-25,2018-12-26,494
ZTS,65.25,96.57,62.79,94.39,0.65,1.503,1.447,3.835,2018-11-01,2017-09-28,182
PLD,65.09,71.92,55.21,71.26,0.768,1.291,1.095,3.665,2019-02-25,2018-12-26,494
MPC,53.95,88.45,52.26,64.75,0.591,1.239,1.2,2.883,2018-09-25,2017-09-15,173
FDX,213.31,274.66,150.94,181.07,0.55,1.2,0.849,2.254,2018-01-18,2018-12-26,236
MET,47.81,55.91,37.76,45.26,0.675,1.199,0.947,2.897,2017-11-02,2018-12-26,287
ITW,141.81,179.07,117.75,145.02,0.658,1.232,1.023,2.968,2018-01-29,2018-12-26,229
ILMN,213.21,372.61,196.0,304.74,0.526,1.555,1.429,3.139,2018-09-28,2017-09-28,182
AGN,233.0,233.23,125.84,136.2,0.54,1.082,0.585,1.8,2017-09-12,2018-12-26,324
ECL,129.82,168.49,125.74,168.22,0.746,1.338,1.296,3.93,2019-02-25,2018-02-09,274
ICE,65.66,82.65,64.91,75.34,0.785,1.161,1.147,3.624,2018-12-03,2017-10-25,201
EMR,61.0,79.7,55.39,68.75,0.695,1.241,1.127,3.292,2018-10-04,2018-12-26,56
HUM,257.11,355.88,231.9,304.87,0.652,1.315,1.186,3.261,2018-11-07,2017-11-20,219
PGR,46.3,73.69,45.43,72.73,0.617,1.601,1.571,3.914,2018-11-07,2017-09-14,172
KMB,119.65,123.77,97.1,117.78,0.785,1.213,0.984,3.449,2017-12-05,2018-04-24,95
AON,142.63,173.53,130.87,171.17,0.754,1.308,1.2,3.782,2019-02-19,2018-01-03,248
CTSH,72.38,85.1,59.47,72.25,0.699,1.215,0.998,3.094,2018-03-15,2018-12-26,197
PSX,85.2,123.97,78.44,97.29,0.633,1.24,1.142,3.016,2018-08-07,2018-12-24,96
BBT,44.79,56.31,40.68,51.26,0.722,1.26,1.144,3.471,2018-03-12,2018-12-26,200
AEP,74.49,81.76,62.71,80.78,0.767,1.288,1.084,3.639,2019-02-22,2018-06-11,357
APD,149.85,182.25,148.44,181.17,0.814,1.22,1.209,3.954,2019-02-25,2018-10-26,454
PRU,101.48,127.14,75.61,95.56,0.595,1.264,0.942,2.625,2018-01-29,2018-12-26,229
WM,77.59,100.16,75.86,99.3,0.757,1.309,1.28,3.92,2019-02-15,2017-10-04,186
ADI,82.63,108.28,76.62,107.9,0.708,1.408,1.306,3.843,2019-02-20,2018-10-26,454
COF,79.39,106.5,69.9,81.42,0.656,1.165,1.026,2.875,2018-01-24,2018-12-26,232
AMAT,45.84,62.4,28.79,39.66,0.461,1.378,0.865,2.068,2018-03-12,2018-12-26,200
AIG,60.84,65.55,36.16,43.83,0.552,1.212,0.72,2.133,2017-10-20,2018-12-10,285
HCA,78.3,147.42,71.18,143.26,0.483,2.013,1.83,3.712,2018-12-04,2017-10-13,193
TGT,57.33,90.39,54.04,73.1,0.598,1.353,1.275,3.143,2018-09-10,2017-11-15,216
USD,30.5733,54.1067,25.62,39.93,0.474,1.559,1.306,2.716,2018-03-13,2018-12-26,199
AFL,41.305,49.38,40.55,48.96,0.821,1.207,1.185,3.928,2019-02-15,2017-09-29,183
HPQ,19.29,27.08,19.1,23.91,0.705,1.252,1.24,3.514,2018-10-04,2017-09-13,171
BAX,64.4,78.38,60.78,74.79,0.775,1.231,1.161,3.708,2018-09-20,2017-10-10,190
KMI,19.44,19.85,14.62,19.3,0.737,1.32,0.993,3.409,2017-09-20,2018-12-26,318
EW,115.17,178.68,100.2,170.44,0.561,1.701,1.48,3.569,2019-02-19,2017-10-30,204
SHW,348.5,479.64,338.45,437.68,0.706,1.293,1.256,3.599,2018-09-21,2017-09-18,174
MAR,104.66,149.21,100.62,128.48,0.674,1.277,1.228,3.377,2018-01-30,2018-12-24,227
VLO,70.0,126.98,68.81,84.98,0.542,1.235,1.214,2.655,2018-06-04,2018-12-26,142
FIS,93.5,110.83,89.31,106.79,0.806,1.196,1.142,3.769,2018-09-21,2017-11-07,210
ADSK,116.35,166.29,101.55,163.94,0.611,1.614,1.409,3.694,2019-02-25,2018-02-09,274
ROST,59.49,104.35,59.19,93.86,0.567,1.586,1.578,3.588,2018-11-08,2017-09-12,170
ETN,73.5,89.85,64.46,80.92,0.717,1.255,1.101,3.379,2018-02-01,2018-12-26,226
EL,108.54,159.37,106.0,157.26,0.665,1.484,1.449,3.901,2019-02-25,2017-09-28,182
TRV,122.55,150.55,111.08,132.49,0.738,1.193,1.081,3.356,2018-02-02,2018-12-26,225
EQIX,474.19,495.35,335.29,428.98,0.677,1.279,0.905,2.957,2017-11-08,2018-12-26,283
F,11.43,13.48,7.41,8.76,0.55,1.182,0.766,2.143,2018-01-16,2018-12-26,238
FISV,62.155,86.29,60.19,84.24,0.698,1.4,1.355,3.846,2019-02-11,2017-11-01,206
EBAY,38.07,46.99,26.01,37.34,0.554,1.436,0.981,2.678,2018-02-01,2018-12-26,226
JCI,39.47,42.6,28.3,35.83,0.664,1.266,0.908,2.887,2017-10-27,2018-12-26,291
WMB,30.26,33.67,20.36,27.35,0.605,1.343,0.904,2.719,2018-01-24,2018-12-26,232
ROP,237.23,320.22,234.78,319.35,0.733,1.36,1.346,3.967,2019-02-25,2017-09-13,171
ALL,91.16,105.36,77.0,94.9,0.731,1.232,1.041,3.323,2017-12-29,2018-12-26,248
REGN,448.12,477.0,281.89,420.38,0.591,1.491,0.938,2.871,2017-10-05,2018-05-09,148
RHT,107.71,183.54,104.51,182.4,0.569,1.745,1.693,3.912,2019-02-25,2017-09-25,179
SYY,53.35,75.98,52.18,67.26,0.687,1.289,1.261,3.504,2018-08-24,2017-09-14,172
SRE,119.9,127.22,100.49,117.59,0.79,1.17,0.981,3.399,2018-09-14,2018-06-06,354
ATVI,66.48,84.68,39.85,41.96,0.471,1.053,0.631,1.586,2018-10-01,2019-02-11,90
DAL,48.94,61.32,45.08,51.41,0.735,1.14,1.05,3.219,2018-11-30,2019-01-03,21
DG,76.09,120.33,75.85,118.76,0.63,1.566,1.561,3.94,2019-02-15,2017-09-12,170
ORLY,196.06,394.42,190.0,375.16,0.482,1.975,1.913,3.748,2019-02-19,2017-10-26,202
XLNX,64.65,126.29,62.27,124.04,0.493,1.992,1.919,3.856,2019-02-25,2018-02-09,274
PSA,210.5,234.9,180.48,201.41,0.768,1.116,0.957,3.184,2018-07-06,2018-02-08,273
KHC,82.82,82.98,34.06,34.23,0.41,1.005,0.413,1.163,2017-09-12,2019-02-25,364
STI,53.86,75.08,46.05,65.77,0.613,1.428,1.221,3.248,2018-08-21,2018-12-26,87
YUM,77.71,95.7,72.61,93.5,0.759,1.288,1.203,3.781,2019-02-25,2017-09-28,182
EA,121.61,151.26,73.91,95.86,0.489,1.297,0.788,2.039,2018-07-13,2018-12-26,114
PEG,46.63,57.63,45.05,57.33,0.782,1.273,1.229,3.913,2019-02-22,2017-09-20,176
ALXN,145.8,147.29,92.56,133.17,0.628,1.439,0.913,2.954,2017-09-15,2018-12-24,320
MCO,135.95,187.98,129.26,172.5,0.688,1.335,1.269,3.583,2018-07-26,2018-12-24,104
XEL,50.47,55.36,41.51,54.71,0.75,1.318,1.084,3.603,2019-02-25,2018-02-07,272
APH,81.95,97.56,74.95,95.13,0.768,1.269,1.161,3.732,2018-09-14,2019-01-03,75
GIS,55.84,60.69,36.42,46.2,0.6,1.269,0.827,2.515,2018-01-25,2018-12-17,225
OKE,56.52,71.99,49.65,67.65,0.69,1.363,1.197,3.533,2018-07-10,2017-11-27,223
VFC,63.31,97.0,61.56,86.97,0.635,1.413,1.374,3.539,2018-08-10,2017-09-22,178
WELL,75.25,77.9,49.58,74.4,0.636,1.501,0.989,3.167,2019-01-31,2018-04-25,325
LYB,93.5,121.95,77.52,88.59,0.636,1.143,0.947,2.658,2018-01-29,2018-12-26,229
GLW,28.97,36.56,26.11,35.08,0.714,1.344,1.211,3.649,2018-09-21,2018-05-03,331
LRCX,170.22,234.88,122.64,179.6,0.522,1.464,1.055,2.63,2018-03-13,2018-12-26,199
LUV,53.5,66.99,44.28,53.96,0.661,1.219,1.009,2.945,2017-12-21,2018-12-26,253
HAL,40.67,57.86,24.7,31.75,0.427,1.285,0.781,1.764,2018-01-23,2018-12-26,233
STZ,203.68,236.62,150.37,167.15,0.635,1.112,0.821,2.455,2018-04-30,2019-01-09,175
STT,94.82,114.27,57.87,72.47,0.506,1.252,0.764,2.04,2018-01-24,2018-12-26,232
EQR,68.38,74.46,54.97,73.5,0.738,1.337,1.075,3.56,2019-02-25,2018-02-12,275
AVB,188.26,197.35,152.65,194.62,0.773,1.275,1.034,3.57,2019-02-22,2018-03-05,289
PPG,106.08,122.07,94.37,112.32,0.773,1.19,1.059,3.477,2018-01-18,2018-10-15,187
IR,89.01,107.64,79.63,106.93,0.74,1.343,1.201,3.765,2019-02-25,2018-04-24,324
CNC,45.365,74.49,41.78,64.02,0.561,1.532,1.411,3.302,2018-12-04,2017-10-13,193
MCK,159.05,178.86,106.11,130.18,0.593,1.227,0.818,2.425,2018-01-29,2018-12-24,228
ZBH,115.74,134.55,96.99,123.9,0.721,1.277,1.071,3.386,2018-09-21,2018-12-24,64
ED,86.0,89.7,71.12,81.62,0.793,1.148,0.949,3.326,2017-12-11,2018-06-12,125
A,66.27,79.84,60.42,79.34,0.757,1.313,1.197,3.8,2019-02-25,2018-06-28,370
HLT,65.98,88.11,63.76,83.55,0.724,1.31,1.266,3.73,2018-01-29,2018-10-24,187
FOX,25.48,50.96,24.3,50.41,0.477,2.074,1.978,3.866,2019-02-25,2017-11-06,209
MTB,147.17,197.37,133.78,172.47,0.678,1.289,1.172,3.337,2018-02-27,2018-12-26,209
PAYX,57.55,76.49,57.23,75.84,0.748,1.325,1.318,3.954,2019-02-25,2017-09-14,172
PCAR,67.72,79.69,53.43,69.49,0.67,1.301,1.026,3.118,2018-01-29,2018-12-26,229
DLR,125.9,126.51,96.56,117.11,0.763,1.213,0.93,3.27,2017-09-12,2018-03-02,118
DFS,58.35,81.93,54.36,71.03,0.663,1.307,1.217,3.347,2018-01-29,2018-12-26,229
WEC,66.93,76.67,58.48,75.52,0.763,1.291,1.128,3.691,2019-02-22,2018-06-11,357
ADM,43.0,52.07,38.59,42.43,0.741,1.1,0.987,3.093,2018-10-08,2017-11-15,216
FTV,67.61,88.34,62.89,81.6,0.712,1.298,1.207,3.567,2018-09-21,2018-12-26,65
MNST,56.48,70.22,47.61,58.54,0.678,1.23,1.036,3.073,2018-01-29,2018-05-17,76
DLTR,83.32,116.65,78.78,97.28,0.675,1.235,1.168,3.244,2018-01-31,2018-10-11,176
PH,165.32,212.8,140.82,176.25,0.662,1.252,1.066,3.069,2018-01-16,2018-12-24,237
PXD,129.69,213.4,119.08,142.93,0.558,1.2,1.102,2.569,2018-05-18,2018-12-26,152
CCL,67.82,72.7,45.64,58.57,0.628,1.283,0.864,2.697,2018-01-30,2018-12-26,228
TROW,83.61,127.43,82.82,98.11,0.65,1.185,1.173,3.065,2018-06-07,2017-09-13,171
HPE,13.36,19.475,12.087,16.76,0.621,1.387,1.254,3.28,2018-03-06,2018-12-26,204
AZO,538.47,926.75,533.0,889.6,0.575,1.669,1.652,3.819,2019-02-19,2017-09-20,176
KR,21.61,32.74,19.69,28.85,0.601,1.465,1.335,3.366,2018-09-06,2017-10-02,184
VTR,69.26,69.55,46.55,63.47,0.669,1.363,0.916,3.049,2017-09-12,2018-04-25,155
CMI,165.0,194.18,124.4,156.08,0.641,1.255,0.946,2.822,2018-01-29,2018-12-26,229
PPL,39.72,39.77,25.3,31.73,0.636,1.254,0.799,2.611,2017-09-12,2018-06-07,185
MSI,87.23,141.47,82.86,141.21,0.586,1.704,1.619,3.895,2019-02-25,2017-09-26,180
IQV,96.88,143.66,91.57,141.77,0.637,1.548,1.463,3.836,2019-02-25,2018-05-16,340
DTE,113.14,123.84,94.25,122.82,0.761,1.303,1.086,3.636,2019-02-25,2018-06-11,357
ES,64.15,70.62,52.76,69.37,0.747,1.315,1.081,3.58,2019-02-12,2018-06-11,357
WLTW,152.05,172.5,134.5,171.45,0.78,1.275,1.128,3.749,2019-02-25,2018-10-17,447
TWTR,17.7,47.79,16.57,31.99,0.347,1.931,1.807,2.594,2018-06-15,2017-09-26,180
APC,41.25,76.7,40.4,44.6,0.527,1.104,1.081,2.303,2018-07-10,2018-12-26,117
ROK,169.75,210.72,141.46,180.08,0.671,1.273,1.061,3.132,2017-10-31,2018-12-24,288
TDG,255.35,440.25,251.54,435.94,0.571,1.733,1.707,3.928,2019-02-20,2017-09-13,171
APTV,82.0453,103.23,58.8,83.05,0.57,1.412,1.012,2.763,2018-06-18,2018-12-26,132
AMD,12.66,34.14,9.04,24.71,0.265,2.733,1.952,2.483,2018-09-13,2018-04-04,310
SYF,29.35,40.59,21.775,31.83,0.536,1.462,1.084,2.729,2018-01-29,2018-12-26,229
MCHP,88.62,104.2,60.7,89.81,0.583,1.48,1.013,2.907,2018-06-08,2018-10-26,98
CXO,114.45,163.11,93.31,108.82,0.572,1.166,0.951,2.422,2018-05-02,2018-12-26,164
BXP,120.7,136.22,107.84,134.73,0.792,1.249,1.116,3.746,2019-02-25,2018-12-26,494
RCL,121.8,135.65,89.48,120.56,0.66,1.347,0.99,3.085,2018-01-29,2018-12-24,228
SWK,147.89,176.62,106.41,137.39,0.602,1.291,0.929,2.673,2018-01-22,2018-10-25,193
SBAC,149.64,186.35,140.62,181.09,0.755,1.288,1.21,3.772,2019-02-19,2017-09-25,179
O,59.33,70.48,47.25,69.4,0.67,1.469,1.17,3.536,2019-02-11,2018-02-12,275
VRSK,82.02,126.27,80.32,125.23,0.636,1.559,1.527,3.925,2019-02-25,2017-09-14,172
NTRS,90.46,115.61,75.96,92.68,0.657,1.22,1.025,2.95,2018-07-27,2018-12-26,104
UAL,60.62,97.85,56.51,89.58,0.578,1.585,1.478,3.541,2018-12-03,2017-11-15,216
CLX,135.03,167.7,113.57,157.6,0.677,1.388,1.167,3.459,2018-11-28,2018-04-24,324
FLT,146.04,230.55,143.01,230.26,0.62,1.61,1.577,3.952,2019-02-25,2017-09-14,172
EIX,81.3,83.38,45.5,60.67,0.546,1.333,0.746,2.27,2017-11-15,2018-11-12,249
GPN,97.0,129.25,92.97,128.22,0.719,1.379,1.322,3.884,2018-09-13,2017-09-28,182
FE,32.51,40.84,29.34,40.43,0.718,1.378,1.244,3.765,2019-02-25,2018-01-19,259
HRS,123.5,175.5,122.61,163.88,0.699,1.337,1.327,3.724,2018-10-16,2017-09-14,172
WY,33.4,38.39,20.52,25.86,0.535,1.26,0.774,2.176,2018-06-06,2018-12-26,140
NUE,53.42,70.48,49.79,61.46,0.706,1.234,1.151,3.368,2018-01-12,2018-12-26,239
INFO,47.94,55.99,42.4,52.99,0.757,1.25,1.105,3.565,2018-09-05,2017-10-31,205
IP,56.56,66.94,37.55,47.59,0.561,1.267,0.841,2.365,2018-01-29,2018-12-24,228
VRSN,104.73,180.21,102.34,178.08,0.568,1.74,1.7,3.908,2019-02-25,2017-09-14,172
FCX,14.3,20.25,9.6,13.26,0.474,1.381,0.927,2.188,2018-01-25,2018-12-26,231
CERN,70.36,73.86,48.78,56.99,0.66,1.168,0.81,2.611,2017-10-13,2018-12-24,300
NEM,38.14,42.04,29.06,36.1,0.691,1.242,0.947,3.025,2018-01-24,2018-10-25,191
TSN,65.54,84.65,49.77,62.32,0.588,1.252,0.951,2.591,2017-12-04,2018-12-26,266
DXC,74.0225,96.75,49.19,66.93,0.508,1.361,0.904,2.301,2018-09-21,2018-12-26,65
ESS,268.95,284.09,214.03,279.39,0.753,1.305,1.039,3.53,2019-01-30,2018-02-06,271
AME,64.57,81.92,63.14,79.77,0.771,1.263,1.235,3.852,2018-09-21,2018-12-26,65
KEY,17.13,22.4,13.66,17.61,0.61,1.289,1.028,2.827,2018-03-12,2018-12-26,200
AMP,137.56,183.9,95.69,131.94,0.52,1.379,0.959,2.432,2018-01-16,2018-12-26,238
BLL,40.95,55.5,34.71,54.88,0.625,1.581,1.34,3.651,2019-02-25,2018-06-28,370
ALGN,184.8,398.88,177.93,262.35,0.446,1.474,1.42,2.581,2018-09-25,2019-01-04,69
AWK,82.91,101.33,76.04,100.88,0.75,1.327,1.217,3.816,2019-02-25,2018-02-08,273
FAST,43.07,63.29,42.51,62.9,0.672,1.48,1.46,3.951,2019-02-13,2017-10-11,191
FITB,25.8,34.67,22.12,27.7,0.638,1.252,1.074,2.968,2018-05-15,2018-12-26,155
WAT,188.9,240.98,167.94,239.08,0.697,1.424,1.266,3.75,2019-02-25,2018-10-23,451
CTAS,134.92,217.34,133.52,204.46,0.614,1.531,1.515,3.74,2018-09-07,2017-09-14,172
IDXX,160.13,256.22,146.09,210.1,0.57,1.438,1.312,3.135,2018-08-29,2017-11-13,214
HIG,53.97,59.2,40.54,49.17,0.685,1.213,0.911,2.91,2018-01-29,2018-12-26,229
AEE,60.28,72.36,51.89,70.88,0.717,1.366,1.176,3.645,2019-02-25,2018-02-06,271
CFG,33.63,48.23,27.62,37.04,0.573,1.341,1.101,2.799,2018-01-24,2018-12-26,232
ULTA,229.54,322.49,187.96,309.05,0.583,1.644,1.346,3.486,2018-11-19,2017-10-13,193
KLAC,97.09,123.96,80.65,115.76,0.651,1.435,1.192,3.42,2018-03-13,2018-12-26,199
CBS,58.06,61.59,41.38,50.58,0.672,1.222,0.871,2.813,2018-01-18,2018-12-26,236
RSG,66.37,78.54,60.26,77.69,0.767,1.289,1.171,3.774,2018-12-04,2018-02-09,274
FRC,96.43,106.75,79.42,103.66,0.744,1.305,1.075,3.541,2018-08-21,2018-12-24,86
MTD,624.97,697.26,500.74,689.97,0.718,1.378,1.104,3.564,2018-01-29,2019-01-03,234
OMC,73.61,83.34,65.32,75.34,0.784,1.153,1.024,3.414,2018-02-14,2017-11-08,211
LLL,183.58,223.73,158.76,211.25,0.71,1.331,1.151,3.524,2018-10-16,2018-12-26,48
RF,13.58,20.21,12.39,16.37,0.613,1.321,1.205,3.097,2018-03-12,2018-12-26,200
NTAP,39.62,88.08,39.16,66.0,0.445,1.685,1.666,2.982,2018-09-05,2017-09-12,170
ETR,80.33,92.82,71.95,92.45,0.775,1.285,1.151,3.776,2019-02-22,2018-02-06,271
CHD,49.72,69.49,43.21,65.3,0.622,1.511,1.313,3.513,2018-12-14,2017-11-06,209
MKC,97.94,156.0,93.7,133.43,0.601,1.424,1.362,3.349,2018-12-13,2017-11-07,210
CAH,69.73,75.75,42.17,54.58,0.557,1.294,0.783,2.314,2018-01-29,2018-12-26,229
GPC,86.02,112.18,84.71,109.64,0.755,1.294,1.275,3.879,2019-02-25,2017-11-16,217
ABMD,158.28,459.75,154.64,352.89,0.336,2.282,2.23,3.032,2018-10-01,2017-09-13,171
MYL,33.32,47.82,26.03,30.97,0.544,1.19,0.929,2.305,2018-01-23,2018-12-24,232
CBRE,37.11,51.35,36.14,50.47,0.704,1.397,1.36,3.882,2019-02-25,2017-09-15,173
EVRG,54.19,61.1,50.89,55.64,0.833,1.093,1.027,3.532,2018-11-16,2018-06-11,11
FANG,89.38,140.78,85.19,105.29,0.605,1.236,1.178,2.921,2018-10-03,2018-12-26,57
HSY,109.63,115.82,89.1,109.47,0.769,1.229,0.999,3.427,2017-12-19,2018-05-03,92
TSS,69.25,100.39,64.56,93.86,0.643,1.454,1.355,3.612,2018-09-13,2017-09-28,182
CNP,30.42,31.42,24.81,31.01,0.79,1.25,1.019,3.585,2019-02-22,2018-04-25,325
CDNS,37.74,57.92,35.49,57.27,0.613,1.614,1.517,3.839,2019-02-25,2018-04-02,308
SNPS,79.62,104.2,78.66,102.89,0.755,1.308,1.292,3.926,2019-02-21,2017-09-12,170
MSCI,116.25,184.22,111.66,178.16,0.606,1.596,1.533,3.792,2018-09-05,2017-09-14,172
KEYS,40.15,86.01,39.54,83.08,0.46,2.101,2.069,3.836,2019-02-22,2017-09-26,180
MXIM,46.72,74.94,45.8,56.48,0.611,1.233,1.209,2.984,2018-01-29,2017-09-20,176
CMS,49.06,54.23,40.48,53.82,0.746,1.33,1.097,3.621,2019-02-25,2018-02-09,274
HBAN,12.54,16.6,11.12,14.4,0.67,1.295,1.148,3.274,2018-03-12,2018-12-26,200
EXPE,144.07,154.24,98.52,126.16,0.639,1.281,0.876,2.757,2017-10-20,2018-02-09,76
VMC,117.53,141.2,82.52,111.41,0.584,1.35,0.948,2.684,2018-01-26,2018-10-29,191
LH,159.16,190.36,119.38,147.09,0.627,1.232,0.924,2.704,2018-06-11,2018-12-26,137
HCP,30.28,31.88,21.48,30.8,0.674,1.434,1.017,3.304,2019-02-14,2018-03-01,287
INCY,125.07,125.83,57.0,86.88,0.453,1.524,0.695,2.01,2017-09-12,2018-12-24,323
CMG,305.35,612.6,247.52,596.66,0.404,2.411,1.954,3.527,2019-02-12,2018-02-09,274
K,68.69,74.98,54.14,55.66,0.722,1.028,0.81,2.654,2018-09-17,2019-02-11,100
AJG,60.13,81.09,59.28,80.34,0.731,1.355,1.336,3.934,2019-02-22,2017-09-13,171
HST,18.23,22.47,15.94,19.8,0.709,1.242,1.086,3.301,2018-06-01,2018-12-24,142
ARE,120.57,137.41,109.04,136.02,0.794,1.247,1.128,3.772,2019-02-22,2018-12-26,494
AAL,45.9,59.08,28.81,35.9,0.488,1.246,0.782,1.979,2018-01-16,2019-01-03,243
ANSS,129.49,190.45,119.2,175.01,0.626,1.468,1.352,3.531,2018-09-14,2017-09-26,180
LEN,50.8751,72.17,37.29,49.64,0.517,1.331,0.976,2.385,2018-01-22,2018-12-26,234
SWKS,107.6,117.65,60.12,82.39,0.511,1.37,0.766,2.183,2017-11-06,2019-01-03,290
SYMC,32.91,34.2,17.43,22.64,0.51,1.299,0.688,2.027,2017-09-20,2018-12-26,318
HES,41.08,74.81,35.59,57.54,0.476,1.617,1.401,2.873,2018-10-01,2018-12-26,59
ANET,175.64,313.367,172.14,279.3,0.549,1.623,1.59,3.528,2018-08-24,2017-09-13,171
RMD,81.26,118.5,75.28,101.66,0.635,1.35,1.251,3.303,2019-01-18,2017-09-27,181
MGM,33.09,38.41,21.62,27.7,0.563,1.281,0.837,2.385,2018-01-29,2018-12-26,229
COO,253.39,295.1,216.47,294.6,0.734,1.361,1.163,3.705,2019-02-25,2018-04-04,310
CMA,68.04,102.66,63.69,87.12,0.62,1.368,1.28,3.284,2018-03-12,2018-12-26,200
GWW,165.36,372.06,163.86,311.38,0.44,1.9,1.883,3.329,2018-08-21,2017-09-12,170
BBY,56.12,84.37,47.72,60.55,0.566,1.269,1.079,2.658,2018-08-22,2018-12-24,85
DRI,79.72,124.0,77.55,111.09,0.625,1.432,1.394,3.532,2018-09-20,2017-09-26,180
DVN,31.89,46.54,20.37,29.49,0.438,1.448,0.925,2.079,2018-07-10,2018-12-26,117
MRO,11.51,24.2,11.44,16.67,0.473,1.457,1.448,2.748,2018-10-03,2017-09-12,170
DHI,37.0,53.32,32.39,40.79,0.607,1.259,1.102,2.866,2018-01-04,2018-12-24,244
WCG,176.31,324.99,162.25,276.08,0.499,1.702,1.566,3.261,2018-10-01,2017-10-13,193
CE,98.79,119.29,82.91,104.12,0.695,1.256,1.054,3.211,2018-08-28,2018-12-26,82
BHGE,35.38,38.1,20.09,26.75,0.527,1.332,0.756,2.201,2017-09-25,2018-12-26,315
WDC,87.55,106.96,33.83,51.36,0.316,1.518,0.587,1.33,2018-03-16,2018-12-26,196
PFG,62.26,75.58,40.42,53.09,0.535,1.313,0.853,2.318,2018-01-29,2018-12-26,229
CTXS,76.39,116.82,75.01,105.47,0.642,1.406,1.381,3.579,2018-07-26,2017-09-15,173
DOV,71.5347,93.2,65.83,92.46,0.706,1.405,1.293,3.81,2019-02-25,2018-12-26,494
ABC,84.19,106.27,69.36,84.67,0.653,1.221,1.006,2.908,2018-01-29,2018-12-26,229
EFX,112.97,138.69,88.68,110.39,0.639,1.245,0.977,2.84,2018-09-18,2018-12-26,68
XYL,63.09,82.44,60.65,75.26,0.736,1.241,1.193,3.583,2018-09-19,2018-12-26,67
SIVB,169.52,333.74,167.99,247.78,0.503,1.475,1.462,2.955,2018-07-27,2017-09-15,173
TXT,51.23,72.87,43.27,55.03,0.594,1.272,1.074,2.787,2018-09-25,2018-12-26,63
LNC,67.68,86.68,48.07,63.35,0.555,1.318,0.936,2.502,2018-01-29,2018-12-26,229
L,46.8,53.59,42.06,47.98,0.785,1.141,1.025,3.401,2018-01-29,2018-12-26,229
IFF,143.37,157.4,122.11,127.29,0.776,1.042,0.888,2.995,2018-01-17,2018-05-31,93
IT,125.65,161.21,111.57,142.33,0.692,1.276,1.133,3.334,2018-09-25,2018-03-01,287
CINF,76.34,86.86,66.33,85.86,0.764,1.294,1.125,3.696,2019-02-25,2018-06-27,369
EXPD,57.28,78.16,56.45,75.41,0.722,1.336,1.317,3.831,2018-06-12,2017-11-03,208
WYNN,145.5,203.63,90.06,129.2,0.442,1.435,0.888,2.054,2018-01-25,2018-12-24,230
CTL,18.42,24.2,12.74,13.17,0.526,1.034,0.715,1.84,2018-08-21,2019-02-14,121
TFX,234.79,290.42,226.02,290.15,0.778,1.284,1.236,3.921,2019-02-25,2018-12-24,493
APA,40.02,50.03,24.56,33.46,0.491,1.362,0.836,2.158,2018-10-09,2018-12-26,53
CHRW,72.69,101.2,70.22,91.03,0.694,1.296,1.252,3.537,2018-09-11,2017-09-14,172
NCLH,56.92,61.18,39.36,55.94,0.643,1.421,0.983,3.092,2018-02-05,2018-12-26,224
FTNT,38.39,94.37,35.44,87.06,0.376,2.457,2.268,3.553,2018-10-01,2017-09-29,183
UDR,39.75,45.06,32.88,44.53,0.73,1.354,1.12,3.612,2019-02-22,2018-02-09,274
NRG,23.94,43.09,22.9,41.84,0.531,1.827,1.748,3.797,2019-02-15,2017-09-15,173
HOLX,39.12,47.82,35.1,46.99,0.734,1.339,1.201,3.729,2019-02-25,2018-05-03,331
ETFC,40.63,66.46,40.17,48.75,0.604,1.214,1.2,2.916,2018-06-07,2017-09-13,171
SJM,107.26,133.38,91.32,101.06,0.685,1.107,0.942,2.807,2018-03-14,2018-12-27,199
FMC,89.72,98.7,69.36,89.36,0.703,1.288,0.996,3.211,2018-01-12,2018-12-26,239
MAA,108.86,110.24,85.16,103.71,0.772,1.218,0.953,3.352,2017-10-13,2018-03-02,95
TSCO,60.93,98.03,54.76,94.8,0.559,1.731,1.556,3.675,2019-02-20,2017-10-26,202
DGX,108.36,116.49,78.95,87.19,0.678,1.104,0.805,2.589,2018-06-25,2018-12-26,127
VNO,74.91,80.3,59.48,68.25,0.741,1.147,0.911,3.05,2017-10-13,2018-12-26,301
MOS,20.09,37.37,20.0,32.77,0.535,1.639,1.631,3.499,2018-11-08,2017-09-13,171
EXR,79.54,101.96,76.55,93.48,0.751,1.221,1.175,3.599,2018-06-26,2017-10-26,202
VAR,107.26,134.99,98.34,133.19,0.728,1.354,1.242,3.78,2019-02-25,2017-09-29,183
BR,80.31,138.24,78.44,99.56,0.567,1.269,1.24,2.845,2018-09-14,2017-09-19,175
MLM,204.49,241.33,150.75,188.61,0.625,1.251,0.922,2.716,2018-01-26,2018-10-26,190
CAG,34.69,39.43,20.22,23.31,0.513,1.153,0.672,1.872,2018-06-21,2018-12-26,129
TAP,89.56,90.25,54.17,61.04,0.6,1.127,0.682,2.171,2017-09-12,2018-12-24,323
AAP,92.31,186.15,78.81,157.71,0.423,2.001,1.708,3.138,2018-11-14,2017-11-08,211
CPRT,32.71,67.08,31.89,59.21,0.475,1.857,1.81,3.484,2018-09-13,2017-09-12,170
ATO,87.96,100.76,76.46,98.3,0.759,1.286,1.118,3.649,2018-11-20,2018-02-06,271
HRL,31.71,46.26,29.75,42.53,0.643,1.43,1.341,3.564,2018-11-19,2017-10-25,201
EMN,85.87,112.45,67.4,84.48,0.599,1.253,0.984,2.68,2018-03-13,2018-12-26,199
MAS,37.74,46.45,27.03,37.89,0.582,1.402,1.004,2.801,2018-01-18,2018-12-26,236
NBL,25.06,37.76,17.11,22.72,0.453,1.328,0.907,2.025,2018-07-10,2018-12-26,117
AES,11.38,17.6,9.87,17.33,0.561,1.756,1.523,3.679,2019-02-22,2018-02-09,274
KSU,106.0,120.34,90.55,111.5,0.752,1.231,1.052,3.434,2018-08-29,2018-12-24,80
UHS,112.49,139.63,95.26,134.4,0.682,1.411,1.195,3.555,2018-12-03,2017-11-15,216
REG,64.74,70.64,54.87,65.78,0.777,1.199,1.016,3.442,2017-12-18,2018-02-12,37
NOV,32.38,49.08,24.27,28.55,0.494,1.176,0.882,2.033,2018-07-31,2018-12-26,102
AKAM,46.45,83.08,46.13,69.54,0.555,1.507,1.497,3.334,2018-06-21,2017-09-14,172
URI,127.11,190.74,94.28,136.29,0.494,1.446,1.072,2.488,2018-03-13,2018-12-26,199
LNT,43.5,46.58,36.84,45.34,0.791,1.231,1.042,3.596,2018-12-04,2018-02-06,271
CBOE,104.73,138.54,87.87,95.4,0.634,1.086,0.911,2.532,2018-01-29,2018-12-26,229
DRE,30.0,30.38,24.3,30.07,0.8,1.237,1.002,3.582,2019-02-25,2018-03-02,288
KMX,68.76,81.67,55.24,59.8,0.676,1.083,0.87,2.64,2018-06-22,2018-12-20,125
RJF,77.65,102.17,69.11,83.58,0.676,1.209,1.076,3.089,2018-05-22,2018-12-26,150
KSS,43.51,83.28,37.97,65.86,0.456,1.735,1.514,2.963,2018-11-12,2017-11-09,212
COG,26.15,29.57,20.95,24.89,0.708,1.188,0.952,3.03,2017-11-30,2018-10-25,227
PKI,68.43,98.33,67.51,94.13,0.687,1.394,1.376,3.806,2018-10-01,2017-09-26,180
PNW,90.73,93.88,73.41,93.68,0.782,1.276,1.033,3.611,2019-02-25,2018-06-11,357
FFIV,117.84,199.71,114.63,171.59,0.574,1.497,1.456,3.39,2018-09-28,2017-10-11,191
LW,45.67,83.86,45.02,69.49,0.537,1.544,1.522,3.293,2018-11-14,2017-09-25,179
JKHY,102.66,163.68,100.78,132.3,0.616,1.313,1.289,3.206,2018-09-17,2017-09-20,176
VIAB,27.28,35.55,22.13,28.91,0.623,1.306,1.06,2.948,2018-01-12,2017-11-16,217
IRM,40.37,41.53,30.22,35.04,0.728,1.159,0.868,2.951,2017-11-21,2018-10-26,234
TPR,40.9,55.5,31.91,36.16,0.575,1.133,0.884,2.32,2018-04-27,2019-02-07,196
WRK,59.02,71.55,35.2,39.67,0.492,1.127,0.672,1.77,2018-01-26,2018-12-24,229
CF,32.5,56.51,31.75,43.25,0.562,1.362,1.331,3.027,2018-10-04,2017-09-13,171
TTWO,100.74,139.91,85.57,87.29,0.612,1.02,0.866,2.308,2018-10-01,2019-02-25,99
FRT,130.23,136.91,106.41,134.22,0.777,1.261,1.031,3.562,2019-02-11,2018-02-14,277
GRMN,52.46,84.83,51.57,83.55,0.608,1.62,1.593,3.907,2019-02-25,2017-09-13,171
NDAQ,73.9,96.84,71.65,90.14,0.74,1.258,1.22,3.667,2018-09-05,2017-11-07,210
HAS,95.94,109.6,76.84,86.17,0.701,1.121,0.898,2.831,2018-09-19,2018-12-24,66
DISCK,19.62,31.55,14.99,27.57,0.475,1.839,1.405,3.082,2018-11-08,2017-11-15,216
TIF,95.96,141.64,73.04,94.01,0.516,1.287,0.98,2.34,2018-07-26,2018-12-24,104
ZION,42.91,59.19,38.08,50.99,0.643,1.339,1.188,3.25,2018-05-22,2018-12-26,150
NI,27.26,28.11,22.44,26.46,0.798,1.179,0.971,3.431,2018-09-13,2018-02-08,273
BEN,41.99,45.96,27.34,32.48,0.595,1.188,0.774,2.335,2018-01-24,2018-12-26,232
JBHT,101.59,131.74,88.38,107.39,0.671,1.215,1.057,3.049,2018-06-13,2018-12-24,134
HII,212.21,276.69,173.8,213.6,0.628,1.229,1.007,2.808,2018-02-21,2018-12-24,212
JNPR,27.04,30.8,23.61,27.6,0.767,1.169,1.021,3.359,2018-11-08,2018-04-18,320
ALB,124.5,144.99,71.89,91.57,0.496,1.274,0.736,1.994,2017-11-08,2018-12-26,283
XRAY,59.23,68.98,33.93,41.54,0.492,1.224,0.701,1.894,2017-11-28,2018-10-29,231
PKG,117.9,131.13,77.9,99.51,0.594,1.277,0.844,2.52,2018-01-26,2018-12-24,229
RE,231.95,264.88,201.09,223.2,0.759,1.11,0.962,3.145,2018-03-21,2018-12-26,193
AVY,94.51,123.67,82.89,107.94,0.67,1.302,1.142,3.275,2018-01-31,2018-12-26,227
WHR,174.23,190.73,99.4,144.67,0.521,1.455,0.83,2.381,2017-10-05,2018-12-26,307
HSIC,69.6314,71.6471,49.0667,59.83,0.685,1.219,0.859,2.847,2018-12-04,2018-03-02,288
NLSN,39.07,42.16,20.53,25.67,0.487,1.25,0.657,1.857,2017-10-20,2018-07-26,191
IPG,20.33,26.01,18.3,23.65,0.704,1.292,1.163,3.457,2018-02-16,2017-11-15,216
SNA,147.57,189.46,135.29,160.81,0.714,1.189,1.09,3.254,2018-09-21,2018-12-24,64
JEC,55.2,82.24,55.17,74.83,0.671,1.356,1.356,3.64,2018-11-08,2017-09-12,170
HFC,32.8,83.28,31.95,54.72,0.384,1.713,1.668,2.597,2018-06-04,2017-09-14,172
LKQ,35.45,43.86,22.74,27.52,0.518,1.21,0.776,2.057,2018-01-29,2019-01-03,234
MHK,258.61,286.85,109.35,141.4,0.381,1.293,0.547,1.402,2017-12-04,2018-12-26,266
PVH,129.88,169.22,86.46,115.82,0.511,1.34,0.892,2.281,2018-06-11,2018-12-24,136
BWA,47.06,58.22,32.46,41.96,0.558,1.293,0.892,2.438,2018-01-17,2018-12-26,237
ALLE,81.33,94.3,73.85,88.7,0.783,1.201,1.091,3.589,2018-12-03,2018-05-03,331
TMK,77.1,93.6,69.68,82.62,0.744,1.186,1.072,3.36,2018-01-29,2018-12-26,229
UNM,48.25,58.73,26.77,37.44,0.456,1.399,0.776,1.984,2018-01-12,2018-12-26,239
QRVO,72.9,86.84,54.735,68.7,0.63,1.255,0.942,2.768,2018-03-12,2019-01-03,205
RHI,45.97,79.91,44.72,67.82,0.56,1.517,1.475,3.351,2018-08-09,2017-09-15,173
ADS,219.14,278.33,142.58,174.29,0.512,1.222,0.795,2.065,2018-01-12,2018-12-26,239
ARNC,25.04,31.17,15.63,18.41,0.501,1.178,0.735,1.917,2018-01-16,2018-12-26,238
BFB,48.27,48.84,48.05,48.84,0.984,1.016,1.012,3.991,2019-02-22,2019-02-22,0
IVZ,32.42,38.43,15.38,18.98,0.4,1.234,0.585,1.455,2018-01-26,2018-12-26,230
SLG,96.62,106.54,76.77,91.18,0.721,1.188,0.944,3.074,2018-08-20,2018-12-26,88
WU,18.88,22.21,16.42,17.71,0.739,1.079,0.938,2.981,2018-01-08,2018-12-26,243
AIV,46.04,50.09,37.97,49.21,0.758,1.296,1.069,3.585,2019-02-22,2018-02-21,281
M,21.55,41.99,17.41,24.36,0.415,1.399,1.13,2.099,2018-08-14,2017-11-07,210
ALK,75.77,82.68,57.28,62.75,0.693,1.095,0.828,2.665,2017-10-10,2019-01-03,309
KIM,20.3,20.63,13.16,17.69,0.638,1.344,0.871,2.826,2017-09-15,2018-04-25,152
AOS,57.65,68.39,40.34,53.34,0.59,1.322,0.925,2.651,2018-01-29,2018-10-30,191
NWL,44.05,44.44,15.12,17.13,0.34,1.133,0.389,1.035,2017-09-13,2018-10-29,284
DISH,54.49,54.81,23.22,31.95,0.424,1.376,0.586,1.664,2017-09-12,2018-12-27,325
DVA,59.66,80.71,48.25,58.24,0.598,1.207,0.976,2.611,2018-01-11,2018-12-26,240
FLIR,39.02,63.88,38.67,52.63,0.605,1.361,1.349,3.279,2018-09-14,2017-09-28,182
XEC,100.55,130.16,55.62,73.72,0.427,1.325,0.733,1.758,2018-01-12,2018-12-26,239
PHM,26.21,35.21,20.64,27.56,0.586,1.335,1.052,2.798,2018-01-23,2018-10-23,190
NKTR,22.0,111.36,21.11,40.98,0.19,1.941,1.863,1.446,2018-03-12,2017-09-21,177
CPB,47.76,51.07,32.03,32.26,0.627,1.007,0.675,2.109,2017-12-05,2019-01-02,269
RL,92.35,147.79,83.26,127.15,0.563,1.527,1.377,3.27,2018-07-31,2017-10-12,192
FL,35.18,61.36,28.42,59.8,0.463,2.104,1.7,3.523,2019-02-21,2017-11-08,211
HBI,25.4,25.73,11.57,19.04,0.45,1.646,0.75,2.156,2017-09-13,2018-12-26,323
PBCT,16.6,20.26,13.66,17.69,0.674,1.295,1.066,3.183,2018-03-12,2018-12-26,200
PNR,42.9214,50.2619,35.3,43.27,0.702,1.226,1.008,3.137,2018-01-16,2018-12-26,238
FBHS,64.67,73.62,35.27,48.4,0.479,1.372,0.748,2.031,2018-01-24,2018-12-26,232
SEE,43.68,49.94,30.22,43.79,0.605,1.449,1.003,2.967,2017-12-19,2018-10-23,212
CPRI,42.32,75.96,35.68,45.17,0.47,1.266,1.067,2.193,2018-08-22,2018-12-24,85
XRX,32.34,37.42,18.58,31.48,0.497,1.694,0.973,2.651,2018-01-31,2018-12-26,227
PRGO,84.68,95.93,36.28,48.81,0.378,1.345,0.576,1.452,2018-01-26,2018-12-24,229
LB,38.37,63.1,23.71,27.67,0.376,1.167,0.721,1.42,2017-12-26,2018-12-24,250
HOG,47.61,56.5,31.36,37.59,0.555,1.199,0.79,2.208,2018-01-29,2018-12-24,228
LEG,45.38,51.99,33.48,46.07,0.644,1.376,1.015,3.08,2017-10-27,2018-12-26,291
FLS,40.39,56.86,35.88,46.35,0.631,1.292,1.148,3.079,2018-09-19,2018-12-24,66
HP,47.06,75.02,44.56,54.86,0.594,1.231,1.166,2.848,2018-01-29,2018-12-26,229
ROL,29.7267,42.9467,28.5467,39.17,0.665,1.372,1.318,3.578,2018-12-04,2017-10-31,205
TRIP,44.5,69.0,29.5,53.17,0.428,1.802,1.195,2.565,2018-11-08,2017-11-15,216
AMG,178.27,217.0,88.47,110.34,0.408,1.247,0.619,1.523,2018-01-26,2018-12-26,230
IPGP,178.13,264.11,104.64,161.18,0.396,1.54,0.905,1.936,2018-01-16,2018-12-24,237
JEF,28.08,28.17,16.2,20.29,0.575,1.252,0.723,2.271,2018-01-16,2018-12-26,238
FLR,39.48,62.09,29.78,37.96,0.48,1.275,0.961,2.147,2018-01-24,2018-12-24,231
PWR,36.26,40.1,27.9,36.55,0.696,1.31,1.008,3.227,2018-01-04,2018-12-24,244
GPS,26.53,35.68,24.25,25.13,0.68,1.036,0.947,2.697,2018-01-23,2018-11-20,210
BHF,55.11,67.55,28.52,43.43,0.422,1.523,0.788,1.95,2018-01-29,2018-12-26,229
AIZ,93.45,111.43,82.31,99.06,0.739,1.203,1.06,3.345,2018-07-27,2018-12-26,104
HRB,25.87,29.81,22.45,24.25,0.753,1.08,0.937,3.038,2018-06-12,2018-06-28,12
COTY,16.78,21.68,5.91,11.16,0.273,1.888,0.665,1.394,2018-02-20,2018-12-26,214
JWN,44.89,67.75,37.79,44.81,0.558,1.186,0.998,2.437,2018-11-06,2017-11-08,211
NWSA,13.3,17.29,10.65,13.02,0.616,1.223,0.979,2.713,2018-01-17,2018-12-26,237
MAT,15.58,19.21,9.09,13.99,0.473,1.539,0.898,2.305,2017-11-20,2018-12-26,275
MAC,54.37,69.73,40.9,43.9,0.587,1.073,0.807,2.207,2018-01-23,2018-12-26,233
DISCA,20.87,34.89,15.99,29.21,0.458,1.827,1.4,2.956,2018-11-08,2017-11-15,216
GT,32.0,36.07,17.88,20.08,0.496,1.123,0.627,1.736,2018-01-29,2019-02-11,260
UAA,17.37,24.96,11.4,21.8,0.457,1.912,1.255,2.895,2018-12-03,2017-11-06,209
UA,16.19,23.28,10.36,19.63,0.445,1.895,1.212,2.765,2018-12-03,2017-11-06,209
NWS,13.55,17.7,10.85,13.27,0.613,1.223,0.979,2.7,2018-01-17,2018-12-26,237
