,%Down,%Up,Change
MSFT,0.25,0.333,1.028
AAPL,0.333,0.417,0.9885
AMZN,0.583,0.333,0.9766
BRKB,1.0,0.0,0.9853
FB,0.583,0.25,0.9415
JNJ,0.083,0.5,1.0226
JPM,0.25,0.333,1.0194
GOOG,0.583,0.417,0.9745
GOOGL,0.583,0.417,0.9713
XOM,0.083,0.333,1.04
BAC,0.0,0.167,1.0357
UNH,0.333,0.5,1.0075
V,0.083,0.417,1.0284
PG,0.0,0.333,1.0309
PFE,0.167,0.167,1.0244
INTC,0.083,0.083,1.0612
VZ,0.083,0.167,1.037
CVX,0.25,0.167,1.0
CSCO,0.083,0.25,1.0638
T,0.0,0.083,1.069
BA,0.333,0.583,1.0316
HD,0.25,0.583,1.0323
WFC,0.083,0.083,1.0
MRK,0.167,0.417,1.0526
MA,0.167,0.333,1.0372
CMCSA,0.0,0.167,1.027
KO,0.167,0.083,0.9184
DIS,0.333,0.583,1.0177
PEP,0.25,0.25,1.0265
C,0.167,0.167,1.0159
NFLX,0.583,0.417,1.0168
MCD,0.417,0.417,1.0339
WMT,0.167,0.333,1.0421
PM,0.083,0.5,1.16
ORCL,0.083,0.333,1.0196
ABT,0.167,0.5,1.0556
DWDP,0.167,0.333,1.0189
ADBE,0.333,0.417,1.0118
IBM,0.167,0.583,1.0296
UNP,0.25,0.667,1.0559
MDT,0.083,0.25,1.0568
ABBV,0.25,0.167,1.0127
MMM,0.25,0.5,1.0398
AMGN,0.583,0.333,0.9947
AVGO,0.333,0.5,1.011
LLY,0.167,0.583,1.0508
CRM,0.417,0.5,1.0126
HON,0.083,0.583,1.0338
PYPL,0.25,0.417,1.0556
NKE,0.0,0.25,1.0244
ACN,0.083,0.333,1.0255
TXN,0.083,0.333,1.0288
UTX,0.167,0.417,1.0583
TMO,0.25,0.667,1.0286
MO,0.167,0.333,1.0408
LIN,0.25,0.417,1.0613
COST,0.333,0.417,1.0189
NVDA,0.25,0.5,1.053
BKNG,0.583,0.417,1.0079
NEE,0.167,0.5,1.0562
GE,0.167,0.167,1.0
LOW,0.083,0.583,1.0928
SBUX,0.333,0.333,1.029
GILD,0.25,0.333,0.9701
BMY,0.25,0.25,1.0
ANTM,0.417,0.5,1.0464
COP,0.25,0.417,1.0147
CVS,0.25,0.333,0.9385
CAT,0.333,0.417,1.0534
AMT,0.333,0.333,1.0292
USB,0.167,0.083,1.0
UPS,0.167,0.5,1.028
AXP,0.167,0.417,1.0388
LMT,0.333,0.5,1.0268
CI,0.25,0.667,1.0432
DHR,0.0,0.417,1.0367
MDLZ,0.0,0.5,1.0444
GS,0.417,0.25,0.9949
ADP,0.083,0.417,1.0552
BDX,0.167,0.583,1.0289
BIIB,0.25,0.5,0.9644
SYK,0.083,0.583,1.0503
DUK,0.167,0.333,1.0114
QCOM,0.167,0.167,1.06
CME,0.417,0.5,1.0
CELG,0.167,0.417,1.023
TJX,0.083,0.167,1.0204
SLB,0.333,0.333,1.0
CB,0.25,0.417,1.0229
ISRG,0.083,0.75,1.0576
CHTR,0.25,0.583,1.0294
CSX,0.083,0.667,1.0735
PNC,0.417,0.333,1.0164
INTU,0.25,0.417,1.1161
WBA,0.167,0.333,0.9859
CL,0.0,0.25,1.0312
D,0.083,0.5,1.0563
SPG,0.5,0.417,0.9946
BSX,0.167,0.417,1.0811
EOG,0.417,0.167,0.9794
SCHW,0.25,0.25,1.0
RTN,0.167,0.5,1.0629
FOXA,0.0,0.167,1.0408
BLK,0.417,0.583,1.0431
DE,0.417,0.583,1.0061
GM,0.25,0.167,0.975
SO,0.0,0.167,1.0417
MS,0.417,0.167,0.9762
OXY,0.333,0.25,0.9848
NSC,0.167,0.583,1.0828
SPGI,0.083,0.583,1.0361
CCI,0.25,0.25,1.0
BK,0.167,0.0,1.0192
ITW,0.167,0.333,1.0511
MU,0.25,0.417,1.05
EXC,0.0,0.25,1.0213
MMC,0.083,0.25,1.011
VRTX,0.417,0.5,0.9585
NOC,0.333,0.583,1.036
AGN,0.5,0.417,0.9927
ZTS,0.167,0.5,1.0805
FDX,0.417,0.417,0.9836
GD,0.333,0.333,1.0058
PLD,0.167,0.25,1.029
ILMN,0.333,0.5,1.075
MPC,0.417,0.417,0.9848
ECL,0.0,0.5,1.057
EMR,0.167,0.167,1.0149
WM,0.083,0.25,1.0206
HUM,0.333,0.667,1.0369
ICE,0.333,0.167,0.974
PGR,0.0,0.25,1.0909
KMB,0.167,0.75,1.0721
CTSH,0.417,0.25,1.0286
AON,0.167,0.333,1.0238
NOW,0.333,0.583,1.0307
PSX,0.417,0.333,1.0319
BBT,0.083,0.083,1.0625
AEP,0.083,0.583,1.0385
TSLA,0.667,0.167,0.9216
APD,0.167,0.75,1.0714
COF,0.167,0.25,1.0125
PRU,0.25,0.583,1.0326
ADI,0.417,0.333,1.0396
HCA,0.167,0.5,1.036
AIG,0.25,0.25,0.9767
AMAT,0.167,0.167,1.0
TGT,0.25,0.25,1.0
MET,0.167,0.25,1.0
AFL,0.167,0.083,1.0
HPQ,0.083,0.083,1.0455
BAX,0.0,0.167,1.0423
SHW,0.25,0.583,1.0452
USD,0.083,0.333,1.0833
EW,0.333,0.417,1.0178
KMI,0.083,0.25,1.0556
MAR,0.167,0.583,1.1034
VLO,0.333,0.25,1.0
ADSK,0.333,0.417,1.0592
FIS,0.167,0.167,0.9817
ETN,0.0,0.167,1.0526
ROST,0.167,0.167,1.0217
TRV,0.25,0.417,1.048
EQIX,0.25,0.583,1.0835
F,0.0,0.0,1.0
FISV,0.25,0.167,1.0119
EL,0.25,0.583,1.0604
EBAY,0.083,0.25,1.0571
REGN,0.5,0.5,0.986
WMB,0.083,0.083,1.0
JCI,0.0,0.25,1.0294
DAL,0.083,0.083,1.02
ALL,0.167,0.333,1.0444
NXPI,0.333,0.5,1.0217
RHT,0.083,0.25,1.0225
SRE,0.25,0.5,1.0085
SYY,0.0,0.25,1.0308
ROP,0.083,0.833,1.0709
DG,0.083,0.333,1.0261
ATVI,0.5,0.25,0.9111
XLNX,0.25,0.583,1.0991
ORLY,0.417,0.5,1.0758
STI,0.25,0.25,1.1186
PSA,0.5,0.25,0.9617
YUM,0.167,0.167,1.0106
KHC,0.167,0.167,0.7234
EA,0.667,0.333,1.2025
PEG,0.0,0.167,1.0556
MCO,0.083,0.417,1.0683
LUV,0.333,0.25,0.9298
GIS,0.167,0.333,1.0455
OKE,0.167,0.333,1.0308
LYB,0.25,0.333,1.023
XEL,0.0,0.333,1.0577
VFC,0.167,0.167,1.0
LRCX,0.167,0.583,1.0287
WELL,0.333,0.333,0.974
APH,0.0,0.417,1.0562
WDAY,0.417,0.417,1.0319
GLW,0.0,0.167,1.0303
HAL,0.333,0.167,0.9688
ALXN,0.25,0.5,1.0574
STT,0.25,0.25,1.0286
AVB,0.25,0.417,1.0103
PPG,0.25,0.417,1.0472
EQR,0.167,0.333,1.0278
WP,0.167,0.417,1.0353
IR,0.167,0.583,1.0495
STZ,0.583,0.333,0.9713
MCK,0.333,0.417,1.0
CNC,0.333,0.25,1.0159
ZBH,0.167,0.417,1.0598
ED,0.0,0.417,1.0649
A,0.083,0.25,1.0263
FOX,0.0,0.25,1.0204
MTB,0.25,0.5,1.0683
PAYX,0.0,0.333,1.0274
DLR,0.25,0.75,1.0826
WEC,0.0,0.5,1.0556
HPE,0.0,0.083,1.0667
DFS,0.083,0.167,1.029
PCAR,0.083,0.417,1.0781
ADM,0.25,0.167,1.0244
FTV,0.083,0.417,1.0946
SYF,0.0,0.083,1.069
MNST,0.083,0.167,1.0175
CCL,0.083,0.167,1.0
IQV,0.25,0.5,1.1008
DLTR,0.167,0.083,1.0
PH,0.083,0.583,1.0606
HLT,0.083,0.417,1.1486
AZO,0.25,0.75,1.0471
PXD,0.417,0.5,1.0
TROW,0.167,0.333,1.0426
CMI,0.083,0.5,1.0544
VTR,0.333,0.333,1.0
PPL,0.083,0.25,1.0
TMUS,0.0,0.333,1.1061
KR,0.167,0.083,1.0
MSI,0.25,0.417,1.1681
AMD,0.333,0.167,1.0435
ES,0.0,0.25,1.0145
DTE,0.0,0.417,1.0513
WLTW,0.417,0.583,1.0364
APC,0.5,0.333,0.9348
LVS,0.083,0.25,1.0339
TWTR,0.25,0.167,0.8857
UAL,0.25,0.333,1.0
SQ,0.333,0.333,1.0556
APTV,0.083,0.417,1.0513
ROK,0.083,0.583,1.0529
TDG,0.25,0.5,1.0406
BXP,0.333,0.5,1.0227
SWK,0.167,0.5,1.0615
SBAC,0.417,0.25,0.9891
PANW,0.25,0.667,1.0502
O,0.167,0.25,1.0
MCHP,0.083,0.417,1.0114
CLX,0.25,0.5,1.0461
RCL,0.25,0.25,1.0345
GPN,0.167,0.667,1.1043
INFO,0.083,0.25,1.0192
CXO,0.333,0.5,0.9138
VRSK,0.083,0.5,1.0504
FLT,0.25,0.667,1.1176
ALGN,0.333,0.583,1.0369
HRS,0.167,0.417,1.051
EIX,0.167,0.583,1.0893
FE,0.0,0.167,1.0526
SPLK,0.333,0.5,1.0388
NUE,0.333,0.167,1.0
WY,0.083,0.083,1.0
IP,0.417,0.333,1.0
FCX,0.0,0.083,1.1818
NEM,0.0,0.167,1.0909
NTRS,0.25,0.333,1.0337
VRSN,0.25,0.417,1.0289
AMP,0.167,0.583,1.0806
KLAC,0.25,0.5,1.0755
TSN,0.167,0.417,1.0328
DXC,0.25,0.167,1.0312
BLL,0.25,0.25,1.0577
ESS,0.417,0.5,1.0144
CERN,0.083,0.333,1.0364
KEY,0.083,0.083,1.0625
FITB,0.167,0.167,1.0385
AME,0.083,0.5,1.0676
AWK,0.0,0.5,1.0526
FAST,0.083,0.167,1.0164
WAT,0.167,0.333,1.0173
CTAS,0.083,0.75,1.0681
IDXX,0.333,0.5,1.0097
CFG,0.0,0.167,1.0882
HIG,0.167,0.25,1.0
ULTA,0.167,0.667,1.058
AEE,0.0,0.583,1.0588
NTAP,0.167,0.417,0.9851
RSG,0.167,0.0,0.9872
FRC,0.167,0.25,1.0404
TSS,0.25,0.25,1.0109
RF,0.0,0.167,1.0667
MTD,0.417,0.583,1.0431
OMC,0.417,0.25,0.9615
LLL,0.167,0.583,1.0545
CBS,0.167,0.417,1.0408
ETR,0.083,0.583,1.0455
MKC,0.083,0.667,1.0887
CAH,0.25,0.5,1.08
IAC,0.5,0.25,1.0478
CHD,0.0,0.417,1.082
MYL,0.0,0.167,1.0333
FANG,0.333,0.417,1.0297
AMTD,0.167,0.083,1.0364
CBRE,0.0,0.417,1.087
GPC,0.0,0.333,1.0784
EVRG,0.083,0.25,0.9649
BMRN,0.667,0.25,0.8969
CNP,0.0,0.167,1.0333
ANET,0.167,0.667,1.2232
EXPE,0.333,0.25,1.0
HSY,0.0,0.583,1.0377
MXIM,0.167,0.083,1.0
CDNS,0.25,0.167,1.12
MSCI,0.333,0.417,1.0172
ABMD,0.417,0.5,1.0203
KEYS,0.167,0.417,1.0933
YUMC,0.25,0.25,1.025
HES,0.25,0.417,1.0556
SNPS,0.25,0.333,1.0408
LH,0.25,0.333,1.0496
CMS,0.0,0.167,1.0588
LNG,0.333,0.25,0.9848
HBAN,0.0,0.167,1.0769
VMC,0.417,0.333,1.0667
HCP,0.083,0.083,1.0
INCY,0.167,0.333,1.037
PFG,0.083,0.25,1.0833
AJG,0.167,0.25,1.0256
CSGP,0.333,0.583,1.0301
SWKS,0.5,0.333,1.0123
K,0.167,0.25,0.9492
CMG,0.417,0.417,1.1385
ANSS,0.167,0.333,1.0355
ARE,0.25,0.417,1.0543
HST,0.25,0.167,1.1111
AAL,0.167,0.25,0.9722
CTXS,0.25,0.25,0.9906
VEEV,0.5,0.417,1.0261
SYMC,0.083,0.167,1.0
MGM,0.333,0.083,0.931
LULU,0.333,0.583,1.0205
CMA,0.083,0.5,1.1139
RMD,0.083,0.583,1.0745
BBY,0.333,0.167,1.0169
LEN,0.167,0.583,1.087
MRO,0.083,0.25,1.0667
CDW,0.083,0.417,1.1176
DHI,0.167,0.25,1.0526
GWW,0.333,0.5,1.0435
DVN,0.333,0.25,1.1154
CE,0.333,0.5,1.0619
NLY,0.0,0.0,1.0
DRI,0.167,0.333,1.0278
COO,0.417,0.583,1.0542
WDC,0.417,0.417,1.0426
MKL,0.5,0.5,0.957
WCG,0.417,0.5,0.9892
BFB,0.0,0.0,1.0
TXT,0.0,0.083,1.0185
FDC,0.0,0.25,1.0
BHGE,0.167,0.167,1.04
ABC,0.333,0.25,1.0
LNC,0.0,0.417,1.069
CINF,0.333,0.333,1.0488
L,0.167,0.25,1.0
WYNN,0.167,0.583,1.0315
XYL,0.0,0.417,1.0571
DOV,0.167,0.583,1.0455
EFX,0.083,0.417,1.028
SIVB,0.333,0.583,1.0426
EXPD,0.083,0.417,1.0714
IFF,0.5,0.25,0.8951
APA,0.25,0.333,1.0312
CTL,0.0,0.083,0.9286
CHRW,0.083,0.417,1.0225
DXCM,0.75,0.25,0.9189
IT,0.333,0.25,1.0216
HOLX,0.0,0.167,1.0698
TFX,0.167,0.583,1.044
ACGL,0.0,0.083,1.0667
NRG,0.0,0.25,1.05
GDDY,0.167,0.333,1.1014
ETFC,0.083,0.417,1.0435
SSNC,0.083,0.333,1.1346
VMW,0.0,0.833,1.109
NCLH,0.25,0.25,1.0377
VAR,0.25,0.333,1.0076
DGX,0.083,0.5,1.0
MLM,0.5,0.333,1.0215
EMN,0.25,0.417,1.05
FTNT,0.333,0.417,1.0488
VNO,0.167,0.167,0.9714
MAA,0.167,0.25,1.0196
UDR,0.0,0.167,1.0
SJM,0.333,0.333,0.9619
WPC,0.083,0.25,1.0
TSCO,0.083,0.583,1.0787
FMC,0.0,0.583,1.0476
MOS,0.167,0.25,1.0323
CAG,0.083,0.333,1.0455
NBL,0.167,0.333,1.0455
TRU,0.083,0.417,1.0161
MAS,0.0,0.25,1.1212
KSU,0.167,0.417,1.0571
HRL,0.083,0.167,1.0
BR,0.333,0.25,0.9615
ALLY,0.083,0.167,1.0
UHS,0.25,0.417,1.0149
AAP,0.333,0.417,1.0
CPRT,0.083,0.333,1.1373
AES,0.083,0.167,1.0625
EXR,0.333,0.333,0.9592
TIF,0.167,0.25,1.0337
NOV,0.333,0.083,0.9333
KSS,0.5,0.25,0.9552
URI,0.167,0.417,1.0625
AKAM,0.417,0.417,1.0147
MRVL,0.083,0.25,1.0556
IEX,0.167,0.5,1.0511
KMX,0.333,0.25,0.9836
RJF,0.167,0.25,1.0247
COG,0.167,0.167,1.0
BURL,0.417,0.417,0.9371
LNT,0.167,0.25,1.0227
ATO,0.167,0.5,1.0421
CBOE,0.25,0.333,1.0105
PTC,0.167,0.417,1.0575
TAP,0.25,0.25,0.9242
DPZ,0.5,0.5,0.8966
DRE,0.083,0.083,1.0345
VST,0.0,0.0,1.04
ZBRA,0.167,0.667,1.1508
LW,0.167,0.083,0.9859
FFIV,0.25,0.75,1.0617
STE,0.083,0.333,1.0427
CF,0.333,0.167,1.0476
VIAB,0.167,0.083,0.9667
NDAQ,0.083,0.333,1.0349
JKHY,0.417,0.167,1.0233
TEAM,0.25,0.333,1.0294
PKI,0.417,0.333,1.0109
PNW,0.0,0.333,1.069
SPR,0.333,0.583,1.0652
IRM,0.083,0.0,0.9722
ULTI,0.167,0.25,1.003
SIRI,0.083,0.167,1.0
LEA,0.333,0.417,1.0131
REG,0.25,0.25,1.0156
TRMB,0.0,0.25,1.0526
TPR,0.083,0.167,0.8974
HAS,0.25,0.083,0.9451
PCG,0.167,0.417,1.2857
TWLO,0.417,0.417,1.0175
ODFL,0.417,0.5,1.0709
EXAS,0.5,0.333,1.0575
TTWO,0.583,0.333,0.9062
BEN,0.0,0.167,1.0667
WRK,0.25,0.167,1.0263
FRT,0.25,0.417,1.015
ZION,0.083,0.333,1.0625
JBHT,0.25,0.5,1.0
TRGP,0.333,0.25,0.9535
ON,0.0,0.083,1.0
SUI,0.083,0.333,1.018
ALB,0.333,0.333,1.1125
NI,0.083,0.083,1.0
JEC,0.083,0.5,1.1212
DISCK,0.25,0.167,1.0
JNPR,0.0,0.083,1.0385
ELS,0.25,0.417,1.0093
GRMN,0.083,0.333,1.2029
DATA,0.417,0.5,1.0312
UGI,0.083,0.25,0.9818
NLSN,0.25,0.167,1.04
HII,0.083,0.5,1.0284
LBRDK,0.25,0.5,1.0227
Y,0.417,0.417,0.9783
PKG,0.25,0.333,1.0316
RE,0.167,0.667,1.0136
XRAY,0.167,0.0,0.9535
HSIC,0.417,0.5,0.9516
AVY,0.167,0.167,1.0192
IPG,0.25,0.167,1.0455
AGNC,0.0,0.0,1.0
LDOS,0.167,0.417,1.0492
SNA,0.083,0.583,0.9758
FNF,0.083,0.25,1.0294
LII,0.25,0.667,1.0553
WHR,0.083,0.583,1.0821
SRPT,0.417,0.417,0.9858
RGA,0.5,0.417,1.007
QRTEA,0.0,0.0,1.0
HFC,0.333,0.333,1.0
MHK,0.25,0.5,1.1111
PAYC,0.5,0.5,1.0824
CPT,0.167,0.333,1.0
PVH,0.167,0.583,1.0446
QGEN,0.0,0.083,1.0541
TMK,0.167,0.167,1.0
LKQ,0.083,0.167,1.0
VICI,0.0,0.0,1.0
MKTX,0.083,0.75,1.0917
STLD,0.083,0.417,1.0833
FDS,0.333,0.583,1.0452
OGE,0.0,0.167,1.05
NVR,0.5,0.5,1.0132
ALLE,0.167,0.5,1.0114
BWA,0.25,0.25,1.025
CGNX,0.083,0.25,1.0851
MOH,0.25,0.333,1.0292
DELL,0.083,0.5,1.098
ST,0.083,0.5,1.1087
NNN,0.25,0.417,0.9811
MTN,0.25,0.583,1.04
QRVO,0.25,0.25,1.0
TDY,0.25,0.583,1.0398
HDS,0.0,0.25,1.0476
ADS,0.417,0.5,0.9613
ZEN,0.417,0.5,1.0
EPAM,0.083,0.667,1.0897
RHI,0.0,0.583,1.0794
DOX,0.083,0.333,1.0182
TYL,0.25,0.417,1.0049
WRB,0.083,0.25,1.038
VOYA,0.083,0.167,1.0208
ARNC,0.25,0.083,1.0
EWBC,0.083,0.417,1.0784
WU,0.167,0.083,0.9444
ARMK,0.167,0.083,0.9697
VER,0.0,0.0,1.0
GGG,0.0,0.333,1.093
LYV,0.083,0.25,1.0566
UNM,0.167,0.417,1.0571
NDSN,0.167,0.667,1.0379
WST,0.167,0.333,1.0
RPM,0.0,0.167,1.0175
DVA,0.167,0.333,1.0357
USFD,0.083,0.333,1.0294
BG,0.167,0.25,0.9623
IVZ,0.083,0.167,1.0556
CDK,0.167,0.5,1.0741
M,0.25,0.167,0.96
JLL,0.25,0.5,1.1517
NWL,0.167,0.083,0.8095
SLG,0.333,0.417,0.9892
ALK,0.167,0.25,0.9688
AOS,0.0,0.167,1.0816
BKI,0.083,0.25,1.04
SCI,0.0,0.333,0.9767
NTNX,0.333,0.25,1.0
BAH,0.167,0.417,1.0385
SGEN,0.333,0.333,0.9467
SBNY,0.25,0.417,1.0385
TER,0.083,0.25,1.1081
GLPI,0.167,0.167,1.0
AIV,0.083,0.167,1.0
JAZZ,0.417,0.5,0.9844
GWRE,0.417,0.333,0.9892
IONS,0.25,0.333,1.0
TECH,0.25,0.333,1.0265
RNG,0.333,0.417,1.0938
KRC,0.0,0.25,1.0423
KIM,0.0,0.0,1.0
GRUB,0.333,0.583,0.9875
CSL,0.167,0.333,1.1182
TTC,0.25,0.583,1.1525
FICO,0.25,0.667,1.0736
DISH,0.083,0.417,1.0323
PHM,0.083,0.167,1.0
OHI,0.083,0.167,0.9231
LPT,0.0,0.0,1.0
AZPN,0.25,0.417,1.0202
FL,0.167,0.167,1.0536
RL,0.083,0.583,1.0242
ATH,0.0,0.083,1.0233
WEX,0.167,0.75,1.0736
OKTA,0.5,0.417,1.0244
BLUE,0.417,0.417,0.9776
ARW,0.167,0.333,1.0658
FLIR,0.0,0.083,1.0612
NBIX,0.583,0.25,0.8966
FBHS,0.167,0.25,1.0667
INVH,0.0,0.0,1.0455
BFAM,0.333,0.167,1.0513
BERY,0.083,0.25,1.0612
BRO,0.0,0.25,1.0741
CCK,0.083,0.333,1.0588
SEE,0.167,0.167,1.075
HRC,0.083,0.25,1.0297
SEIC,0.0,0.333,1.0612
LSXMK,0.083,0.167,1.0
XEC,0.333,0.417,1.0
CRL,0.0,0.583,1.1429
HBI,0.083,0.167,1.2667
PNR,0.167,0.167,1.0488
MPW,0.083,0.0,1.0
W,0.417,0.417,1.2735
XPO,0.417,0.333,0.8667
ALNY,0.5,0.25,0.963
HUBB,0.167,0.5,1.0526
CC,0.25,0.25,1.0541
POST,0.167,0.583,1.0521
SAGE,0.333,0.667,1.0408
MIDD,0.333,0.417,0.9597
AFG,0.083,0.5,1.0532
EEFT,0.333,0.417,1.1368
PRAH,0.25,0.5,1.0556
DCI,0.0,0.25,1.0833
XRX,0.083,0.25,1.069
INGR,0.25,0.25,1.0
LPLA,0.25,0.417,1.0132
PBCT,0.0,0.0,1.0625
ATR,0.167,0.25,1.02
KAR,0.417,0.25,0.8868
CBSH,0.083,0.417,1.05
WTR,0.083,0.167,1.0286
RS,0.083,0.5,1.0854
LAMR,0.25,0.5,1.0267
WAB,0.333,0.5,1.0139
EHC,0.167,0.333,0.9701
SNV,0.0,0.333,1.0833
STOR,0.083,0.083,1.0323
PK,0.083,0.167,1.0667
EXEL,0.333,0.0,0.9545
DEI,0.0,0.25,1.0263
HOG,0.167,0.0,1.0278
NKTR,0.333,0.25,0.9302
WBC,0.25,0.5,1.0348
CPB,0.167,0.25,0.9143
ACC,0.083,0.083,1.0
PRGO,0.25,0.167,1.0213
LB,0.083,0.167,1.0
CPRI,0.25,0.0,0.8958
FWONK,0.333,0.417,1.0323
MAC,0.25,0.25,0.9556
HXL,0.167,0.167,1.029
HLF,0.333,0.167,0.9333
SABR,0.167,0.083,0.9565
MASI,0.25,0.25,1.0079
HTA,0.083,0.083,1.0
FLS,0.083,0.333,1.0455
POOL,0.5,0.5,1.0064
CTLT,0.0,0.333,1.1026
JEF,0.083,0.25,1.0
NRZ,0.083,0.083,0.9412
STWD,0.083,0.083,1.0
RGLD,0.25,0.333,1.023
NYCB,0.083,0.25,1.0909
PFPT,0.333,0.5,1.0259
HEIA,0.0,0.0,1.0
ORI,0.0,0.083,1.05
LEG,0.0,0.167,1.0227
CFR,0.167,0.417,1.0606
RNR,0.333,0.25,1.0284
OSK,0.167,0.5,1.08
AMH,0.167,0.083,0.9545
DNKN,0.167,0.5,1.029
ROL,0.083,0.083,1.0541
AMG,0.25,0.333,1.0
ALSN,0.083,0.25,1.0417
BIO,0.167,0.75,1.096
ZAYO,0.167,0.0,0.9259
HP,0.333,0.25,0.9821
SON,0.167,0.25,1.0172
BPOP,0.167,0.167,1.037
AXTA,0.167,0.167,1.0385
OC,0.417,0.333,0.9623
TRIP,0.25,0.167,0.9153
CUBE,0.25,0.25,1.0
FAF,0.083,0.083,1.02
CZR,0.0,0.0,1.0
AA,0.167,0.25,1.0345
JBLU,0.167,0.25,1.0
CY,0.083,0.0,1.0
LOPE,0.167,0.417,1.2581
LECO,0.167,0.417,1.0
TDC,0.0,0.167,1.0
MAN,0.0,0.5,1.0633
MPWR,0.333,0.5,1.0226
MSG,0.417,0.333,1.0348
IPGP,0.167,0.583,1.1387
EPR,0.25,0.417,1.0137
CIT,0.0,0.417,1.0851
CONE,0.083,0.25,0.963
GPS,0.167,0.083,0.96
GLIBA,0.083,0.167,1.0
PWR,0.0,0.167,1.0588
BRX,0.0,0.0,1.0
JWN,0.333,0.167,0.9565
GNTX,0.25,0.083,1.0
TOL,0.333,0.167,1.0
SERV,0.083,0.25,1.0
MDU,0.0,0.167,1.08
GRA,0.083,0.167,1.0694
WH,0.083,0.5,1.0588
CW,0.25,0.5,1.0431
HUN,0.083,0.167,1.0909
FLR,0.083,0.333,1.0857
COTY,0.083,0.25,1.5714
AYI,0.417,0.417,1.0484
ARRS,0.0,0.0,1.0
G,0.083,0.083,1.0645
WPX,0.25,0.167,1.0
BHF,0.083,0.333,1.1622
NATI,0.0,0.25,1.0455
HRB,0.083,0.25,1.087
AIZ,0.167,0.083,1.0103
HPP,0.0,0.167,1.0312
BWXT,0.0,0.333,1.1042
THG,0.25,0.25,1.0351
KDP,0.167,0.083,1.0
CHE,0.167,0.667,1.0554
FHN,0.0,0.0,1.0714
ALKS,0.417,0.25,1.0
WBS,0.0,0.167,1.0182
PACW,0.0,0.167,1.0513
SLM,0.0,0.083,1.1
NFG,0.0,0.167,1.0345
MUR,0.083,0.167,1.0741
EQT,0.167,0.167,1.0
UTHR,0.25,0.417,1.0172
CASY,0.333,0.333,1.0152
GWR,0.25,0.5,1.0
ASH,0.167,0.25,1.04
PII,0.417,0.417,1.0116
AVT,0.0,0.333,1.0732
PODD,0.167,0.417,1.0741
OLED,0.0,0.667,1.3182
NWSA,0.0,0.0,1.0
ITT,0.083,0.417,1.0943
MAT,0.083,0.417,1.1667
PB,0.0,0.25,1.0278
CACC,0.333,0.583,1.0426
BMS,0.0,0.167,1.0816
PE,0.25,0.25,1.0556
EV,0.083,0.417,1.0513
AXS,0.083,0.167,1.0182
ACM,0.083,0.25,1.0333
JBL,0.0,0.167,1.1154
WAL,0.167,0.333,1.0455
NUAN,0.0,0.0,1.0
HIW,0.083,0.167,1.0222
MKSI,0.333,0.333,1.0244
KEX,0.167,0.5,1.0541
STL,0.0,0.083,1.0526
LSTR,0.167,0.417,1.0577
WYND,0.083,0.333,1.093
GT,0.083,0.083,0.9048
WSO,0.25,0.417,0.973
LFUS,0.083,0.583,1.038
WSM,0.167,0.25,1.0
SKX,0.167,0.083,1.2222
OLN,0.25,0.167,1.0
DISCA,0.083,0.083,1.0
PEN,0.25,0.333,0.9799
HPT,0.167,0.0,1.0
HHC,0.083,0.5,1.0455
COMM,0.083,0.167,1.0952
PNFP,0.083,0.417,1.0926
BC,0.083,0.5,1.0816
RIG,0.0,0.0,1.0
KNX,0.167,0.333,1.0645
LSI,0.25,0.5,0.9898
S,0.0,0.083,1.2
LAZ,0.333,0.0,0.9231
AGO,0.083,0.083,1.025
X,0.167,0.167,1.0909
AGCO,0.083,0.5,1.0476
ERIE,0.083,0.583,1.1569
HE,0.0,0.083,1.027
Z,0.333,0.5,1.2941
LOGM,0.25,0.417,0.8632
CR,0.083,0.333,1.0366
VSM,0.083,0.333,1.1111
NVT,0.0,0.333,1.08
IBKR,0.0,0.333,1.12
JBGS,0.167,0.25,1.0256
FSLR,0.25,0.417,1.0816
WTFC,0.25,0.5,1.0423
ETRN,0.25,0.0,0.95
CRI,0.083,0.5,1.0824
OZK,0.0,0.167,1.0645
RP,0.333,0.333,1.0172
CABO,0.25,0.667,1.0678
UAA,0.167,0.083,1.05
TRCO,0.0,0.0,1.0
CNK,0.333,0.25,0.9744
IART,0.083,0.333,1.125
DLB,0.167,0.167,1.0
SIX,0.25,0.333,0.9048
CLR,0.25,0.417,0.9565
UMPQ,0.0,0.083,1.0588
ASB,0.0,0.083,1.0455
PBF,0.25,0.333,0.9714
DOCU,0.25,0.167,1.0192
ICUI,0.25,0.333,0.992
MSM,0.25,0.333,1.0241
GPK,0.0,0.0,1.0
FNB,0.083,0.083,1.0909
EQC,0.0,0.0,1.0
ZNGA,0.083,0.167,1.25
FLO,0.083,0.333,1.1053
SRCL,0.167,0.25,1.0227
TCF,0.0,0.083,1.0455
UA,0.167,0.25,1.0
EQH,0.0,0.083,1.0556
BKU,0.0,0.083,1.0588
COR,0.167,0.5,1.0606
BRKR,0.0,0.083,1.0571
HEI,0.083,0.5,1.0805
AL,0.167,0.25,1.0
RYN,0.083,0.167,0.9667
TRN,0.167,0.25,1.0
APLE,0.083,0.083,1.0
TDS,0.167,0.167,0.9143
TWOU,0.167,0.75,1.1667
RBC,0.083,0.25,1.0244
EVR,0.333,0.333,1.0225
USG,0.0,0.0,1.0
VVV,0.167,0.25,0.8636
FHB,0.0,0.0,1.0385
THO,0.167,0.333,1.0781
EXP,0.167,0.583,1.0822
WRI,0.0,0.0,1.0
NEU,0.333,0.667,1.1
NUS,0.083,0.5,0.9846
FCNCA,0.0,0.75,1.0733
MANH,0.083,0.333,1.0189
WEN,0.083,0.083,1.0
BOH,0.0,0.333,1.038
NCR,0.083,0.083,1.0
UFS,0.167,0.25,1.0612
GDI,0.083,0.333,1.0833
STAY,0.167,0.25,1.0
CIM,0.083,0.0,0.9474
SRC,0.167,0.25,1.0
TWO,0.083,0.0,0.9286
SNH,0.083,0.083,1.0769
LSXMA,0.0,0.083,1.0
R,0.083,0.333,1.0862
FEYE,0.167,0.083,0.8889
SMG,0.25,0.25,1.0395
NAVI,0.0,0.083,1.0909
THS,0.083,0.5,1.0345
MFA,0.0,0.0,1.0
MD,0.083,0.167,0.9722
CLGX,0.333,0.417,1.0526
AWI,0.083,0.167,1.0735
PSTG,0.0,0.25,1.0556
COLM,0.333,0.333,1.1413
REZI,0.0,0.167,1.087
H,0.167,0.417,1.0714
OI,0.0,0.167,1.0526
MIC,0.0,0.083,0.9302
HGV,0.083,0.25,1.0667
COHR,0.25,0.667,1.0968
CMD,0.083,0.417,1.061
PGRE,0.0,0.0,1.0
TCO,0.167,0.25,1.06
APY,0.083,0.333,1.1765
CLH,0.25,0.25,1.0
PTEN,0.167,0.167,1.0833
CNDT,0.0,0.167,1.1538
TCBI,0.167,0.167,1.0339
VMI,0.25,0.417,1.0538
TKR,0.083,0.083,1.0
BOKF,0.083,0.583,1.0952
CLNY,0.0,0.0,1.2
CPA,0.417,0.167,0.9082
MTCH,0.333,0.167,1.0755
DKS,0.167,0.167,1.0278
SFM,0.083,0.083,0.9583
SCCO,0.25,0.25,1.0909
GHC,0.333,0.5,1.0318
AGR,0.0,0.25,1.0
CHH,0.167,0.333,1.0125
BDN,0.083,0.083,1.0
OUT,0.083,0.083,1.0
AGIO,0.5,0.417,1.0741
AMCX,0.25,0.417,0.9844
WLK,0.25,0.417,0.9868
ENR,0.25,0.333,1.0
WTM,0.167,0.75,1.036
CBT,0.167,0.5,1.093
CHK,0.0,0.0,1.0
CXP,0.083,0.083,1.0
OFC,0.083,0.25,1.04
UHAL,0.5,0.417,1.0444
OMF,0.25,0.25,1.1
UNVR,0.0,0.25,1.0952
TPX,0.25,0.5,1.0741
WCC,0.167,0.083,1.0185
RPAI,0.083,0.083,1.0
LM,0.0,0.25,1.0345
BFA,0.0,0.0,1.0
WLL,0.083,0.167,1.0357
VC,0.25,0.5,1.141
BPR,0.25,0.167,1.1111
ESI,0.0,0.0,1.0
TEX,0.0,0.25,1.129
PEGA,0.167,0.5,1.1228
ACHC,0.167,0.167,1.0
SC,0.0,0.083,1.0526
AR,0.083,0.083,1.0
SPB,0.25,0.417,0.9123
CFX,0.0,0.167,1.04
MORN,0.25,0.333,1.008
SLGN,0.0,0.083,1.0
LBRDA,0.25,0.583,1.0114
RRC,0.167,0.167,1.0
CDEV,0.083,0.083,1.0
JWA,0.0,0.083,1.0196
ESRT,0.0,0.0,1.0
URBN,0.167,0.167,0.9677
RLGY,0.083,0.083,1.0588
CVET,0.545,0.364,0.8222
CNX,0.167,0.083,1.0
UBNT,0.083,0.75,1.3241
WBT,0.083,0.167,1.0714
ELAN,0.0,0.25,1.0357
AN,0.333,0.417,0.9487
FTDR,0.167,0.167,0.9655
ZG,0.167,0.417,1.2647
SITC,0.083,0.0,1.0
ADNT,0.167,0.5,1.05
PINC,0.333,0.417,0.9231
SATS,0.167,0.25,0.9512
SM,0.333,0.333,0.8889
QEP,0.167,0.0,0.875
FND,0.083,0.417,1.1562
CDAY,0.083,0.417,1.1163
PAG,0.417,0.333,0.8958
IGT,0.083,0.167,1.0625
HAIN,0.083,0.333,1.0
UNIT,0.167,0.083,0.45
BGCP,0.0,0.0,1.0
MIK,0.167,0.083,0.9286
ACA,0.083,0.25,1.069
NWS,0.0,0.167,1.0
MCY,0.25,0.417,1.0192
KOS,0.0,0.0,1.0
CNA,0.083,0.083,0.9348
GTX,0.25,0.333,1.0
ANAT,0.083,0.583,1.0851
SEB,0.25,0.667,1.0599
SNDR,0.167,0.25,1.0
NBR,0.083,0.083,1.0
PPC,0.083,0.333,1.0
VIRT,0.167,0.083,1.0
TFSL,0.0,0.083,1.0625
EAF,0.083,0.167,1.0769
ADT,0.083,0.083,1.1429
FWONA,0.167,0.25,1.0
ESTC,0.25,0.417,1.0444
GTES,0.167,0.25,1.0667
PS,0.333,0.083,0.9355
USM,0.417,0.333,0.8909
RES,0.25,0.083,0.9091
LENB,0.0,1.0,1.0256
RVI,0.25,0.167,1.0
SWI,0.167,0.167,1.0
XOG,0.0,0.0,1.3333
VIA,0.0,0.083,1.0
SWCH,0.083,0.083,1.0
ARD,0.167,0.167,1.0
