,Date,Open,Adj Close
0,2007-01-03,77.0,63.0
1,2007-01-04,77.0,63.0
2,2007-01-05,77.0,63.0
3,2007-01-08,77.0,63.0
4,2007-01-09,78.0,62.0
5,2007-01-10,76.0,61.0
6,2007-01-11,76.0,62.0
7,2007-01-12,76.0,63.0
8,2007-01-16,77.0,62.0
9,2007-01-17,76.0,62.0
10,2007-01-18,77.0,62.0
11,2007-01-19,78.0,64.0
12,2007-01-22,79.0,64.0
13,2007-01-23,79.0,65.0
14,2007-01-24,80.0,65.0
15,2007-01-25,80.0,64.0
16,2007-01-26,80.0,65.0
17,2007-01-29,79.0,64.0
18,2007-01-30,79.0,65.0
19,2007-01-31,80.0,65.0
20,2007-02-01,80.0,65.0
21,2007-02-02,80.0,66.0
22,2007-02-05,81.0,66.0
23,2007-02-06,82.0,67.0
24,2007-02-07,83.0,68.0
25,2007-02-08,83.0,67.0
26,2007-02-09,83.0,67.0
27,2007-02-12,82.0,66.0
28,2007-02-13,82.0,66.0
29,2007-02-14,82.0,67.0
30,2007-02-15,82.0,67.0
31,2007-02-16,82.0,67.0
32,2007-02-20,82.0,67.0
33,2007-02-21,82.0,67.0
34,2007-02-22,82.0,67.0
35,2007-02-23,82.0,65.0
36,2007-02-26,81.0,65.0
37,2007-02-27,80.0,63.0
38,2007-02-28,77.0,63.0
39,2007-03-01,75.0,63.0
40,2007-03-02,77.0,62.0
41,2007-03-05,76.0,60.0
42,2007-03-06,76.0,62.0
43,2007-03-07,76.0,61.0
44,2007-03-08,76.0,62.0
45,2007-03-09,77.0,63.0
46,2007-03-12,77.0,62.0
47,2007-03-13,76.0,61.0
48,2007-03-14,75.0,61.0
49,2007-03-15,75.0,62.0
50,2007-03-16,76.0,61.0
51,2007-03-19,75.0,61.0
52,2007-03-20,76.0,62.0
53,2007-03-21,76.0,63.0
54,2007-03-22,78.0,63.0
55,2007-03-23,78.0,63.0
56,2007-03-26,78.0,63.0
57,2007-03-27,77.0,62.0
58,2007-03-28,76.0,61.0
59,2007-03-29,76.0,61.0
60,2007-03-30,75.0,61.0
61,2007-04-02,75.0,60.0
62,2007-04-03,74.0,60.0
63,2007-04-04,74.0,60.0
64,2007-04-05,73.0,60.0
65,2007-04-09,73.0,60.0
66,2007-04-10,73.0,60.0
67,2007-04-11,74.0,60.0
68,2007-04-12,74.0,60.0
69,2007-04-13,74.0,61.0
70,2007-04-16,75.0,62.0
71,2007-04-17,77.0,63.0
72,2007-04-18,77.0,63.0
73,2007-04-19,77.0,63.0
74,2007-04-20,74.0,59.0
75,2007-04-23,72.0,57.0
76,2007-04-24,71.0,58.0
77,2007-04-25,73.0,60.0
78,2007-04-26,74.0,61.0
79,2007-04-27,75.0,61.0
80,2007-04-30,75.0,60.0
81,2007-05-01,74.0,60.0
82,2007-05-02,74.0,60.0
83,2007-05-03,74.0,61.0
84,2007-05-04,75.0,60.0
85,2007-05-07,74.0,61.0
86,2007-05-08,75.0,61.0
87,2007-05-09,75.0,61.0
88,2007-05-10,76.0,62.0
89,2007-05-11,77.0,63.0
90,2007-05-14,77.0,63.0
91,2007-05-15,77.0,62.0
92,2007-05-16,77.0,63.0
93,2007-05-17,77.0,62.0
94,2007-05-18,77.0,63.0
95,2007-05-21,77.0,63.0
96,2007-05-22,78.0,64.0
97,2007-05-23,79.0,65.0
98,2007-05-24,80.0,64.0
99,2007-05-25,79.0,64.0
100,2007-05-29,79.0,65.0
101,2007-05-30,79.0,65.0
102,2007-05-31,80.0,65.0
103,2007-06-01,80.0,65.0
104,2007-06-04,80.0,65.0
105,2007-06-05,80.0,65.0
106,2007-06-06,79.0,65.0
107,2007-06-07,79.0,65.0
108,2007-06-08,80.0,65.0
109,2007-06-11,80.0,65.0
110,2007-06-12,80.0,65.0
111,2007-06-13,80.0,66.0
112,2007-06-14,81.0,65.0
113,2007-06-15,81.0,66.0
114,2007-06-18,81.0,67.0
115,2007-06-19,82.0,66.0
116,2007-06-20,81.0,65.0
117,2007-06-21,80.0,66.0
118,2007-06-22,81.0,65.0
119,2007-06-25,80.0,65.0
120,2007-06-26,80.0,64.0
121,2007-06-27,78.0,64.0
122,2007-06-28,81.0,65.0
123,2007-06-29,81.0,64.0
124,2007-07-02,79.0,64.0
125,2007-07-03,79.0,64.0
126,2007-07-05,78.0,63.0
127,2007-07-06,78.0,64.0
128,2007-07-09,78.0,64.0
129,2007-07-10,78.0,62.0
130,2007-07-11,76.0,61.0
131,2007-07-12,75.0,62.0
132,2007-07-13,75.0,61.0
133,2007-07-16,75.0,62.0
134,2007-07-17,76.0,62.0
135,2007-07-18,76.0,62.0
136,2007-07-19,78.0,61.0
137,2007-07-20,77.0,63.0
138,2007-07-23,78.0,63.0
139,2007-07-24,77.0,61.0
140,2007-07-25,76.0,61.0
141,2007-07-26,74.0,60.0
142,2007-07-27,73.0,59.0
143,2007-07-30,73.0,60.0
144,2007-07-31,74.0,58.0
145,2007-08-01,70.0,57.0
146,2007-08-02,70.0,58.0
147,2007-08-03,71.0,55.0
148,2007-08-06,68.0,57.0
149,2007-08-07,69.0,57.0
150,2007-08-08,71.0,58.0
151,2007-08-09,69.0,55.0
152,2007-08-10,67.0,56.0
153,2007-08-13,70.0,56.0
154,2007-08-14,69.0,54.0
155,2007-08-15,66.0,51.0
156,2007-08-16,62.0,53.0
157,2007-08-17,68.0,56.0
158,2007-08-20,69.0,54.0
159,2007-08-21,67.0,56.0
160,2007-08-22,70.0,54.0
161,2007-08-23,67.0,54.0
162,2007-08-24,66.0,54.0
163,2007-08-27,66.0,54.0
164,2007-08-28,65.0,52.0
165,2007-08-29,64.0,53.0
166,2007-08-30,64.0,52.0
167,2007-08-31,66.0,53.0
168,2007-09-04,65.0,53.0
169,2007-09-05,64.0,51.0
170,2007-09-06,63.0,52.0
171,2007-09-07,63.0,51.0
172,2007-09-10,63.0,51.0
173,2007-09-11,63.0,52.0
174,2007-09-12,64.0,53.0
175,2007-09-13,65.0,54.0
176,2007-09-14,66.0,54.0
177,2007-09-17,65.0,53.0
178,2007-09-18,66.0,57.0
179,2007-09-19,70.0,58.0
180,2007-09-20,71.0,56.0
181,2007-09-21,70.0,56.0
182,2007-09-24,69.0,54.0
183,2007-09-25,66.0,54.0
184,2007-09-26,66.0,54.0
185,2007-09-27,67.0,54.0
186,2007-09-28,67.0,54.0
187,2007-10-01,66.0,56.0
188,2007-10-02,68.0,56.0
189,2007-10-03,69.0,57.0
190,2007-10-04,70.0,58.0
191,2007-10-05,72.0,59.0
192,2007-10-08,72.0,58.0
193,2007-10-09,71.0,59.0
194,2007-10-10,72.0,58.0
195,2007-10-11,71.0,58.0
196,2007-10-12,72.0,58.0
197,2007-10-15,71.0,56.0
198,2007-10-16,68.0,54.0
199,2007-10-17,68.0,54.0
200,2007-10-18,66.0,54.0
201,2007-10-19,65.0,51.0
202,2007-10-22,61.0,51.0
203,2007-10-23,64.0,50.0
204,2007-10-24,62.0,52.0
205,2007-10-25,64.0,50.0
206,2007-10-26,64.0,52.0
207,2007-10-29,65.0,54.0
208,2007-10-30,66.0,53.0
209,2007-10-31,66.0,53.0
210,2007-11-01,64.0,51.0
211,2007-11-02,62.0,50.0
212,2007-11-05,60.0,49.0
213,2007-11-06,61.0,48.0
214,2007-11-07,56.0,41.0
215,2007-11-08,51.0,43.0
216,2007-11-09,51.0,44.0
217,2007-11-12,53.0,44.0
218,2007-11-13,55.0,46.0
219,2007-11-14,58.0,45.0
220,2007-11-15,55.0,43.0
221,2007-11-16,53.0,43.0
222,2007-11-19,53.0,42.0
223,2007-11-20,52.0,41.0
224,2007-11-21,50.0,41.0
225,2007-11-23,50.0,42.0
226,2007-11-26,52.0,40.0
227,2007-11-27,50.0,40.0
228,2007-11-28,50.0,44.0
229,2007-11-29,53.0,42.0
230,2007-11-30,54.0,43.0
231,2007-12-03,54.0,41.0
232,2007-12-04,50.0,41.0
233,2007-12-05,50.0,41.0
234,2007-12-06,50.0,43.0
235,2007-12-07,50.0,41.0
236,2007-12-10,50.0,42.0
237,2007-12-11,52.0,41.0
238,2007-12-12,51.0,39.0
239,2007-12-13,47.0,40.0
240,2007-12-14,48.0,38.0
241,2007-12-17,46.0,37.0
242,2007-12-18,46.0,38.0
243,2007-12-19,47.0,37.0
244,2007-12-20,46.0,37.0
245,2007-12-21,46.0,39.0
246,2007-12-24,48.0,39.0
247,2007-12-26,48.0,39.0
248,2007-12-27,47.0,38.0
249,2007-12-28,47.0,38.0
250,2007-12-31,46.0,38.0
251,2008-01-02,48.0,39.0
252,2008-01-03,48.0,38.0
253,2008-01-04,46.0,37.0
254,2008-01-07,46.0,38.0
255,2008-01-08,47.0,35.0
256,2008-01-09,43.0,35.0
257,2008-01-10,40.0,35.0
258,2008-01-11,41.0,35.0
259,2008-01-14,43.0,35.0
260,2008-01-15,41.0,34.0
261,2008-01-16,42.0,35.0
262,2008-01-17,43.0,33.0
263,2008-01-18,41.0,32.0
264,2008-01-22,37.0,32.0
265,2008-01-23,39.0,36.0
266,2008-01-24,47.0,39.0
267,2008-01-25,48.0,38.0
268,2008-01-28,46.0,41.0
269,2008-01-29,50.0,42.0
270,2008-01-30,51.0,42.0
271,2008-01-31,51.0,44.0
272,2008-02-01,55.0,46.0
273,2008-02-04,56.0,43.0
274,2008-02-05,51.0,41.0
275,2008-02-06,51.0,40.0
276,2008-02-07,49.0,41.0
277,2008-02-08,49.0,40.0
278,2008-02-11,49.0,38.0
279,2008-02-12,47.0,39.0
280,2008-02-13,48.0,40.0
281,2008-02-14,48.0,39.0
282,2008-02-15,47.0,39.0
283,2008-02-19,48.0,39.0
284,2008-02-20,48.0,40.0
285,2008-02-21,50.0,39.0
286,2008-02-22,48.0,39.0
287,2008-02-25,48.0,40.0
288,2008-02-26,48.0,41.0
289,2008-02-27,49.0,41.0
290,2008-02-28,50.0,40.0
291,2008-02-29,48.0,38.0
292,2008-03-03,46.0,37.0
293,2008-03-04,45.0,37.0
294,2008-03-05,46.0,36.0
295,2008-03-06,44.0,35.0
296,2008-03-07,42.0,36.0
297,2008-03-10,43.0,34.0
298,2008-03-11,45.0,38.0
299,2008-03-12,46.0,39.0
300,2008-03-13,46.0,41.0
301,2008-03-14,50.0,39.0
302,2008-03-17,44.0,39.0
303,2008-03-18,49.0,42.0
304,2008-03-19,52.0,41.0
305,2008-03-20,49.0,44.0
306,2008-03-24,54.0,45.0
307,2008-03-25,53.0,43.0
308,2008-03-26,52.0,42.0
309,2008-03-27,52.0,41.0
310,2008-03-28,51.0,40.0
311,2008-03-31,49.0,40.0
312,2008-04-01,51.0,44.0
313,2008-04-02,54.0,44.0
314,2008-04-03,51.0,43.0
315,2008-04-04,53.0,42.0
316,2008-04-07,52.0,43.0
317,2008-04-08,52.0,44.0
318,2008-04-09,53.0,41.0
319,2008-04-10,50.0,41.0
320,2008-04-11,48.0,40.0
321,2008-04-14,48.0,39.0
322,2008-04-15,47.0,38.0
323,2008-04-16,47.0,38.0
324,2008-04-17,46.0,40.0
325,2008-04-18,50.0,39.0
326,2008-04-21,47.0,39.0
327,2008-04-22,48.0,38.0
328,2008-04-23,47.0,38.0
329,2008-04-24,46.0,40.0
330,2008-04-25,49.0,42.0
331,2008-04-28,51.0,44.0
332,2008-04-29,54.0,44.0
333,2008-04-30,54.0,43.0
334,2008-05-01,53.0,46.0
335,2008-05-02,57.0,45.0
336,2008-05-05,55.0,45.0
337,2008-05-06,54.0,46.0
338,2008-05-07,56.0,44.0
339,2008-05-08,54.0,44.0
340,2008-05-09,53.0,44.0
341,2008-05-12,53.0,45.0
342,2008-05-13,53.0,43.0
343,2008-05-14,52.0,42.0
344,2008-05-15,51.0,43.0
345,2008-05-16,53.0,43.0
346,2008-05-19,52.0,43.0
347,2008-05-20,51.0,41.0
348,2008-05-21,50.0,40.0
349,2008-05-22,48.0,40.0
350,2008-05-23,48.0,39.0
351,2008-05-27,47.0,40.0
352,2008-05-28,49.0,40.0
353,2008-05-29,49.0,40.0
354,2008-05-30,48.0,40.0
355,2008-06-02,48.0,38.0
356,2008-06-03,47.0,39.0
357,2008-06-04,47.0,39.0
358,2008-06-05,48.0,41.0
359,2008-06-06,48.0,38.0
360,2008-06-09,46.0,37.0
361,2008-06-10,44.0,36.0
362,2008-06-11,44.0,35.0
363,2008-06-12,43.0,36.0
364,2008-06-13,44.0,37.0
365,2008-06-16,44.0,38.0
366,2008-06-17,46.0,36.0
367,2008-06-18,43.0,35.0
368,2008-06-19,42.0,35.0
369,2008-06-20,41.0,34.0
370,2008-06-23,41.0,33.0
371,2008-06-24,39.0,34.0
372,2008-06-25,41.0,34.0
373,2008-06-26,40.0,32.0
374,2008-06-27,39.0,32.0
375,2008-06-30,40.0,31.0
376,2008-07-01,38.0,33.0
377,2008-07-02,40.0,32.0
378,2008-07-03,39.0,32.0
379,2008-07-07,39.0,31.0
380,2008-07-08,37.0,34.0
381,2008-07-09,41.0,33.0
382,2008-07-10,39.0,33.0
383,2008-07-11,39.0,32.0
384,2008-07-14,39.0,29.0
385,2008-07-15,35.0,28.0
386,2008-07-16,35.0,31.0
387,2008-07-17,39.0,35.0
388,2008-07-18,42.0,35.0
389,2008-07-21,43.0,35.0
390,2008-07-22,40.0,35.0
391,2008-07-23,42.0,36.0
392,2008-07-24,43.0,33.0
393,2008-07-25,40.0,32.0
394,2008-07-28,39.0,31.0
395,2008-07-29,37.0,34.0
396,2008-07-30,42.0,35.0
397,2008-07-31,41.0,35.0
398,2008-08-01,42.0,34.0
399,2008-08-04,41.0,33.0
400,2008-08-05,41.0,37.0
401,2008-08-06,44.0,37.0
402,2008-08-07,43.0,35.0
403,2008-08-08,41.0,36.0
404,2008-08-11,43.0,38.0
405,2008-08-12,45.0,36.0
406,2008-08-13,42.0,34.0
407,2008-08-14,40.0,35.0
408,2008-08-15,42.0,37.0
409,2008-08-18,44.0,35.0
410,2008-08-19,41.0,34.0
411,2008-08-20,41.0,34.0
412,2008-08-21,40.0,34.0
413,2008-08-22,43.0,35.0
414,2008-08-25,42.0,35.0
415,2008-08-26,42.0,35.0
416,2008-08-27,42.0,35.0
417,2008-08-28,43.0,37.0
418,2008-08-29,44.0,37.0
419,2008-09-02,45.0,37.0
420,2008-09-03,45.0,38.0
421,2008-09-04,44.0,36.0
422,2008-09-05,42.0,37.0
423,2008-09-08,48.0,41.0
424,2008-09-09,48.0,38.0
425,2008-09-10,46.0,38.0
426,2008-09-11,44.0,39.0
427,2008-09-12,45.0,38.0
428,2008-09-15,44.0,37.0
429,2008-09-16,43.0,41.0
430,2008-09-17,48.0,39.0
431,2008-09-18,47.0,45.0
432,2008-09-19,61.0,47.0
433,2008-09-22,58.0,45.0
434,2008-09-23,53.0,45.0
435,2008-09-24,54.0,44.0
436,2008-09-25,49.0,41.0
437,2008-09-26,48.0,45.0
438,2008-09-29,53.0,37.0
439,2008-09-30,47.0,42.0
440,2008-10-01,49.0,43.0
441,2008-10-02,51.0,39.0
442,2008-10-03,48.0,37.0
443,2008-10-06,43.0,35.0
444,2008-10-07,43.0,31.0
445,2008-10-08,36.0,30.0
446,2008-10-09,37.0,28.0
447,2008-10-10,32.0,30.0
448,2008-10-13,39.0,33.0
449,2008-10-14,43.0,37.0
450,2008-10-15,43.0,31.0
451,2008-10-16,38.0,32.0
452,2008-10-17,39.0,33.0
453,2008-10-20,40.0,34.0
454,2008-10-21,40.0,32.0
455,2008-10-22,37.0,30.0
456,2008-10-23,36.0,30.0
457,2008-10-24,32.0,29.0
458,2008-10-27,36.0,29.0
459,2008-10-28,35.0,33.0
460,2008-10-29,39.0,32.0
461,2008-10-30,39.0,32.0
462,2008-10-31,37.0,33.0
463,2008-11-03,39.0,33.0
464,2008-11-04,40.0,36.0
465,2008-11-05,42.0,32.0
466,2008-11-06,37.0,29.0
467,2008-11-07,35.0,29.0
468,2008-11-10,36.0,27.0
469,2008-11-11,32.0,27.0
470,2008-11-12,30.0,25.0
471,2008-11-13,30.0,28.0
472,2008-11-14,33.0,26.0
473,2008-11-17,30.0,25.0
474,2008-11-18,30.0,25.0
475,2008-11-19,29.0,22.0
476,2008-11-20,26.0,21.0
477,2008-11-21,26.0,23.0
478,2008-11-24,28.0,27.0
479,2008-11-25,34.0,28.0
480,2008-11-26,33.0,29.0
481,2008-11-28,34.0,29.0
482,2008-12-01,33.0,23.0
483,2008-12-02,27.0,25.0
484,2008-12-03,28.0,27.0
485,2008-12-04,31.0,26.0
486,2008-12-05,30.0,28.0
487,2008-12-08,34.0,29.0
488,2008-12-09,33.0,28.0
489,2008-12-10,33.0,27.0
490,2008-12-11,31.0,23.0
491,2008-12-12,26.0,24.0
492,2008-12-15,28.0,22.0
493,2008-12-16,27.0,25.0
494,2008-12-17,29.0,25.0
495,2008-12-18,30.0,25.0
496,2008-12-19,30.0,26.0
497,2008-12-22,31.0,25.0
498,2008-12-23,30.0,24.0
499,2008-12-24,29.0,25.0
500,2008-12-26,30.0,25.0
501,2008-12-29,29.0,25.0
502,2008-12-30,30.0,26.0
503,2008-12-31,31.0,27.0
504,2009-01-02,32.0,28.0
505,2009-01-05,32.0,28.0
506,2009-01-06,34.0,29.0
507,2009-01-07,33.0,27.0
508,2009-01-08,31.0,26.0
509,2009-01-09,31.0,25.0
510,2009-01-12,29.0,23.0
511,2009-01-13,27.0,23.0
512,2009-01-14,27.0,22.0
513,2009-01-15,26.0,21.0
514,2009-01-16,26.0,20.0
515,2009-01-20,23.0,19.0
516,2009-01-21,24.0,19.0
517,2009-01-22,22.0,18.0
518,2009-01-23,19.0,16.0
519,2009-01-26,19.0,16.0
520,2009-01-27,19.0,15.0
521,2009-01-28,19.0,17.0
522,2009-01-29,19.0,14.0
523,2009-01-30,17.0,13.0
524,2009-02-02,16.0,14.0
525,2009-02-03,17.0,13.0
526,2009-02-04,15.0,12.0
527,2009-02-05,14.0,12.0
528,2009-02-06,14.0,13.0
529,2009-02-09,14.0,13.0
530,2009-02-10,15.0,11.0
531,2009-02-11,13.0,12.0
532,2009-02-12,13.0,11.0
533,2009-02-13,12.0,10.0
534,2009-02-17,12.0,9.0
535,2009-02-18,10.0,9.0
536,2009-02-19,11.0,8.0
537,2009-02-20,9.0,9.0
538,2009-02-23,10.0,8.0
539,2009-02-24,9.0,10.0
540,2009-02-25,11.0,11.0
541,2009-02-26,13.0,11.0
542,2009-02-27,12.0,10.0
543,2009-03-02,12.0,9.0
544,2009-03-03,11.0,9.0
545,2009-03-04,11.0,9.0
546,2009-03-05,10.0,8.0
547,2009-03-06,9.0,7.0
548,2009-03-09,8.0,8.0
549,2009-03-10,10.0,9.0
550,2009-03-11,10.0,9.0
551,2009-03-12,11.0,11.0
552,2009-03-13,13.0,11.0
553,2009-03-16,13.0,11.0
554,2009-03-17,12.0,12.0
555,2009-03-18,13.0,12.0
556,2009-03-19,14.0,11.0
557,2009-03-20,12.0,10.0
558,2009-03-23,12.0,12.0
559,2009-03-24,13.0,11.0
560,2009-03-25,14.0,12.0
561,2009-03-26,15.0,13.0
562,2009-03-27,14.0,12.0
563,2009-03-30,14.0,10.0
564,2009-03-31,12.0,11.0
565,2009-04-01,12.0,11.0
566,2009-04-02,14.0,11.0
567,2009-04-03,13.0,12.0
568,2009-04-06,13.0,11.0
569,2009-04-07,12.0,11.0
570,2009-04-08,13.0,12.0
571,2009-04-09,15.0,15.0
572,2009-04-13,17.0,17.0
573,2009-04-14,19.0,15.0
574,2009-04-15,16.0,15.0
575,2009-04-16,17.0,15.0
576,2009-04-17,17.0,15.0
577,2009-04-20,16.0,12.0
578,2009-04-21,13.0,13.0
579,2009-04-22,14.0,12.0
580,2009-04-23,15.0,15.0
581,2009-04-24,17.0,16.0
582,2009-04-27,18.0,14.0
583,2009-04-28,16.0,14.0
584,2009-04-29,17.0,15.0
585,2009-04-30,18.0,14.0
586,2009-05-01,17.0,15.0
587,2009-05-04,18.0,18.0
588,2009-05-05,20.0,17.0
589,2009-05-06,21.0,19.0
590,2009-05-07,26.0,23.0
591,2009-05-08,26.0,27.0
592,2009-05-11,28.0,23.0
593,2009-05-12,27.0,22.0
594,2009-05-13,24.0,21.0
595,2009-05-14,24.0,21.0
596,2009-05-15,25.0,21.0
597,2009-05-18,25.0,23.0
598,2009-05-19,26.0,22.0
599,2009-05-20,25.0,20.0
600,2009-05-21,23.0,20.0
601,2009-05-22,23.0,19.0
602,2009-05-26,22.0,20.0
603,2009-05-27,23.0,19.0
604,2009-05-28,23.0,20.0
605,2009-05-29,23.0,21.0
606,2009-06-01,25.0,21.0
607,2009-06-02,25.0,21.0
608,2009-06-03,24.0,21.0
609,2009-06-04,24.0,22.0
610,2009-06-05,26.0,21.0
611,2009-06-08,24.0,20.0
612,2009-06-09,24.0,21.0
613,2009-06-10,24.0,21.0
614,2009-06-11,24.0,21.0
615,2009-06-12,24.0,21.0
616,2009-06-15,24.0,20.0
617,2009-06-16,24.0,20.0
618,2009-06-17,23.0,19.0
619,2009-06-18,23.0,19.0
620,2009-06-19,23.0,19.0
621,2009-06-22,22.0,18.0
622,2009-06-23,21.0,18.0
623,2009-06-24,21.0,18.0
624,2009-06-25,21.0,19.0
625,2009-06-26,22.0,19.0
626,2009-06-29,22.0,19.0
627,2009-06-30,22.0,19.0
628,2009-07-01,22.0,19.0
629,2009-07-02,21.0,18.0
630,2009-07-06,21.0,18.0
631,2009-07-07,21.0,18.0
632,2009-07-08,21.0,18.0
633,2009-07-09,21.0,18.0
634,2009-07-10,21.0,18.0
635,2009-07-13,21.0,19.0
636,2009-07-14,22.0,20.0
637,2009-07-15,24.0,22.0
638,2009-07-16,25.0,23.0
639,2009-07-17,27.0,23.0
640,2009-07-20,27.0,23.0
641,2009-07-21,27.0,23.0
642,2009-07-22,26.0,23.0
643,2009-07-23,27.0,24.0
644,2009-07-24,27.0,26.0
645,2009-07-27,30.0,26.0
646,2009-07-28,30.0,26.0
647,2009-07-29,29.0,26.0
648,2009-07-30,30.0,26.0
649,2009-07-31,30.0,27.0
650,2009-08-03,31.0,27.0
651,2009-08-04,31.0,27.0
652,2009-08-05,31.0,27.0
653,2009-08-06,32.0,28.0
654,2009-08-07,33.0,30.0
655,2009-08-10,34.0,29.0
656,2009-08-11,34.0,28.0
657,2009-08-12,33.0,29.0
658,2009-08-13,35.0,31.0
659,2009-08-14,35.0,30.0
660,2009-08-17,34.0,30.0
661,2009-08-18,34.0,31.0
662,2009-08-19,35.0,30.0
663,2009-08-20,34.0,30.0
664,2009-08-21,36.0,32.0
665,2009-08-24,38.0,32.0
666,2009-08-25,37.0,32.0
667,2009-08-26,36.0,32.0
668,2009-08-27,36.0,32.0
669,2009-08-28,37.0,32.0
670,2009-08-31,36.0,32.0
671,2009-09-01,37.0,30.0
672,2009-09-02,35.0,30.0
673,2009-09-03,35.0,30.0
674,2009-09-04,35.0,31.0
675,2009-09-08,36.0,31.0
676,2009-09-09,36.0,32.0
677,2009-09-10,38.0,33.0
678,2009-09-11,38.0,33.0
679,2009-09-14,38.0,33.0
680,2009-09-15,38.0,32.0
681,2009-09-16,38.0,34.0
682,2009-09-17,39.0,33.0
683,2009-09-18,38.0,32.0
684,2009-09-21,37.0,31.0
685,2009-09-22,37.0,32.0
686,2009-09-23,37.0,31.0
687,2009-09-24,37.0,31.0
688,2009-09-25,36.0,30.0
689,2009-09-28,35.0,32.0
690,2009-09-29,37.0,31.0
691,2009-09-30,35.0,31.0
692,2009-10-01,35.0,29.0
693,2009-10-02,33.0,29.0
694,2009-10-05,35.0,31.0
695,2009-10-06,36.0,31.0
696,2009-10-07,36.0,32.0
697,2009-10-08,37.0,32.0
698,2009-10-09,37.0,33.0
699,2009-10-12,38.0,33.0
700,2009-10-13,38.0,33.0
701,2009-10-14,38.0,34.0
702,2009-10-15,37.0,33.0
703,2009-10-16,37.0,31.0
704,2009-10-19,37.0,32.0
705,2009-10-20,37.0,32.0
706,2009-10-21,37.0,32.0
707,2009-10-22,37.0,33.0
708,2009-10-23,42.0,35.0
709,2009-10-26,41.0,34.0
710,2009-10-27,40.0,34.0
711,2009-10-28,39.0,32.0
712,2009-10-29,38.0,34.0
713,2009-10-30,39.0,32.0
714,2009-11-02,37.0,33.0
715,2009-11-03,37.0,32.0
716,2009-11-04,38.0,32.0
717,2009-11-05,38.0,33.0
718,2009-11-06,38.0,33.0
719,2009-11-09,38.0,35.0
720,2009-11-10,39.0,34.0
721,2009-11-11,40.0,34.0
722,2009-11-12,39.0,33.0
723,2009-11-13,38.0,34.0
724,2009-11-16,39.0,35.0
725,2009-11-17,40.0,35.0
726,2009-11-18,40.0,35.0
727,2009-11-19,40.0,33.0
728,2009-11-20,38.0,33.0
729,2009-11-23,38.0,33.0
730,2009-11-24,38.0,33.0
731,2009-11-25,38.0,34.0
732,2009-11-27,37.0,32.0
733,2009-11-30,38.0,33.0
734,2009-12-01,39.0,33.0
735,2009-12-02,38.0,33.0
736,2009-12-03,39.0,32.0
737,2009-12-04,38.0,33.0
738,2009-12-07,38.0,33.0
739,2009-12-08,37.0,33.0
740,2009-12-09,38.0,34.0
741,2009-12-10,39.0,34.0
742,2009-12-11,39.0,35.0
743,2009-12-14,41.0,36.0
744,2009-12-15,40.0,35.0
745,2009-12-16,40.0,35.0
746,2009-12-17,40.0,33.0
747,2009-12-18,39.0,34.0
748,2009-12-21,40.0,34.0
749,2009-12-22,39.0,33.0
750,2009-12-23,39.0,33.0
751,2009-12-24,38.0,34.0
752,2009-12-28,39.0,33.0
753,2009-12-29,39.0,33.0
754,2009-12-30,38.0,33.0
755,2009-12-31,38.0,33.0
756,2010-01-04,39.0,34.0
757,2010-01-05,40.0,35.0
758,2010-01-06,40.0,35.0
759,2010-01-07,41.0,37.0
760,2010-01-08,42.0,37.0
761,2010-01-11,43.0,36.0
762,2010-01-12,41.0,36.0
763,2010-01-13,42.0,37.0
764,2010-01-14,42.0,36.0
765,2010-01-15,41.0,36.0
766,2010-01-19,41.0,37.0
767,2010-01-20,43.0,37.0
768,2010-01-21,43.0,37.0
769,2010-01-22,41.0,33.0
770,2010-01-25,38.0,31.0
771,2010-01-26,36.0,31.0
772,2010-01-27,35.0,32.0
773,2010-01-28,37.0,32.0
774,2010-01-29,38.0,32.0
775,2010-02-01,37.0,32.0
776,2010-02-02,37.0,32.0
777,2010-02-03,37.0,32.0
778,2010-02-04,36.0,30.0
779,2010-02-05,35.0,31.0
780,2010-02-08,35.0,30.0
781,2010-02-09,35.0,31.0
782,2010-02-10,35.0,31.0
783,2010-02-11,36.0,31.0
784,2010-02-12,35.0,31.0
785,2010-02-16,36.0,32.0
786,2010-02-17,37.0,32.0
787,2010-02-18,37.0,32.0
788,2010-02-19,37.0,33.0
789,2010-02-22,38.0,33.0
790,2010-02-23,38.0,32.0
791,2010-02-24,37.0,33.0
792,2010-02-25,37.0,32.0
793,2010-02-26,37.0,33.0
794,2010-03-01,38.0,32.0
795,2010-03-02,38.0,33.0
796,2010-03-03,38.0,33.0
797,2010-03-04,37.0,32.0
798,2010-03-05,36.0,33.0
799,2010-03-08,38.0,33.0
800,2010-03-09,38.0,34.0
801,2010-03-10,39.0,34.0
802,2010-03-11,39.0,35.0
803,2010-03-12,40.0,35.0
804,2010-03-15,40.0,35.0
805,2010-03-16,40.0,35.0
806,2010-03-17,41.0,35.0
807,2010-03-18,40.0,35.0
808,2010-03-19,40.0,35.0
809,2010-03-22,39.0,35.0
810,2010-03-23,41.0,36.0
811,2010-03-24,41.0,36.0
812,2010-03-25,42.0,37.0
813,2010-03-26,42.0,36.0
814,2010-03-29,42.0,37.0
815,2010-03-30,43.0,36.0
816,2010-03-31,42.0,36.0
817,2010-04-01,42.0,36.0
818,2010-04-05,42.0,37.0
819,2010-04-06,43.0,38.0
820,2010-04-07,43.0,37.0
821,2010-04-08,43.0,38.0
822,2010-04-09,44.0,38.0
823,2010-04-12,44.0,39.0
824,2010-04-13,45.0,39.0
825,2010-04-14,46.0,40.0
826,2010-04-15,46.0,39.0
827,2010-04-16,45.0,38.0
828,2010-04-19,43.0,38.0
829,2010-04-20,44.0,39.0
830,2010-04-21,45.0,39.0
831,2010-04-22,44.0,40.0
832,2010-04-23,48.0,41.0
833,2010-04-26,47.0,39.0
834,2010-04-27,45.0,38.0
835,2010-04-28,44.0,38.0
836,2010-04-29,44.0,39.0
837,2010-04-30,45.0,38.0
838,2010-05-03,44.0,40.0
839,2010-05-04,45.0,39.0
840,2010-05-05,44.0,38.0
841,2010-05-06,44.0,37.0
842,2010-05-07,43.0,37.0
843,2010-05-10,44.0,38.0
844,2010-05-11,43.0,39.0
845,2010-05-12,45.0,41.0
846,2010-05-13,46.0,39.0
847,2010-05-14,43.0,37.0
848,2010-05-17,43.0,37.0
849,2010-05-18,43.0,36.0
850,2010-05-19,41.0,37.0
851,2010-05-20,42.0,36.0
852,2010-05-21,40.0,36.0
853,2010-05-24,42.0,36.0
854,2010-05-25,40.0,35.0
855,2010-05-26,41.0,35.0
856,2010-05-27,41.0,37.0
857,2010-05-28,42.0,36.0
858,2010-06-01,41.0,35.0
859,2010-06-02,41.0,36.0
860,2010-06-03,42.0,36.0
861,2010-06-04,40.0,34.0
862,2010-06-07,40.0,33.0
863,2010-06-08,39.0,34.0
864,2010-06-09,39.0,33.0
865,2010-06-10,39.0,35.0
866,2010-06-11,39.0,35.0
867,2010-06-14,41.0,35.0
868,2010-06-15,41.0,37.0
869,2010-06-16,42.0,37.0
870,2010-06-17,43.0,37.0
871,2010-06-18,42.0,37.0
872,2010-06-21,43.0,38.0
873,2010-06-22,43.0,38.0
874,2010-06-23,43.0,38.0
875,2010-06-24,43.0,37.0
876,2010-06-25,43.0,38.0
877,2010-06-28,44.0,37.0
878,2010-06-29,42.0,36.0
879,2010-06-30,41.0,35.0
880,2010-07-01,40.0,34.0
881,2010-07-02,40.0,34.0
882,2010-07-06,40.0,34.0
883,2010-07-07,40.0,37.0
884,2010-07-08,43.0,37.0
885,2010-07-09,43.0,38.0
886,2010-07-12,43.0,38.0
887,2010-07-13,44.0,39.0
888,2010-07-14,45.0,39.0
889,2010-07-15,44.0,38.0
890,2010-07-16,43.0,36.0
891,2010-07-19,42.0,36.0
892,2010-07-20,40.0,36.0
893,2010-07-21,42.0,35.0
894,2010-07-22,41.0,37.0
895,2010-07-23,41.0,36.0
896,2010-07-26,41.0,36.0
897,2010-07-27,42.0,36.0
898,2010-07-28,41.0,36.0
899,2010-07-29,42.0,37.0
900,2010-07-30,42.0,37.0
901,2010-08-02,43.0,37.0
902,2010-08-03,42.0,36.0
903,2010-08-04,42.0,36.0
904,2010-08-05,41.0,36.0
905,2010-08-06,41.0,36.0
906,2010-08-09,41.0,36.0
907,2010-08-10,41.0,36.0
908,2010-08-11,41.0,35.0
909,2010-08-12,39.0,34.0
910,2010-08-13,39.0,34.0
911,2010-08-16,39.0,34.0
912,2010-08-17,39.0,34.0
913,2010-08-18,39.0,34.0
914,2010-08-19,39.0,33.0
915,2010-08-20,37.0,33.0
916,2010-08-23,38.0,33.0
917,2010-08-24,37.0,33.0
918,2010-08-25,37.0,32.0
919,2010-08-26,38.0,32.0
920,2010-08-27,38.0,33.0
921,2010-08-30,38.0,33.0
922,2010-08-31,38.0,33.0
923,2010-09-01,38.0,34.0
924,2010-09-02,39.0,34.0
925,2010-09-03,40.0,35.0
926,2010-09-07,40.0,34.0
927,2010-09-08,39.0,34.0
928,2010-09-09,40.0,34.0
929,2010-09-10,40.0,34.0
930,2010-09-13,40.0,34.0
931,2010-09-14,39.0,34.0
932,2010-09-15,38.0,34.0
933,2010-09-16,39.0,34.0
934,2010-09-17,40.0,34.0
935,2010-09-20,39.0,34.0
936,2010-09-21,39.0,33.0
937,2010-09-22,38.0,33.0
938,2010-09-23,38.0,33.0
939,2010-09-24,38.0,34.0
940,2010-09-27,39.0,34.0
941,2010-09-28,39.0,34.0
942,2010-09-29,39.0,34.0
943,2010-09-30,39.0,34.0
944,2010-10-01,40.0,34.0
945,2010-10-04,39.0,34.0
946,2010-10-05,39.0,35.0
947,2010-10-06,40.0,35.0
948,2010-10-07,40.0,34.0
949,2010-10-08,39.0,34.0
950,2010-10-11,39.0,35.0
951,2010-10-12,40.0,35.0
952,2010-10-13,41.0,35.0
953,2010-10-14,40.0,35.0
954,2010-10-15,40.0,32.0
955,2010-10-18,37.0,32.0
956,2010-10-19,38.0,34.0
957,2010-10-20,39.0,34.0
958,2010-10-21,39.0,34.0
959,2010-10-22,39.0,34.0
960,2010-10-25,39.0,33.0
961,2010-10-26,38.0,33.0
962,2010-10-27,38.0,33.0
963,2010-10-28,38.0,33.0
964,2010-10-29,38.0,32.0
965,2010-11-01,37.0,32.0
966,2010-11-02,38.0,33.0
967,2010-11-03,37.0,33.0
968,2010-11-04,38.0,34.0
969,2010-11-05,39.0,35.0
970,2010-11-08,40.0,35.0
971,2010-11-09,40.0,34.0
972,2010-11-10,39.0,35.0
973,2010-11-11,39.0,34.0
974,2010-11-12,39.0,34.0
975,2010-11-15,39.0,35.0
976,2010-11-16,39.0,34.0
977,2010-11-17,39.0,33.0
978,2010-11-18,39.0,33.0
979,2010-11-19,38.0,33.0
980,2010-11-22,38.0,32.0
981,2010-11-23,37.0,32.0
982,2010-11-24,37.0,33.0
983,2010-11-26,37.0,32.0
984,2010-11-29,37.0,33.0
985,2010-11-30,37.0,32.0
986,2010-12-01,38.0,33.0
987,2010-12-02,38.0,34.0
988,2010-12-03,39.0,34.0
989,2010-12-06,39.0,34.0
990,2010-12-07,39.0,34.0
991,2010-12-08,39.0,35.0
992,2010-12-09,41.0,36.0
993,2010-12-10,42.0,37.0
994,2010-12-13,43.0,37.0
995,2010-12-14,42.0,37.0
996,2010-12-15,42.0,36.0
997,2010-12-16,41.0,36.0
998,2010-12-17,41.0,35.0
999,2010-12-20,41.0,36.0
1000,2010-12-21,41.0,37.0
1001,2010-12-22,42.0,37.0
1002,2010-12-23,42.0,37.0
1003,2010-12-27,42.0,37.0
1004,2010-12-28,42.0,37.0
1005,2010-12-29,43.0,37.0
1006,2010-12-30,42.0,37.0
1007,2010-12-31,42.0,37.0
1008,2011-01-03,43.0,38.0
1009,2011-01-04,44.0,38.0
1010,2011-01-05,44.0,40.0
1011,2011-01-06,46.0,40.0
1012,2011-01-07,46.0,40.0
1013,2011-01-10,45.0,40.0
1014,2011-01-11,46.0,40.0
1015,2011-01-12,47.0,41.0
1016,2011-01-13,47.0,41.0
1017,2011-01-14,47.0,42.0
1018,2011-01-18,49.0,42.0
1019,2011-01-19,48.0,41.0
1020,2011-01-20,47.0,41.0
1021,2011-01-21,48.0,43.0
1022,2011-01-24,49.0,42.0
1023,2011-01-25,48.0,42.0
1024,2011-01-26,48.0,42.0
1025,2011-01-27,49.0,42.0
1026,2011-01-28,49.0,42.0
1027,2011-01-31,48.0,42.0
1028,2011-02-01,49.0,43.0
1029,2011-02-02,49.0,43.0
1030,2011-02-03,49.0,43.0
1031,2011-02-04,49.0,43.0
1032,2011-02-07,49.0,43.0
1033,2011-02-08,50.0,45.0
1034,2011-02-09,51.0,45.0
1035,2011-02-10,51.0,45.0
1036,2011-02-11,52.0,45.0
1037,2011-02-14,52.0,46.0
1038,2011-02-15,53.0,45.0
1039,2011-02-16,52.0,45.0
1040,2011-02-17,52.0,46.0
1041,2011-02-18,52.0,46.0
1042,2011-02-22,52.0,44.0
1043,2011-02-23,51.0,44.0
1044,2011-02-24,50.0,44.0
1045,2011-02-25,51.0,44.0
1046,2011-02-28,50.0,43.0
1047,2011-03-01,50.0,42.0
1048,2011-03-02,48.0,42.0
1049,2011-03-03,48.0,43.0
1050,2011-03-04,50.0,42.0
1051,2011-03-07,49.0,42.0
1052,2011-03-08,49.0,43.0
1053,2011-03-09,49.0,43.0
1054,2011-03-10,49.0,42.0
1055,2011-03-11,48.0,43.0
1056,2011-03-14,49.0,43.0
1057,2011-03-15,48.0,45.0
1058,2011-03-16,51.0,44.0
1059,2011-03-17,51.0,44.0
1060,2011-03-18,52.0,45.0
1061,2011-03-21,52.0,45.0
1062,2011-03-22,51.0,44.0
1063,2011-03-23,51.0,45.0
1064,2011-03-24,51.0,45.0
1065,2011-03-25,52.0,46.0
1066,2011-03-28,52.0,45.0
1067,2011-03-29,52.0,45.0
1068,2011-03-30,52.0,45.0
1069,2011-03-31,52.0,45.0
1070,2011-04-01,53.0,45.0
1071,2011-04-04,52.0,45.0
1072,2011-04-05,52.0,45.0
1073,2011-04-06,52.0,46.0
1074,2011-04-07,52.0,45.0
1075,2011-04-08,52.0,45.0
1076,2011-04-11,52.0,45.0
1077,2011-04-12,51.0,45.0
1078,2011-04-13,52.0,45.0
1079,2011-04-14,51.0,44.0
1080,2011-04-15,50.0,44.0
1081,2011-04-18,49.0,43.0
1082,2011-04-19,49.0,44.0
1083,2011-04-20,51.0,44.0
1084,2011-04-21,51.0,46.0
1085,2011-04-25,53.0,48.0
1086,2011-04-26,55.0,48.0
1087,2011-04-27,55.0,48.0
1088,2011-04-28,55.0,48.0
1089,2011-04-29,55.0,48.0
1090,2011-05-02,55.0,48.0
1091,2011-05-03,55.0,47.0
1092,2011-05-04,54.0,46.0
1093,2011-05-05,53.0,46.0
1094,2011-05-06,54.0,47.0
1095,2011-05-09,54.0,47.0
1096,2011-05-10,54.0,47.0
1097,2011-05-11,54.0,46.0
1098,2011-05-12,53.0,46.0
1099,2011-05-13,53.0,46.0
1100,2011-05-16,52.0,47.0
1101,2011-05-17,53.0,48.0
1102,2011-05-18,55.0,48.0
1103,2011-05-19,56.0,49.0
1104,2011-05-20,56.0,48.0
1105,2011-05-23,54.0,47.0
1106,2011-05-24,54.0,46.0
1107,2011-05-25,53.0,46.0
1108,2011-05-26,52.0,46.0
1109,2011-05-27,53.0,47.0
1110,2011-05-31,54.0,47.0
1111,2011-06-01,54.0,46.0
1112,2011-06-02,53.0,46.0
1113,2011-06-03,52.0,45.0
1114,2011-06-06,51.0,44.0
1115,2011-06-07,51.0,44.0
1116,2011-06-08,50.0,43.0
1117,2011-06-09,50.0,44.0
1118,2011-06-10,50.0,43.0
1119,2011-06-13,50.0,44.0
1120,2011-06-14,51.0,42.0
1121,2011-06-15,48.0,42.0
1122,2011-06-16,48.0,43.0
1123,2011-06-17,49.0,43.0
1124,2011-06-20,49.0,43.0
1125,2011-06-21,50.0,44.0
1126,2011-06-22,50.0,44.0
1127,2011-06-23,50.0,44.0
1128,2011-06-24,50.0,43.0
1129,2011-06-27,50.0,44.0
1130,2011-06-28,51.0,45.0
1131,2011-06-29,52.0,46.0
1132,2011-06-30,52.0,45.0
1133,2011-07-01,52.0,46.0
1134,2011-07-05,53.0,46.0
1135,2011-07-06,53.0,46.0
1136,2011-07-07,54.0,47.0
1137,2011-07-08,54.0,47.0
1138,2011-07-11,53.0,45.0
1139,2011-07-12,52.0,46.0
1140,2011-07-13,52.0,44.0
1141,2011-07-14,51.0,43.0
1142,2011-07-15,49.0,42.0
1143,2011-07-18,48.0,42.0
1144,2011-07-19,49.0,42.0
1145,2011-07-20,49.0,43.0
1146,2011-07-21,49.0,44.0
1147,2011-07-22,50.0,43.0
1148,2011-07-25,49.0,43.0
1149,2011-07-26,49.0,43.0
1150,2011-07-27,49.0,42.0
1151,2011-07-28,48.0,42.0
1152,2011-07-29,47.0,42.0
1153,2011-08-01,48.0,41.0
1154,2011-08-02,47.0,39.0
1155,2011-08-03,45.0,40.0
1156,2011-08-04,45.0,38.0
1157,2011-08-05,44.0,37.0
1158,2011-08-08,42.0,33.0
1159,2011-08-09,39.0,36.0
1160,2011-08-10,41.0,36.0
1161,2011-08-11,42.0,39.0
1162,2011-08-12,45.0,38.0
1163,2011-08-15,44.0,40.0
1164,2011-08-16,45.0,39.0
1165,2011-08-17,45.0,39.0
1166,2011-08-18,43.0,37.0
1167,2011-08-19,41.0,36.0
1168,2011-08-22,42.0,36.0
1169,2011-08-23,42.0,37.0
1170,2011-08-24,43.0,38.0
1171,2011-08-25,45.0,38.0
1172,2011-08-26,43.0,39.0
1173,2011-08-29,45.0,40.0
1174,2011-08-30,45.0,40.0
1175,2011-08-31,46.0,40.0
1176,2011-09-01,46.0,40.0
1177,2011-09-02,44.0,37.0
1178,2011-09-06,41.0,37.0
1179,2011-09-07,43.0,39.0
1180,2011-09-08,44.0,38.0
1181,2011-09-09,42.0,37.0
1182,2011-09-12,41.0,37.0
1183,2011-09-13,43.0,37.0
1184,2011-09-14,43.0,38.0
1185,2011-09-15,44.0,38.0
1186,2011-09-16,44.0,38.0
1187,2011-09-19,42.0,37.0
1188,2011-09-20,43.0,37.0
1189,2011-09-21,42.0,36.0
1190,2011-09-22,40.0,36.0
1191,2011-09-23,40.0,36.0
1192,2011-09-26,41.0,38.0
1193,2011-09-27,45.0,37.0
1194,2011-09-28,42.0,36.0
1195,2011-09-29,42.0,36.0
1196,2011-09-30,40.0,35.0
1197,2011-10-03,39.0,33.0
1198,2011-10-04,37.0,34.0
1199,2011-10-05,39.0,34.0
1200,2011-10-06,39.0,36.0
1201,2011-10-07,41.0,35.0
1202,2011-10-10,41.0,37.0
1203,2011-10-11,41.0,37.0
1204,2011-10-12,43.0,38.0
1205,2011-10-13,43.0,37.0
1206,2011-10-14,43.0,37.0
1207,2011-10-17,42.0,35.0
1208,2011-10-18,41.0,36.0
1209,2011-10-19,41.0,35.0
1210,2011-10-20,40.0,35.0
1211,2011-10-21,41.0,38.0
1212,2011-10-24,44.0,40.0
1213,2011-10-25,45.0,38.0
1214,2011-10-26,44.0,39.0
1215,2011-10-27,46.0,41.0
1216,2011-10-28,47.0,41.0
1217,2011-10-31,46.0,40.0
1218,2011-11-01,44.0,38.0
1219,2011-11-02,45.0,40.0
1220,2011-11-03,46.0,41.0
1221,2011-11-04,46.0,40.0
1222,2011-11-07,46.0,41.0
1223,2011-11-08,47.0,41.0
1224,2011-11-09,46.0,39.0
1225,2011-11-10,45.0,39.0
1226,2011-11-11,45.0,39.0
1227,2011-11-14,45.0,38.0
1228,2011-11-15,44.0,38.0
1229,2011-11-16,43.0,37.0
1230,2011-11-17,42.0,36.0
1231,2011-11-18,42.0,36.0
1232,2011-11-21,41.0,36.0
1233,2011-11-22,41.0,36.0
1234,2011-11-23,40.0,35.0
1235,2011-11-25,40.0,35.0
1236,2011-11-28,42.0,37.0
1237,2011-11-29,42.0,36.0
1238,2011-11-30,43.0,39.0
1239,2011-12-01,44.0,39.0
1240,2011-12-02,45.0,40.0
1241,2011-12-05,46.0,41.0
1242,2011-12-06,47.0,40.0
1243,2011-12-07,45.0,41.0
1244,2011-12-08,46.0,39.0
1245,2011-12-09,45.0,40.0
1246,2011-12-12,45.0,40.0
1247,2011-12-13,46.0,39.0
1248,2011-12-14,44.0,39.0
1249,2011-12-15,45.0,38.0
1250,2011-12-16,43.0,38.0
1251,2011-12-19,44.0,36.0
1252,2011-12-20,42.0,37.0
1253,2011-12-21,42.0,37.0
1254,2011-12-22,42.0,37.0
1255,2011-12-23,43.0,38.0
1256,2011-12-27,43.0,37.0
1257,2011-12-28,42.0,37.0
1258,2011-12-29,42.0,37.0
1259,2011-12-30,43.0,37.0
1260,2012-01-03,43.0,38.0
1261,2012-01-04,44.0,39.0
1262,2012-01-05,44.0,40.0
1263,2012-01-06,45.0,40.0
1264,2012-01-09,45.0,41.0
1265,2012-01-10,47.0,42.0
1266,2012-01-11,47.0,42.0
1267,2012-01-12,48.0,42.0
1268,2012-01-13,48.0,43.0
1269,2012-01-17,49.0,43.0
1270,2012-01-18,49.0,43.0
1271,2012-01-19,49.0,43.0
1272,2012-01-20,45.0,40.0
1273,2012-01-23,46.0,40.0
1274,2012-01-24,46.0,39.0
1275,2012-01-25,45.0,40.0
1276,2012-01-26,46.0,40.0
1277,2012-01-27,45.0,40.0
1278,2012-01-30,45.0,39.0
1279,2012-01-31,45.0,40.0
1280,2012-02-01,46.0,41.0
1281,2012-02-02,47.0,41.0
1282,2012-02-03,48.0,43.0
1283,2012-02-06,49.0,42.0
1284,2012-02-07,48.0,41.0
1285,2012-02-08,47.0,42.0
1286,2012-02-09,48.0,43.0
1287,2012-02-10,49.0,42.0
1288,2012-02-13,49.0,43.0
1289,2012-02-14,48.0,42.0
1290,2012-02-15,49.0,43.0
1291,2012-02-16,49.0,43.0
1292,2012-02-17,49.0,43.0
1293,2012-02-21,49.0,43.0
1294,2012-02-22,48.0,42.0
1295,2012-02-23,49.0,43.0
1296,2012-02-24,49.0,43.0
1297,2012-02-27,49.0,44.0
1298,2012-02-28,50.0,44.0
1299,2012-02-29,50.0,44.0
1300,2012-03-01,51.0,44.0
1301,2012-03-02,50.0,44.0
1302,2012-03-05,50.0,43.0
1303,2012-03-06,49.0,42.0
1304,2012-03-07,48.0,43.0
1305,2012-03-08,49.0,43.0
1306,2012-03-09,50.0,44.0
1307,2012-03-12,50.0,43.0
1308,2012-03-13,49.0,45.0
1309,2012-03-14,51.0,46.0
1310,2012-03-15,52.0,47.0
1311,2012-03-16,54.0,48.0
1312,2012-03-19,55.0,48.0
1313,2012-03-20,55.0,48.0
1314,2012-03-21,56.0,49.0
1315,2012-03-22,55.0,48.0
1316,2012-03-23,54.0,49.0
1317,2012-03-26,56.0,50.0
1318,2012-03-27,57.0,50.0
1319,2012-03-28,57.0,50.0
1320,2012-03-29,56.0,49.0
1321,2012-03-30,57.0,49.0
1322,2012-04-02,56.0,49.0
1323,2012-04-03,56.0,49.0
1324,2012-04-04,55.0,49.0
1325,2012-04-05,55.0,49.0
1326,2012-04-09,55.0,48.0
1327,2012-04-10,54.0,46.0
1328,2012-04-11,53.0,47.0
1329,2012-04-12,54.0,48.0
1330,2012-04-13,55.0,47.0
1331,2012-04-16,54.0,47.0
1332,2012-04-17,54.0,47.0
1333,2012-04-18,54.0,48.0
1334,2012-04-19,54.0,47.0
1335,2012-04-20,55.0,47.0
1336,2012-04-23,54.0,47.0
1337,2012-04-24,54.0,48.0
1338,2012-04-25,55.0,48.0
1339,2012-04-26,55.0,48.0
1340,2012-04-27,55.0,49.0
1341,2012-04-30,56.0,49.0
1342,2012-05-01,55.0,49.0
1343,2012-05-02,56.0,49.0
1344,2012-05-03,56.0,49.0
1345,2012-05-04,55.0,48.0
1346,2012-05-07,54.0,48.0
1347,2012-05-08,55.0,47.0
1348,2012-05-09,54.0,47.0
1349,2012-05-10,54.0,48.0
1350,2012-05-11,54.0,48.0
1351,2012-05-14,54.0,46.0
1352,2012-05-15,52.0,45.0
1353,2012-05-16,52.0,44.0
1354,2012-05-17,50.0,44.0
1355,2012-05-18,50.0,43.0
1356,2012-05-21,49.0,44.0
1357,2012-05-22,50.0,44.0
1358,2012-05-23,50.0,44.0
1359,2012-05-24,51.0,45.0
1360,2012-05-25,51.0,45.0
1361,2012-05-29,51.0,46.0
1362,2012-05-30,51.0,45.0
1363,2012-05-31,51.0,45.0
1364,2012-06-01,50.0,42.0
1365,2012-06-04,49.0,43.0
1366,2012-06-05,49.0,44.0
1367,2012-06-06,51.0,44.0
1368,2012-06-07,51.0,45.0
1369,2012-06-08,51.0,46.0
1370,2012-06-11,53.0,45.0
1371,2012-06-12,52.0,47.0
1372,2012-06-13,53.0,46.0
1373,2012-06-14,52.0,47.0
1374,2012-06-15,54.0,47.0
1375,2012-06-18,54.0,47.0
1376,2012-06-19,54.0,48.0
1377,2012-06-20,55.0,48.0
1378,2012-06-21,55.0,47.0
1379,2012-06-22,53.0,46.0
1380,2012-06-25,52.0,46.0
1381,2012-06-26,52.0,47.0
1382,2012-06-27,53.0,47.0
1383,2012-06-28,53.0,47.0
1384,2012-06-29,55.0,48.0
1385,2012-07-02,55.0,48.0
1386,2012-07-03,55.0,48.0
1387,2012-07-05,55.0,48.0
1388,2012-07-06,54.0,47.0
1389,2012-07-09,54.0,48.0
1390,2012-07-10,54.0,47.0
1391,2012-07-11,54.0,47.0
1392,2012-07-12,54.0,47.0
1393,2012-07-13,53.0,48.0
1394,2012-07-16,54.0,48.0
1395,2012-07-17,56.0,49.0
1396,2012-07-18,56.0,48.0
1397,2012-07-19,56.0,49.0
1398,2012-07-20,56.0,49.0
1399,2012-07-23,55.0,49.0
1400,2012-07-24,55.0,48.0
1401,2012-07-25,55.0,48.0
1402,2012-07-26,56.0,49.0
1403,2012-07-27,57.0,51.0
1404,2012-07-30,58.0,50.0
1405,2012-07-31,57.0,50.0
1406,2012-08-01,57.0,49.0
1407,2012-08-02,55.0,48.0
1408,2012-08-03,56.0,51.0
1409,2012-08-06,58.0,50.0
1410,2012-08-07,57.0,50.0
1411,2012-08-08,56.0,50.0
1412,2012-08-09,56.0,50.0
1413,2012-08-10,56.0,49.0
1414,2012-08-13,56.0,49.0
1415,2012-08-14,56.0,48.0
1416,2012-08-15,55.0,48.0
1417,2012-08-16,55.0,49.0
1418,2012-08-17,57.0,50.0
1419,2012-08-20,56.0,50.0
1420,2012-08-21,57.0,50.0
1421,2012-08-22,56.0,49.0
1422,2012-08-23,56.0,49.0
1423,2012-08-24,55.0,50.0
1424,2012-08-27,57.0,50.0
1425,2012-08-28,57.0,50.0
1426,2012-08-29,57.0,50.0
1427,2012-08-30,56.0,49.0
1428,2012-08-31,56.0,50.0
1429,2012-09-04,56.0,50.0
1430,2012-09-05,56.0,49.0
1431,2012-09-06,57.0,50.0
1432,2012-09-07,57.0,50.0
1433,2012-09-10,58.0,50.0
1434,2012-09-11,57.0,50.0
1435,2012-09-12,57.0,51.0
1436,2012-09-13,58.0,52.0
1437,2012-09-14,59.0,52.0
1438,2012-09-17,59.0,52.0
1439,2012-09-18,59.0,51.0
1440,2012-09-19,58.0,51.0
1441,2012-09-20,58.0,51.0
1442,2012-09-21,59.0,50.0
1443,2012-09-24,57.0,50.0
1444,2012-09-25,58.0,49.0
1445,2012-09-26,56.0,49.0
1446,2012-09-27,56.0,50.0
1447,2012-09-28,57.0,50.0
1448,2012-10-01,57.0,51.0
1449,2012-10-02,58.0,51.0
1450,2012-10-03,58.0,52.0
1451,2012-10-04,59.0,52.0
1452,2012-10-05,60.0,52.0
1453,2012-10-08,59.0,52.0
1454,2012-10-09,59.0,52.0
1455,2012-10-10,59.0,51.0
1456,2012-10-11,59.0,52.0
1457,2012-10-12,59.0,51.0
1458,2012-10-15,57.0,51.0
1459,2012-10-16,58.0,51.0
1460,2012-10-17,58.0,51.0
1461,2012-10-18,58.0,50.0
1462,2012-10-19,59.0,53.0
1463,2012-10-22,61.0,53.0
1464,2012-10-23,59.0,53.0
1465,2012-10-24,60.0,52.0
1466,2012-10-25,60.0,53.0
1467,2012-10-26,59.0,53.0
1468,2012-10-31,60.0,53.0
1469,2012-11-01,60.0,54.0
1470,2012-11-02,62.0,54.0
1471,2012-11-05,61.0,53.0
1472,2012-11-06,61.0,54.0
1473,2012-11-07,60.0,52.0
1474,2012-11-08,59.0,51.0
1475,2012-11-09,58.0,51.0
1476,2012-11-12,58.0,51.0
1477,2012-11-13,58.0,50.0
1478,2012-11-14,58.0,49.0
1479,2012-11-15,56.0,48.0
1480,2012-11-16,55.0,49.0
1481,2012-11-19,56.0,51.0
1482,2012-11-20,58.0,51.0
1483,2012-11-21,59.0,51.0
1484,2012-11-23,59.0,52.0
1485,2012-11-26,58.0,52.0
1486,2012-11-27,58.0,51.0
1487,2012-11-28,57.0,51.0
1488,2012-11-29,58.0,51.0
1489,2012-11-30,58.0,51.0
1490,2012-12-03,58.0,50.0
1491,2012-12-04,57.0,50.0
1492,2012-12-05,57.0,50.0
1493,2012-12-06,58.0,50.0
1494,2012-12-07,58.0,50.0
1495,2012-12-10,57.0,51.0
1496,2012-12-11,58.0,51.0
1497,2012-12-12,58.0,51.0
1498,2012-12-13,58.0,51.0
1499,2012-12-14,58.0,50.0
1500,2012-12-17,57.0,51.0
1501,2012-12-18,58.0,53.0
1502,2012-12-19,60.0,52.0
1503,2012-12-20,59.0,52.0
1504,2012-12-21,59.0,52.0
1505,2012-12-24,59.0,51.0
1506,2012-12-26,59.0,51.0
1507,2012-12-27,58.0,50.0
1508,2012-12-28,57.0,50.0
1509,2012-12-31,57.0,51.0
1510,2013-01-02,60.0,54.0
1511,2013-01-03,61.0,53.0
1512,2013-01-04,61.0,54.0
1513,2013-01-07,62.0,55.0
1514,2013-01-08,62.0,55.0
1515,2013-01-09,62.0,55.0
1516,2013-01-10,63.0,55.0
1517,2013-01-11,62.0,54.0
1518,2013-01-14,63.0,54.0
1519,2013-01-15,61.0,54.0
1520,2013-01-16,61.0,54.0
1521,2013-01-17,62.0,54.0
1522,2013-01-18,57.0,50.0
1523,2013-01-22,57.0,49.0
1524,2013-01-23,56.0,49.0
1525,2013-01-24,56.0,50.0
1526,2013-01-25,57.0,50.0
1527,2013-01-28,57.0,49.0
1528,2013-01-29,56.0,49.0
1529,2013-01-30,55.0,50.0
1530,2013-01-31,56.0,50.0
1531,2013-02-01,57.0,50.0
1532,2013-02-04,56.0,50.0
1533,2013-02-05,57.0,50.0
1534,2013-02-06,57.0,51.0
1535,2013-02-07,58.0,50.0
1536,2013-02-08,57.0,50.0
1537,2013-02-11,57.0,50.0
1538,2013-02-12,56.0,49.0
1539,2013-02-13,56.0,48.0
1540,2013-02-14,55.0,49.0
1541,2013-02-15,56.0,48.0
1542,2013-02-19,54.0,47.0
1543,2013-02-20,52.0,46.0
1544,2013-02-21,52.0,46.0
1545,2013-02-22,53.0,46.0
1546,2013-02-25,52.0,45.0
1547,2013-02-26,51.0,45.0
1548,2013-02-27,51.0,45.0
1549,2013-02-28,51.0,45.0
1550,2013-03-01,50.0,46.0
1551,2013-03-04,52.0,47.0
1552,2013-03-05,54.0,47.0
1553,2013-03-06,54.0,48.0
1554,2013-03-07,54.0,48.0
1555,2013-03-08,55.0,48.0
1556,2013-03-11,54.0,48.0
1557,2013-03-12,55.0,48.0
1558,2013-03-13,55.0,48.0
1559,2013-03-14,55.0,48.0
1560,2013-03-15,55.0,49.0
1561,2013-03-18,55.0,48.0
1562,2013-03-19,55.0,47.0
1563,2013-03-20,54.0,47.0
1564,2013-03-21,53.0,47.0
1565,2013-03-22,54.0,48.0
1566,2013-03-25,54.0,48.0
1567,2013-03-26,55.0,48.0
1568,2013-03-27,55.0,48.0
1569,2013-03-28,55.0,48.0
1570,2013-04-01,55.0,47.0
1571,2013-04-02,54.0,48.0
1572,2013-04-03,55.0,48.0
1573,2013-04-04,54.0,48.0
1574,2013-04-05,54.0,48.0
1575,2013-04-08,55.0,49.0
1576,2013-04-09,56.0,49.0
1577,2013-04-10,56.0,49.0
1578,2013-04-11,56.0,48.0
1579,2013-04-12,55.0,48.0
1580,2013-04-15,54.0,47.0
1581,2013-04-16,54.0,47.0
1582,2013-04-17,53.0,46.0
1583,2013-04-18,53.0,46.0
1584,2013-04-19,55.0,49.0
1585,2013-04-22,56.0,49.0
1586,2013-04-23,56.0,50.0
1587,2013-04-24,56.0,50.0
1588,2013-04-25,57.0,50.0
1589,2013-04-26,57.0,50.0
1590,2013-04-29,57.0,51.0
1591,2013-04-30,57.0,51.0
1592,2013-05-01,58.0,50.0
1593,2013-05-02,57.0,51.0
1594,2013-05-03,59.0,51.0
1595,2013-05-06,58.0,52.0
1596,2013-05-07,59.0,52.0
1597,2013-05-08,59.0,53.0
1598,2013-05-09,60.0,52.0
1599,2013-05-10,59.0,53.0
1600,2013-05-13,59.0,52.0
1601,2013-05-14,59.0,53.0
1602,2013-05-15,60.0,53.0
1603,2013-05-16,60.0,52.0
1604,2013-05-17,60.0,54.0
1605,2013-05-20,61.0,55.0
1606,2013-05-21,62.0,55.0
1607,2013-05-22,62.0,54.0
1608,2013-05-23,61.0,54.0
1609,2013-05-24,61.0,54.0
1610,2013-05-28,62.0,55.0
1611,2013-05-29,61.0,54.0
1612,2013-05-30,62.0,55.0
1613,2013-05-31,62.0,54.0
1614,2013-06-03,61.0,55.0
1615,2013-06-04,62.0,54.0
1616,2013-06-05,61.0,53.0
1617,2013-06-06,60.0,54.0
1618,2013-06-07,61.0,55.0
1619,2013-06-10,62.0,55.0
1620,2013-06-11,62.0,54.0
1621,2013-06-12,62.0,54.0
1622,2013-06-13,61.0,55.0
1623,2013-06-14,62.0,54.0
1624,2013-06-17,61.0,55.0
1625,2013-06-18,62.0,55.0
1626,2013-06-19,62.0,55.0
1627,2013-06-20,62.0,54.0
1628,2013-06-21,62.0,54.0
1629,2013-06-24,61.0,53.0
1630,2013-06-25,61.0,54.0
1631,2013-06-26,62.0,54.0
1632,2013-06-27,62.0,55.0
1633,2013-06-28,62.0,56.0
1634,2013-07-01,63.0,56.0
1635,2013-07-02,64.0,57.0
1636,2013-07-03,64.0,57.0
1637,2013-07-05,65.0,58.0
1638,2013-07-08,66.0,58.0
1639,2013-07-09,66.0,58.0
1640,2013-07-10,66.0,57.0
1641,2013-07-11,66.0,58.0
1642,2013-07-12,66.0,59.0
1643,2013-07-15,68.0,59.0
1644,2013-07-16,67.0,59.0
1645,2013-07-17,67.0,59.0
1646,2013-07-18,67.0,59.0
1647,2013-07-19,69.0,61.0
1648,2013-07-22,69.0,61.0
1649,2013-07-23,69.0,61.0
1650,2013-07-24,69.0,61.0
1651,2013-07-25,68.0,61.0
1652,2013-07-26,68.0,61.0
1653,2013-07-29,68.0,61.0
1654,2013-07-30,69.0,61.0
1655,2013-07-31,69.0,61.0
1656,2013-08-01,69.0,62.0
1657,2013-08-02,69.0,62.0
1658,2013-08-05,69.0,62.0
1659,2013-08-06,69.0,62.0
1660,2013-08-07,69.0,60.0
1661,2013-08-08,68.0,61.0
1662,2013-08-09,68.0,61.0
1663,2013-08-12,68.0,61.0
1664,2013-08-13,68.0,61.0
1665,2013-08-14,68.0,61.0
1666,2013-08-15,68.0,60.0
1667,2013-08-16,67.0,60.0
1668,2013-08-19,67.0,59.0
1669,2013-08-20,66.0,59.0
1670,2013-08-21,66.0,59.0
1671,2013-08-22,67.0,59.0
1672,2013-08-23,67.0,59.0
1673,2013-08-26,67.0,59.0
1674,2013-08-27,65.0,57.0
1675,2013-08-28,64.0,57.0
1676,2013-08-29,64.0,57.0
1677,2013-08-30,64.0,57.0
1678,2013-09-03,65.0,57.0
1679,2013-09-04,64.0,58.0
1680,2013-09-05,65.0,58.0
1681,2013-09-06,66.0,58.0
1682,2013-09-09,65.0,59.0
1683,2013-09-10,67.0,60.0
1684,2013-09-11,68.0,60.0
1685,2013-09-12,68.0,60.0
1686,2013-09-13,68.0,60.0
1687,2013-09-16,68.0,60.0
1688,2013-09-17,68.0,61.0
1689,2013-09-18,69.0,62.0
1690,2013-09-19,70.0,61.0
1691,2013-09-20,69.0,61.0
1692,2013-09-23,69.0,61.0
1693,2013-09-24,68.0,61.0
1694,2013-09-25,69.0,61.0
1695,2013-09-26,69.0,61.0
1696,2013-09-27,69.0,61.0
1697,2013-09-30,68.0,61.0
1698,2013-10-01,69.0,62.0
1699,2013-10-02,69.0,62.0
1700,2013-10-03,69.0,61.0
1701,2013-10-04,69.0,62.0
1702,2013-10-07,70.0,61.0
1703,2013-10-08,69.0,60.0
1704,2013-10-09,68.0,60.0
1705,2013-10-10,69.0,63.0
1706,2013-10-11,71.0,64.0
1707,2013-10-14,72.0,64.0
1708,2013-10-15,72.0,64.0
1709,2013-10-16,72.0,64.0
1710,2013-10-17,72.0,64.0
1711,2013-10-18,73.0,64.0
1712,2013-10-21,72.0,63.0
1713,2013-10-22,71.0,63.0
1714,2013-10-23,71.0,63.0
1715,2013-10-24,71.0,63.0
1716,2013-10-25,71.0,63.0
1717,2013-10-28,70.0,63.0
1718,2013-10-29,71.0,63.0
1719,2013-10-30,71.0,62.0
1720,2013-10-31,70.0,61.0
1721,2013-11-01,69.0,62.0
1722,2013-11-04,70.0,62.0
1723,2013-11-05,70.0,62.0
1724,2013-11-06,70.0,62.0
1725,2013-11-07,70.0,61.0
1726,2013-11-08,69.0,62.0
1727,2013-11-11,70.0,62.0
1728,2013-11-12,70.0,62.0
1729,2013-11-13,69.0,62.0
1730,2013-11-14,70.0,63.0
1731,2013-11-15,70.0,63.0
1732,2013-11-18,70.0,62.0
1733,2013-11-19,69.0,62.0
1734,2013-11-20,70.0,61.0
1735,2013-11-21,69.0,62.0
1736,2013-11-22,70.0,62.0
1737,2013-11-25,70.0,63.0
1738,2013-11-26,71.0,63.0
1739,2013-11-27,71.0,64.0
1740,2013-11-29,72.0,64.0
1741,2013-12-02,73.0,64.0
1742,2013-12-03,72.0,64.0
1743,2013-12-04,71.0,65.0
1744,2013-12-05,72.0,64.0
1745,2013-12-06,73.0,65.0
1746,2013-12-09,73.0,65.0
1747,2013-12-10,73.0,65.0
1748,2013-12-11,73.0,64.0
1749,2013-12-12,72.0,64.0
1750,2013-12-13,72.0,64.0
1751,2013-12-16,72.0,64.0
1752,2013-12-17,73.0,64.0
1753,2013-12-18,72.0,66.0
1754,2013-12-19,73.0,66.0
1755,2013-12-20,74.0,67.0
1756,2013-12-23,75.0,67.0
1757,2013-12-24,75.0,67.0
1758,2013-12-26,76.0,68.0
1759,2013-12-27,76.0,68.0
1760,2013-12-30,76.0,68.0
1761,2013-12-31,76.0,68.0
1762,2014-01-02,77.0,69.0
1763,2014-01-03,77.0,69.0
1764,2014-01-06,78.0,68.0
1765,2014-01-07,78.0,69.0
1766,2014-01-08,77.0,69.0
1767,2014-01-09,78.0,69.0
1768,2014-01-10,78.0,70.0
1769,2014-01-13,78.0,68.0
1770,2014-01-14,77.0,69.0
1771,2014-01-15,77.0,69.0
1772,2014-01-16,77.0,68.0
1773,2014-01-17,74.0,65.0
1774,2014-01-21,73.0,65.0
1775,2014-01-22,73.0,65.0
1776,2014-01-23,72.0,64.0
1777,2014-01-24,71.0,63.0
1778,2014-01-27,71.0,62.0
1779,2014-01-28,70.0,63.0
1780,2014-01-29,70.0,62.0
1781,2014-01-30,71.0,63.0
1782,2014-01-31,70.0,63.0
1783,2014-02-03,71.0,61.0
1784,2014-02-04,69.0,61.0
1785,2014-02-05,69.0,61.0
1786,2014-02-06,69.0,63.0
1787,2014-02-07,70.0,64.0
1788,2014-02-10,71.0,64.0
1789,2014-02-11,71.0,64.0
1790,2014-02-12,71.0,64.0
1791,2014-02-13,71.0,65.0
1792,2014-02-14,72.0,65.0
1793,2014-02-18,73.0,65.0
1794,2014-02-19,72.0,64.0
1795,2014-02-20,71.0,63.0
1796,2014-02-21,71.0,64.0
1797,2014-02-24,71.0,64.0
1798,2014-02-25,72.0,64.0
1799,2014-02-26,71.0,64.0
1800,2014-02-27,71.0,65.0
1801,2014-02-28,73.0,66.0
1802,2014-03-03,73.0,65.0
1803,2014-03-04,73.0,66.0
1804,2014-03-05,74.0,67.0
1805,2014-03-06,75.0,67.0
1806,2014-03-07,75.0,67.0
1807,2014-03-10,75.0,67.0
1808,2014-03-11,76.0,67.0
1809,2014-03-12,74.0,66.0
1810,2014-03-13,75.0,65.0
1811,2014-03-14,73.0,65.0
1812,2014-03-17,74.0,66.0
1813,2014-03-18,74.0,66.0
1814,2014-03-19,74.0,66.0
1815,2014-03-20,73.0,67.0
1816,2014-03-21,75.0,68.0
1817,2014-03-24,76.0,67.0
1818,2014-03-25,76.0,67.0
1819,2014-03-26,76.0,67.0
1820,2014-03-27,76.0,68.0
1821,2014-03-28,76.0,68.0
1822,2014-03-31,77.0,69.0
1823,2014-04-01,77.0,69.0
1824,2014-04-02,77.0,69.0
1825,2014-04-03,77.0,69.0
1826,2014-04-04,78.0,69.0
1827,2014-04-07,77.0,68.0
1828,2014-04-08,75.0,68.0
1829,2014-04-09,76.0,68.0
1830,2014-04-10,76.0,66.0
1831,2014-04-11,73.0,66.0
1832,2014-04-14,75.0,66.0
1833,2014-04-15,74.0,67.0
1834,2014-04-16,75.0,67.0
1835,2014-04-17,76.0,67.0
1836,2014-04-21,75.0,67.0
1837,2014-04-22,75.0,67.0
1838,2014-04-23,75.0,67.0
1839,2014-04-24,75.0,67.0
1840,2014-04-25,75.0,66.0
1841,2014-04-28,74.0,65.0
1842,2014-04-29,73.0,66.0
1843,2014-04-30,74.0,66.0
1844,2014-05-01,74.0,67.0
1845,2014-05-02,75.0,68.0
1846,2014-05-05,76.0,68.0
1847,2014-05-06,75.0,67.0
1848,2014-05-07,75.0,68.0
1849,2014-05-08,76.0,69.0
1850,2014-05-09,76.0,69.0
1851,2014-05-12,77.0,70.0
1852,2014-05-13,78.0,70.0
1853,2014-05-14,77.0,69.0
1854,2014-05-15,76.0,69.0
1855,2014-05-16,76.0,68.0
1856,2014-05-19,76.0,68.0
1857,2014-05-20,76.0,68.0
1858,2014-05-21,76.0,69.0
1859,2014-05-22,76.0,69.0
1860,2014-05-23,76.0,69.0
1861,2014-05-27,77.0,70.0
1862,2014-05-28,78.0,71.0
1863,2014-05-29,79.0,71.0
1864,2014-05-30,79.0,71.0
1865,2014-06-02,79.0,71.0
1866,2014-06-03,78.0,71.0
1867,2014-06-04,79.0,71.0
1868,2014-06-05,79.0,72.0
1869,2014-06-06,80.0,73.0
1870,2014-06-09,81.0,74.0
1871,2014-06-10,82.0,73.0
1872,2014-06-11,82.0,73.0
1873,2014-06-12,81.0,73.0
1874,2014-06-13,81.0,72.0
1875,2014-06-16,80.0,73.0
1876,2014-06-17,81.0,73.0
1877,2014-06-18,81.0,73.0
1878,2014-06-19,82.0,74.0
1879,2014-06-20,82.0,75.0
1880,2014-06-23,83.0,75.0
1881,2014-06-24,83.0,74.0
1882,2014-06-25,82.0,74.0
1883,2014-06-26,82.0,74.0
1884,2014-06-27,81.0,75.0
1885,2014-06-30,83.0,74.0
1886,2014-07-01,83.0,75.0
1887,2014-07-02,83.0,75.0
1888,2014-07-03,84.0,76.0
1889,2014-07-07,84.0,75.0
1890,2014-07-08,83.0,75.0
1891,2014-07-09,84.0,76.0
1892,2014-07-10,83.0,75.0
1893,2014-07-11,84.0,76.0
1894,2014-07-14,85.0,76.0
1895,2014-07-15,84.0,76.0
1896,2014-07-16,85.0,76.0
1897,2014-07-17,84.0,74.0
1898,2014-07-18,84.0,74.0
1899,2014-07-21,82.0,74.0
1900,2014-07-22,82.0,74.0
1901,2014-07-23,82.0,74.0
1902,2014-07-24,83.0,74.0
1903,2014-07-25,82.0,73.0
1904,2014-07-28,83.0,73.0
1905,2014-07-29,82.0,73.0
1906,2014-07-30,81.0,73.0
1907,2014-07-31,81.0,72.0
1908,2014-08-01,79.0,71.0
1909,2014-08-04,80.0,72.0
1910,2014-08-05,80.0,71.0
1911,2014-08-06,78.0,71.0
1912,2014-08-07,79.0,70.0
1913,2014-08-08,78.0,71.0
1914,2014-08-11,79.0,71.0
1915,2014-08-12,78.0,72.0
1916,2014-08-13,80.0,72.0
1917,2014-08-14,80.0,72.0
1918,2014-08-15,80.0,72.0
1919,2014-08-18,80.0,73.0
1920,2014-08-19,81.0,73.0
1921,2014-08-20,80.0,73.0
1922,2014-08-21,81.0,74.0
1923,2014-08-22,82.0,73.0
1924,2014-08-25,82.0,74.0
1925,2014-08-26,82.0,74.0
1926,2014-08-27,82.0,74.0
1927,2014-08-28,82.0,74.0
1928,2014-08-29,82.0,74.0
1929,2014-09-02,82.0,75.0
1930,2014-09-03,83.0,75.0
1931,2014-09-04,83.0,74.0
1932,2014-09-05,82.0,75.0
1933,2014-09-08,82.0,74.0
1934,2014-09-09,82.0,74.0
1935,2014-09-10,82.0,73.0
1936,2014-09-11,81.0,73.0
1937,2014-09-12,81.0,73.0
1938,2014-09-15,81.0,74.0
1939,2014-09-16,82.0,74.0
1940,2014-09-17,82.0,75.0
1941,2014-09-18,83.0,76.0
1942,2014-09-19,84.0,76.0
1943,2014-09-22,84.0,75.0
1944,2014-09-23,83.0,74.0
1945,2014-09-24,82.0,74.0
1946,2014-09-25,82.0,73.0
1947,2014-09-26,81.0,74.0
1948,2014-09-29,81.0,74.0
1949,2014-09-30,82.0,74.0
1950,2014-10-01,82.0,73.0
1951,2014-10-02,81.0,73.0
1952,2014-10-03,82.0,74.0
1953,2014-10-06,83.0,74.0
1954,2014-10-07,82.0,73.0
1955,2014-10-08,81.0,75.0
1956,2014-10-09,83.0,74.0
1957,2014-10-10,81.0,73.0
1958,2014-10-13,80.0,72.0
1959,2014-10-14,80.0,72.0
1960,2014-10-15,79.0,72.0
1961,2014-10-16,78.0,71.0
1962,2014-10-17,76.0,69.0
1963,2014-10-20,76.0,69.0
1964,2014-10-21,77.0,71.0
1965,2014-10-22,79.0,70.0
1966,2014-10-23,79.0,71.0
1967,2014-10-24,79.0,72.0
1968,2014-10-27,79.0,71.0
1969,2014-10-28,80.0,73.0
1970,2014-10-29,81.0,73.0
1971,2014-10-30,81.0,74.0
1972,2014-10-31,83.0,75.0
1973,2014-11-03,83.0,75.0
1974,2014-11-04,83.0,74.0
1975,2014-11-05,83.0,74.0
1976,2014-11-06,82.0,74.0
1977,2014-11-07,82.0,75.0
1978,2014-11-10,83.0,75.0
1979,2014-11-11,82.0,74.0
1980,2014-11-12,82.0,74.0
1981,2014-11-13,82.0,74.0
1982,2014-11-14,81.0,74.0
1983,2014-11-17,82.0,74.0
1984,2014-11-18,82.0,74.0
1985,2014-11-19,81.0,73.0
1986,2014-11-20,80.0,73.0
1987,2014-11-21,82.0,74.0
1988,2014-11-24,82.0,74.0
1989,2014-11-25,82.0,75.0
1990,2014-11-26,83.0,75.0
1991,2014-11-28,83.0,75.0
1992,2014-12-01,83.0,75.0
1993,2014-12-02,82.0,75.0
1994,2014-12-03,82.0,74.0
1995,2014-12-04,81.0,74.0
1996,2014-12-05,83.0,75.0
1997,2014-12-08,83.0,75.0
1998,2014-12-09,82.0,75.0
1999,2014-12-10,83.0,75.0
2000,2014-12-11,83.0,75.0
2001,2014-12-12,82.0,73.0
2002,2014-12-15,81.0,72.0
2003,2014-12-16,79.0,71.0
2004,2014-12-17,78.0,72.0
2005,2014-12-18,80.0,74.0
2006,2014-12-19,82.0,75.0
2007,2014-12-22,82.0,75.0
2008,2014-12-23,83.0,75.0
2009,2014-12-24,84.0,75.0
2010,2014-12-26,83.0,75.0
2011,2014-12-29,83.0,75.0
2012,2014-12-30,83.0,75.0
2013,2014-12-31,84.0,75.0
2014,2015-01-02,83.0,75.0
2015,2015-01-05,82.0,73.0
2016,2015-01-06,81.0,72.0
2017,2015-01-07,80.0,72.0
2018,2015-01-08,81.0,73.0
2019,2015-01-09,81.0,72.0
2020,2015-01-12,80.0,72.0
2021,2015-01-13,80.0,71.0
2022,2015-01-14,77.0,70.0
2023,2015-01-15,77.0,70.0
2024,2015-01-16,77.0,69.0
2025,2015-01-20,77.0,70.0
2026,2015-01-21,77.0,70.0
2027,2015-01-22,77.0,69.0
2028,2015-01-23,77.0,70.0
2029,2015-01-26,77.0,71.0
2030,2015-01-27,77.0,70.0
2031,2015-01-28,77.0,67.0
2032,2015-01-29,74.0,68.0
2033,2015-01-30,74.0,66.0
2034,2015-02-02,74.0,67.0
2035,2015-02-03,75.0,68.0
2036,2015-02-04,76.0,68.0
2037,2015-02-05,75.0,69.0
2038,2015-02-06,76.0,69.0
2039,2015-02-09,76.0,70.0
2040,2015-02-10,77.0,70.0
2041,2015-02-11,77.0,70.0
2042,2015-02-12,78.0,72.0
2043,2015-02-13,79.0,72.0
2044,2015-02-17,79.0,73.0
2045,2015-02-18,80.0,72.0
2046,2015-02-19,79.0,72.0
2047,2015-02-20,79.0,73.0
2048,2015-02-23,80.0,73.0
2049,2015-02-24,80.0,73.0
2050,2015-02-25,80.0,72.0
2051,2015-02-26,79.0,72.0
2052,2015-02-27,79.0,72.0
2053,2015-03-02,79.0,72.0
2054,2015-03-03,79.0,72.0
2055,2015-03-04,79.0,72.0
2056,2015-03-05,79.0,72.0
2057,2015-03-06,80.0,72.0
2058,2015-03-09,79.0,73.0
2059,2015-03-10,79.0,71.0
2060,2015-03-11,78.0,71.0
2061,2015-03-12,79.0,74.0
2062,2015-03-13,81.0,73.0
2063,2015-03-16,81.0,74.0
2064,2015-03-17,81.0,74.0
2065,2015-03-18,81.0,74.0
2066,2015-03-19,81.0,73.0
2067,2015-03-20,81.0,74.0
2068,2015-03-23,81.0,74.0
2069,2015-03-24,81.0,73.0
2070,2015-03-25,80.0,72.0
2071,2015-03-26,79.0,71.0
2072,2015-03-27,78.0,72.0
2073,2015-03-30,79.0,72.0
2074,2015-03-31,79.0,72.0
2075,2015-04-01,79.0,73.0
2076,2015-04-02,80.0,73.0
2077,2015-04-06,79.0,73.0
2078,2015-04-07,80.0,72.0
2079,2015-04-08,80.0,73.0
2080,2015-04-09,80.0,73.0
2081,2015-04-10,80.0,73.0
2082,2015-04-13,81.0,74.0
2083,2015-04-14,81.0,74.0
2084,2015-04-15,82.0,75.0
2085,2015-04-16,83.0,76.0
2086,2015-04-17,82.0,75.0
2087,2015-04-20,82.0,75.0
2088,2015-04-21,82.0,74.0
2089,2015-04-22,82.0,74.0
2090,2015-04-23,82.0,74.0
2091,2015-04-24,80.0,73.0
2092,2015-04-27,81.0,73.0
2093,2015-04-28,81.0,73.0
2094,2015-04-29,81.0,73.0
2095,2015-04-30,80.0,74.0
2096,2015-05-01,81.0,75.0
2097,2015-05-04,82.0,75.0
2098,2015-05-05,82.0,75.0
2099,2015-05-06,83.0,75.0
2100,2015-05-07,82.0,75.0
2101,2015-05-08,83.0,76.0
2102,2015-05-11,83.0,76.0
2103,2015-05-12,83.0,76.0
2104,2015-05-13,83.0,76.0
2105,2015-05-14,84.0,77.0
2106,2015-05-15,85.0,77.0
2107,2015-05-18,84.0,77.0
2108,2015-05-19,85.0,78.0
2109,2015-05-20,85.0,78.0
2110,2015-05-21,85.0,78.0
2111,2015-05-22,85.0,78.0
2112,2015-05-26,85.0,77.0
2113,2015-05-27,84.0,77.0
2114,2015-05-28,84.0,77.0
2115,2015-05-29,84.0,76.0
2116,2015-06-01,84.0,76.0
2117,2015-06-02,83.0,77.0
2118,2015-06-03,84.0,77.0
2119,2015-06-04,84.0,76.0
2120,2015-06-05,84.0,78.0
2121,2015-06-08,85.0,78.0
2122,2015-06-09,85.0,78.0
2123,2015-06-10,86.0,79.0
2124,2015-06-11,87.0,80.0
2125,2015-06-12,87.0,80.0
2126,2015-06-15,87.0,80.0
2127,2015-06-16,87.0,81.0
2128,2015-06-17,88.0,80.0
2129,2015-06-18,88.0,81.0
2130,2015-06-19,88.0,81.0
2131,2015-06-22,89.0,82.0
2132,2015-06-23,90.0,82.0
2133,2015-06-24,89.0,81.0
2134,2015-06-25,89.0,81.0
2135,2015-06-26,89.0,81.0
2136,2015-06-29,88.0,80.0
2137,2015-06-30,89.0,80.0
2138,2015-07-01,89.0,81.0
2139,2015-07-02,89.0,81.0
2140,2015-07-06,87.0,80.0
2141,2015-07-07,88.0,80.0
2142,2015-07-08,87.0,79.0
2143,2015-07-09,87.0,79.0
2144,2015-07-10,88.0,80.0
2145,2015-07-13,89.0,81.0
2146,2015-07-14,89.0,81.0
2147,2015-07-15,90.0,82.0
2148,2015-07-16,91.0,83.0
2149,2015-07-17,91.0,83.0
2150,2015-07-20,91.0,84.0
2151,2015-07-21,91.0,84.0
2152,2015-07-22,92.0,84.0
2153,2015-07-23,92.0,83.0
2154,2015-07-24,84.0,72.0
2155,2015-07-27,78.0,72.0
2156,2015-07-28,79.0,72.0
2157,2015-07-29,79.0,73.0
2158,2015-07-30,80.0,75.0
2159,2015-07-31,82.0,74.0
2160,2015-08-03,81.0,75.0
2161,2015-08-04,82.0,74.0
2162,2015-08-05,82.0,75.0
2163,2015-08-06,82.0,75.0
2164,2015-08-07,81.0,74.0
2165,2015-08-10,81.0,76.0
2166,2015-08-11,82.0,74.0
2167,2015-08-12,80.0,74.0
2168,2015-08-13,81.0,75.0
2169,2015-08-14,80.0,75.0
2170,2015-08-17,81.0,75.0
2171,2015-08-18,82.0,75.0
2172,2015-08-19,81.0,74.0
2173,2015-08-20,79.0,73.0
2174,2015-08-21,78.0,71.0
2175,2015-08-24,72.0,68.0
2176,2015-08-25,76.0,67.0
2177,2015-08-26,74.0,69.0
2178,2015-08-27,76.0,71.0
2179,2015-08-28,77.0,71.0
2180,2015-08-31,77.0,72.0
2181,2015-09-01,76.0,69.0
2182,2015-09-02,76.0,70.0
2183,2015-09-03,76.0,70.0
2184,2015-09-04,75.0,69.0
2185,2015-09-08,76.0,71.0
2186,2015-09-09,78.0,70.0
2187,2015-09-10,75.0,70.0
2188,2015-09-11,76.0,70.0
2189,2015-09-14,76.0,70.0
2190,2015-09-15,76.0,71.0
2191,2015-09-16,77.0,71.0
2192,2015-09-17,77.0,70.0
2193,2015-09-18,75.0,68.0
2194,2015-09-21,74.0,69.0
2195,2015-09-22,74.0,68.0
2196,2015-09-23,74.0,68.0
2197,2015-09-24,73.0,68.0
2198,2015-09-25,74.0,68.0
2199,2015-09-28,74.0,67.0
2200,2015-09-29,72.0,66.0
2201,2015-09-30,73.0,67.0
2202,2015-10-01,73.0,67.0
2203,2015-10-02,71.0,67.0
2204,2015-10-05,73.0,70.0
2205,2015-10-06,75.0,69.0
2206,2015-10-07,76.0,69.0
2207,2015-10-08,75.0,69.0
2208,2015-10-09,75.0,69.0
2209,2015-10-12,75.0,69.0
2210,2015-10-13,74.0,68.0
2211,2015-10-14,74.0,67.0
2212,2015-10-15,73.0,69.0
2213,2015-10-16,75.0,69.0
2214,2015-10-19,74.0,69.0
2215,2015-10-20,75.0,69.0
2216,2015-10-21,75.0,68.0
2217,2015-10-22,74.0,69.0
2218,2015-10-23,77.0,75.0
2219,2015-10-26,81.0,74.0
2220,2015-10-27,79.0,73.0
2221,2015-10-28,79.0,75.0
2222,2015-10-29,81.0,74.0
2223,2015-10-30,81.0,73.0
2224,2015-11-02,79.0,74.0
2225,2015-11-03,80.0,75.0
2226,2015-11-04,81.0,74.0
2227,2015-11-05,81.0,74.0
2228,2015-11-06,81.0,76.0
2229,2015-11-09,81.0,75.0
2230,2015-11-10,80.0,74.0
2231,2015-11-11,80.0,73.0
2232,2015-11-12,78.0,72.0
2233,2015-11-13,77.0,71.0
2234,2015-11-16,77.0,72.0
2235,2015-11-17,78.0,71.0
2236,2015-11-18,77.0,73.0
2237,2015-11-19,79.0,74.0
2238,2015-11-20,80.0,74.0
2239,2015-11-23,80.0,73.0
2240,2015-11-24,78.0,73.0
2241,2015-11-25,79.0,73.0
2242,2015-11-27,79.0,73.0
2243,2015-11-30,79.0,73.0
2244,2015-12-01,79.0,74.0
2245,2015-12-02,80.0,73.0
2246,2015-12-03,79.0,72.0
2247,2015-12-04,78.0,74.0
2248,2015-12-07,79.0,73.0
2249,2015-12-08,77.0,71.0
2250,2015-12-09,76.0,70.0
2251,2015-12-10,75.0,70.0
2252,2015-12-11,74.0,68.0
2253,2015-12-14,74.0,68.0
2254,2015-12-15,74.0,70.0
2255,2015-12-16,76.0,71.0
2256,2015-12-17,77.0,69.0
2257,2015-12-18,74.0,67.0
2258,2015-12-21,73.0,67.0
2259,2015-12-22,73.0,68.0
2260,2015-12-23,73.0,68.0
2261,2015-12-24,74.0,68.0
2262,2015-12-28,73.0,68.0
2263,2015-12-29,74.0,68.0
2264,2015-12-30,74.0,68.0
2265,2015-12-31,73.0,67.0
2266,2016-01-04,71.0,66.0
2267,2016-01-05,69.0,64.0
2268,2016-01-06,69.0,64.0
2269,2016-01-07,66.0,60.0
2270,2016-01-08,66.0,60.0
2271,2016-01-11,65.0,60.0
2272,2016-01-12,66.0,61.0
2273,2016-01-13,66.0,59.0
2274,2016-01-14,64.0,60.0
2275,2016-01-15,62.0,58.0
2276,2016-01-19,64.0,58.0
2277,2016-01-20,61.0,56.0
2278,2016-01-21,61.0,57.0
2279,2016-01-22,62.0,57.0
2280,2016-01-25,61.0,54.0
2281,2016-01-26,59.0,56.0
2282,2016-01-27,61.0,59.0
2283,2016-01-28,64.0,58.0
2284,2016-01-29,63.0,61.0
2285,2016-02-01,65.0,60.0
2286,2016-02-02,64.0,59.0
2287,2016-02-03,64.0,59.0
2288,2016-02-04,63.0,59.0
2289,2016-02-05,64.0,59.0
2290,2016-02-08,62.0,57.0
2291,2016-02-09,60.0,58.0
2292,2016-02-10,63.0,58.0
2293,2016-02-11,60.0,56.0
2294,2016-02-12,61.0,58.0
2295,2016-02-16,64.0,60.0
2296,2016-02-17,65.0,61.0
2297,2016-02-18,65.0,62.0
2298,2016-02-19,66.0,61.0
2299,2016-02-22,66.0,63.0
2300,2016-02-23,68.0,61.0
2301,2016-02-24,65.0,61.0
2302,2016-02-25,66.0,62.0
2303,2016-02-26,67.0,63.0
2304,2016-02-29,67.0,61.0
2305,2016-03-01,67.0,63.0
2306,2016-03-02,68.0,65.0
2307,2016-03-03,69.0,65.0
2308,2016-03-04,70.0,65.0
2309,2016-03-07,69.0,65.0
2310,2016-03-08,69.0,64.0
2311,2016-03-09,69.0,64.0
2312,2016-03-10,69.0,65.0
2313,2016-03-11,70.0,66.0
2314,2016-03-14,71.0,65.0
2315,2016-03-15,69.0,65.0
2316,2016-03-16,69.0,65.0
2317,2016-03-17,69.0,65.0
2318,2016-03-18,70.0,66.0
2319,2016-03-21,70.0,66.0
2320,2016-03-22,70.0,66.0
2321,2016-03-23,71.0,66.0
2322,2016-03-24,69.0,65.0
2323,2016-03-28,70.0,65.0
2324,2016-03-29,69.0,64.0
2325,2016-03-30,69.0,65.0
2326,2016-03-31,69.0,65.0
2327,2016-04-01,70.0,66.0
2328,2016-04-04,71.0,65.0
2329,2016-04-05,68.0,64.0
2330,2016-04-06,68.0,64.0
2331,2016-04-07,68.0,62.0
2332,2016-04-08,67.0,62.0
2333,2016-04-11,67.0,63.0
2334,2016-04-12,68.0,64.0
2335,2016-04-13,69.0,66.0
2336,2016-04-14,71.0,67.0
2337,2016-04-15,72.0,67.0
2338,2016-04-18,71.0,67.0
2339,2016-04-19,72.0,68.0
2340,2016-04-20,73.0,70.0
2341,2016-04-21,75.0,70.0
2342,2016-04-22,74.0,71.0
2343,2016-04-25,75.0,70.0
2344,2016-04-26,75.0,71.0
2345,2016-04-27,73.0,69.0
2346,2016-04-28,74.0,69.0
2347,2016-04-29,73.0,68.0
2348,2016-05-02,73.0,69.0
2349,2016-05-03,73.0,67.0
2350,2016-05-04,71.0,65.0
2351,2016-05-05,70.0,65.0
2352,2016-05-06,69.0,65.0
2353,2016-05-09,70.0,65.0
2354,2016-05-10,70.0,66.0
2355,2016-05-11,71.0,66.0
2356,2016-05-12,70.0,65.0
2357,2016-05-13,69.0,65.0
2358,2016-05-16,69.0,65.0
2359,2016-05-17,69.0,65.0
2360,2016-05-18,69.0,67.0
2361,2016-05-19,70.0,66.0
2362,2016-05-20,71.0,67.0
2363,2016-05-23,71.0,66.0
2364,2016-05-24,71.0,67.0
2365,2016-05-25,72.0,69.0
2366,2016-05-26,73.0,68.0
2367,2016-05-27,73.0,69.0
2368,2016-05-31,74.0,69.0
2369,2016-06-01,73.0,69.0
2370,2016-06-02,73.0,69.0
2371,2016-06-03,72.0,67.0
2372,2016-06-06,72.0,68.0
2373,2016-06-07,73.0,68.0
2374,2016-06-08,72.0,68.0
2375,2016-06-09,71.0,67.0
2376,2016-06-10,70.0,66.0
2377,2016-06-13,69.0,65.0
2378,2016-06-14,69.0,61.0
2379,2016-06-15,65.0,61.0
2380,2016-06-16,64.0,60.0
2381,2016-06-17,64.0,60.0
2382,2016-06-20,66.0,60.0
2383,2016-06-21,65.0,60.0
2384,2016-06-22,64.0,60.0
2385,2016-06-23,65.0,62.0
2386,2016-06-24,63.0,58.0
2387,2016-06-27,61.0,55.0
2388,2016-06-28,59.0,56.0
2389,2016-06-29,61.0,58.0
2390,2016-06-30,62.0,60.0
2391,2016-07-01,63.0,59.0
2392,2016-07-05,62.0,57.0
2393,2016-07-06,60.0,58.0
2394,2016-07-07,61.0,58.0
2395,2016-07-08,64.0,61.0
2396,2016-07-11,65.0,62.0
2397,2016-07-12,67.0,64.0
2398,2016-07-13,68.0,64.0
2399,2016-07-14,69.0,65.0
2400,2016-07-15,69.0,64.0
2401,2016-07-18,68.0,64.0
2402,2016-07-19,68.0,64.0
2403,2016-07-20,68.0,64.0
2404,2016-07-21,67.0,64.0
2405,2016-07-22,66.0,63.0
2406,2016-07-25,67.0,63.0
2407,2016-07-26,67.0,64.0
2408,2016-07-27,68.0,64.0
2409,2016-07-28,67.0,63.0
2410,2016-07-29,67.0,63.0
2411,2016-08-01,67.0,63.0
2412,2016-08-02,67.0,62.0
2413,2016-08-03,66.0,63.0
2414,2016-08-04,66.0,63.0
2415,2016-08-05,67.0,64.0
2416,2016-08-08,68.0,64.0
2417,2016-08-09,68.0,64.0
2418,2016-08-10,68.0,63.0
2419,2016-08-11,67.0,64.0
2420,2016-08-12,67.0,64.0
2421,2016-08-15,68.0,65.0
2422,2016-08-16,68.0,65.0
2423,2016-08-17,68.0,65.0
2424,2016-08-18,68.0,64.0
2425,2016-08-19,68.0,65.0
2426,2016-08-22,69.0,65.0
2427,2016-08-23,69.0,65.0
2428,2016-08-24,69.0,65.0
2429,2016-08-25,68.0,65.0
2430,2016-08-26,69.0,65.0
2431,2016-08-29,69.0,66.0
2432,2016-08-30,70.0,66.0
2433,2016-08-31,70.0,68.0
2434,2016-09-01,72.0,67.0
2435,2016-09-02,71.0,68.0
2436,2016-09-06,72.0,67.0
2437,2016-09-07,71.0,68.0
2438,2016-09-08,72.0,68.0
2439,2016-09-09,72.0,68.0
2440,2016-09-12,71.0,69.0
2441,2016-09-13,72.0,67.0
2442,2016-09-14,71.0,67.0
2443,2016-09-15,70.0,67.0
2444,2016-09-16,71.0,66.0
2445,2016-09-19,71.0,67.0
2446,2016-09-20,71.0,67.0
2447,2016-09-21,71.0,68.0
2448,2016-09-22,72.0,68.0
2449,2016-09-23,72.0,67.0
2450,2016-09-26,71.0,67.0
2451,2016-09-27,70.0,68.0
2452,2016-09-28,72.0,68.0
2453,2016-09-29,72.0,66.0
2454,2016-09-30,71.0,68.0
2455,2016-10-03,72.0,68.0
2456,2016-10-04,72.0,69.0
2457,2016-10-05,73.0,70.0
2458,2016-10-06,74.0,69.0
2459,2016-10-07,73.0,69.0
2460,2016-10-10,74.0,69.0
2461,2016-10-11,73.0,68.0
2462,2016-10-12,72.0,68.0
2463,2016-10-13,71.0,67.0
2464,2016-10-14,72.0,68.0
2465,2016-10-17,72.0,68.0
2466,2016-10-18,73.0,68.0
2467,2016-10-19,72.0,70.0
2468,2016-10-20,74.0,70.0
2469,2016-10-21,74.0,71.0
2470,2016-10-24,75.0,71.0
2471,2016-10-25,75.0,71.0
2472,2016-10-26,73.0,71.0
2473,2016-10-27,76.0,71.0
2474,2016-10-28,75.0,71.0
2475,2016-10-31,75.0,70.0
2476,2016-11-01,74.0,69.0
2477,2016-11-02,73.0,69.0
2478,2016-11-03,73.0,68.0
2479,2016-11-04,72.0,69.0
2480,2016-11-07,74.0,71.0
2481,2016-11-08,74.0,69.0
2482,2016-11-09,74.0,72.0
2483,2016-11-10,77.0,75.0
2484,2016-11-11,79.0,77.0
2485,2016-11-14,81.0,80.0
2486,2016-11-15,82.0,78.0
2487,2016-11-16,80.0,77.0
2488,2016-11-17,80.0,78.0
2489,2016-11-18,81.0,78.0
2490,2016-11-21,83.0,79.0
2491,2016-11-22,83.0,79.0
2492,2016-11-23,83.0,81.0
2493,2016-11-25,84.0,81.0
2494,2016-11-28,84.0,79.0
2495,2016-11-29,83.0,79.0
2496,2016-11-30,84.0,80.0
2497,2016-12-01,84.0,83.0
2498,2016-12-02,86.0,82.0
2499,2016-12-05,86.0,83.0
2500,2016-12-06,87.0,84.0
2501,2016-12-07,88.0,86.0
2502,2016-12-08,90.0,87.0
2503,2016-12-09,91.0,86.0
2504,2016-12-12,90.0,85.0
2505,2016-12-13,90.0,85.0
2506,2016-12-14,89.0,85.0
2507,2016-12-15,90.0,86.0
2508,2016-12-16,91.0,86.0
2509,2016-12-19,90.0,86.0
2510,2016-12-20,91.0,87.0
2511,2016-12-21,91.0,86.0
2512,2016-12-22,90.0,85.0
2513,2016-12-23,89.0,86.0
2514,2016-12-27,90.0,86.0
2515,2016-12-28,90.0,84.0
2516,2016-12-29,88.0,83.0
2517,2016-12-30,87.0,83.0
2518,2017-01-03,89.0,85.0
2519,2017-01-04,89.0,86.0
2520,2017-01-05,90.0,84.0
2521,2017-01-06,89.0,85.0
2522,2017-01-09,88.0,83.0
2523,2017-01-10,88.0,85.0
2524,2017-01-11,89.0,85.0
2525,2017-01-12,89.0,84.0
2526,2017-01-13,88.0,85.0
2527,2017-01-17,88.0,82.0
2528,2017-01-18,87.0,83.0
2529,2017-01-19,87.0,83.0
2530,2017-01-20,87.0,83.0
2531,2017-01-23,87.0,83.0
2532,2017-01-24,88.0,85.0
2533,2017-01-25,88.0,84.0
2534,2017-01-26,88.0,86.0
2535,2017-01-27,90.0,85.0
2536,2017-01-30,89.0,85.0
2537,2017-01-31,88.0,83.0
2538,2017-02-01,88.0,84.0
2539,2017-02-02,87.0,82.0
2540,2017-02-03,88.0,84.0
2541,2017-02-06,87.0,84.0
2542,2017-02-07,88.0,84.0
2543,2017-02-08,88.0,84.0
2544,2017-02-09,87.0,85.0
2545,2017-02-10,89.0,85.0
2546,2017-02-13,89.0,85.0
2547,2017-02-14,89.0,87.0
2548,2017-02-15,90.0,87.0
2549,2017-02-16,91.0,87.0
2550,2017-02-17,90.0,88.0
2551,2017-02-21,92.0,89.0
2552,2017-02-22,92.0,89.0
2553,2017-02-23,93.0,90.0
2554,2017-02-24,93.0,89.0
2555,2017-02-27,92.0,90.0
2556,2017-02-28,93.0,90.0
2557,2017-03-01,95.0,92.0
2558,2017-03-02,96.0,90.0
2559,2017-03-03,94.0,90.0
2560,2017-03-06,94.0,89.0
2561,2017-03-07,93.0,89.0
2562,2017-03-08,94.0,89.0
2563,2017-03-09,93.0,88.0
2564,2017-03-10,93.0,88.0
2565,2017-03-13,92.0,88.0
2566,2017-03-14,91.0,88.0
2567,2017-03-15,91.0,86.0
2568,2017-03-16,90.0,87.0
2569,2017-03-17,90.0,85.0
2570,2017-03-20,88.0,83.0
2571,2017-03-21,87.0,80.0
2572,2017-03-22,83.0,80.0
2573,2017-03-23,84.0,80.0
2574,2017-03-24,84.0,80.0
2575,2017-03-27,82.0,79.0
2576,2017-03-28,82.0,81.0
2577,2017-03-29,85.0,81.0
2578,2017-03-30,85.0,84.0
2579,2017-03-31,87.0,83.0
2580,2017-04-03,87.0,82.0
2581,2017-04-04,85.0,82.0
2582,2017-04-05,87.0,81.0
2583,2017-04-06,84.0,81.0
2584,2017-04-07,83.0,80.0
2585,2017-04-10,84.0,79.0
2586,2017-04-11,82.0,80.0
2587,2017-04-12,83.0,79.0
2588,2017-04-13,82.0,78.0
2589,2017-04-17,81.0,80.0
2590,2017-04-18,83.0,79.0
2591,2017-04-19,82.0,79.0
2592,2017-04-20,82.0,80.0
2593,2017-04-21,84.0,79.0
2594,2017-04-24,85.0,81.0
2595,2017-04-25,85.0,82.0
2596,2017-04-26,82.0,80.0
2597,2017-04-27,83.0,79.0
2598,2017-04-28,81.0,77.0
2599,2017-05-01,81.0,78.0
2600,2017-05-02,82.0,79.0
2601,2017-05-03,82.0,79.0
2602,2017-05-04,83.0,79.0
2603,2017-05-05,83.0,79.0
2604,2017-05-08,82.0,79.0
2605,2017-05-09,82.0,79.0
2606,2017-05-10,82.0,78.0
2607,2017-05-11,81.0,77.0
2608,2017-05-12,80.0,77.0
2609,2017-05-15,80.0,79.0
2610,2017-05-16,81.0,78.0
2611,2017-05-17,81.0,76.0
2612,2017-05-18,78.0,77.0
2613,2017-05-19,80.0,78.0
2614,2017-05-22,81.0,77.0
2615,2017-05-23,80.0,78.0
2616,2017-05-24,80.0,77.0
2617,2017-05-25,80.0,77.0
2618,2017-05-26,80.0,77.0
2619,2017-05-30,79.0,76.0
2620,2017-05-31,78.0,75.0
2621,2017-06-01,77.0,75.0
2622,2017-06-02,77.0,76.0
2623,2017-06-05,78.0,76.0
2624,2017-06-06,78.0,76.0
2625,2017-06-07,79.0,76.0
2626,2017-06-08,79.0,77.0
2627,2017-06-09,80.0,78.0
2628,2017-06-12,80.0,78.0
2629,2017-06-13,80.0,78.0
2630,2017-06-14,79.0,78.0
2631,2017-06-15,80.0,79.0
2632,2017-06-16,81.0,79.0
2633,2017-06-19,82.0,79.0
2634,2017-06-20,82.0,79.0
2635,2017-06-21,81.0,78.0
2636,2017-06-22,81.0,78.0
2637,2017-06-23,81.0,77.0
2638,2017-06-26,80.0,78.0
2639,2017-06-27,81.0,79.0
2640,2017-06-28,82.0,80.0
2641,2017-06-29,82.0,79.0
2642,2017-06-30,82.0,80.0
2643,2017-07-03,83.0,81.0
2644,2017-07-05,83.0,80.0
2645,2017-07-06,82.0,80.0
2646,2017-07-07,83.0,80.0
2647,2017-07-10,82.0,79.0
2648,2017-07-11,82.0,79.0
2649,2017-07-12,81.0,80.0
2650,2017-07-13,82.0,80.0
2651,2017-07-14,82.0,80.0
2652,2017-07-17,82.0,80.0
2653,2017-07-18,82.0,79.0
2654,2017-07-19,82.0,79.0
2655,2017-07-20,81.0,78.0
2656,2017-07-21,85.0,85.0
2657,2017-07-24,88.0,84.0
2658,2017-07-25,88.0,84.0
2659,2017-07-26,87.0,83.0
2660,2017-07-27,86.0,82.0
2661,2017-07-28,85.0,82.0
2662,2017-07-31,85.0,83.0
2663,2017-08-01,87.0,83.0
2664,2017-08-02,86.0,83.0
2665,2017-08-03,85.0,82.0
2666,2017-08-04,85.0,82.0
2667,2017-08-07,85.0,83.0
2668,2017-08-08,85.0,83.0
2669,2017-08-09,85.0,83.0
2670,2017-08-10,84.0,81.0
2671,2017-08-11,83.0,81.0
2672,2017-08-14,84.0,82.0
2673,2017-08-15,85.0,82.0
2674,2017-08-16,85.0,82.0
2675,2017-08-17,84.0,80.0
2676,2017-08-18,82.0,79.0
2677,2017-08-21,82.0,79.0
2678,2017-08-22,82.0,79.0
2679,2017-08-23,81.0,79.0
2680,2017-08-24,82.0,79.0
2681,2017-08-25,82.0,79.0
2682,2017-08-28,82.0,78.0
2683,2017-08-29,80.0,78.0
2684,2017-08-30,80.0,78.0
2685,2017-08-31,81.0,77.0
2686,2017-09-01,80.0,78.0
2687,2017-09-05,80.0,77.0
2688,2017-09-06,79.0,77.0
2689,2017-09-07,80.0,76.0
2690,2017-09-08,77.0,76.0
2691,2017-09-11,79.0,77.0
2692,2017-09-12,79.0,77.0
2693,2017-09-13,79.0,78.0
2694,2017-09-14,80.0,77.0
2695,2017-09-15,79.0,78.0
2696,2017-09-18,80.0,78.0
2697,2017-09-19,80.0,79.0
2698,2017-09-20,81.0,80.0
2699,2017-09-21,82.0,79.0
2700,2017-09-22,81.0,80.0
2701,2017-09-25,82.0,80.0
2702,2017-09-26,83.0,81.0
2703,2017-09-27,84.0,82.0
2704,2017-09-28,84.0,82.0
2705,2017-09-29,84.0,82.0
2706,2017-10-02,85.0,84.0
2707,2017-10-03,86.0,84.0
2708,2017-10-04,86.0,84.0
2709,2017-10-05,86.0,85.0
2710,2017-10-06,87.0,85.0
2711,2017-10-09,87.0,85.0
2712,2017-10-10,87.0,85.0
2713,2017-10-11,88.0,84.0
2714,2017-10-12,86.0,82.0
2715,2017-10-13,84.0,83.0
2716,2017-10-16,86.0,85.0
2717,2017-10-17,87.0,84.0
2718,2017-10-18,86.0,84.0
2719,2017-10-19,86.0,85.0
2720,2017-10-20,89.0,87.0
2721,2017-10-23,90.0,87.0
2722,2017-10-24,90.0,87.0
2723,2017-10-25,91.0,88.0
2724,2017-10-26,91.0,90.0
2725,2017-10-27,93.0,90.0
2726,2017-10-30,92.0,90.0
2727,2017-10-31,93.0,90.0
2728,2017-11-01,93.0,89.0
2729,2017-11-02,91.0,90.0
2730,2017-11-03,92.0,89.0
2731,2017-11-06,92.0,90.0
2732,2017-11-07,92.0,88.0
2733,2017-11-08,90.0,87.0
2734,2017-11-09,88.0,86.0
2735,2017-11-10,87.0,85.0
2736,2017-11-13,87.0,85.0
2737,2017-11-14,86.0,84.0
2738,2017-11-15,85.0,86.0
2739,2017-11-16,88.0,85.0
2740,2017-11-17,87.0,86.0
2741,2017-11-20,88.0,86.0
2742,2017-11-21,89.0,86.0
2743,2017-11-22,88.0,85.0
2744,2017-11-24,88.0,85.0
2745,2017-11-27,87.0,85.0
2746,2017-11-28,87.0,88.0
2747,2017-11-29,91.0,89.0
2748,2017-11-30,92.0,90.0
2749,2017-12-01,92.0,91.0
2750,2017-12-04,94.0,93.0
2751,2017-12-05,94.0,92.0
2752,2017-12-06,94.0,92.0
2753,2017-12-07,94.0,93.0
2754,2017-12-08,96.0,94.0
2755,2017-12-11,96.0,94.0
2756,2017-12-12,96.0,94.0
2757,2017-12-13,96.0,93.0
2758,2017-12-14,95.0,92.0
2759,2017-12-15,95.0,94.0
2760,2017-12-18,98.0,97.0
2761,2017-12-19,100.0,97.0
2762,2017-12-20,99.0,96.0
2763,2017-12-21,99.0,97.0
2764,2017-12-22,100.0,98.0
2765,2017-12-26,100.0,98.0
2766,2017-12-27,100.0,98.0
2767,2017-12-28,100.0,98.0
2768,2017-12-29,101.0,97.0
2769,2018-01-02,100.0,97.0
2770,2018-01-03,100.0,97.0
2771,2018-01-04,100.0,99.0
2772,2018-01-05,102.0,99.0
2773,2018-01-08,101.0,99.0
2774,2018-01-09,101.0,99.0
2775,2018-01-10,102.0,101.0
2776,2018-01-11,103.0,102.0
2777,2018-01-12,105.0,103.0
2778,2018-01-16,106.0,102.0
2779,2018-01-17,105.0,102.0
2780,2018-01-18,104.0,101.0
2781,2018-01-19,103.0,102.0
2782,2018-01-22,104.0,103.0
2783,2018-01-23,105.0,103.0
2784,2018-01-24,104.0,103.0
2785,2018-01-25,106.0,102.0
2786,2018-01-26,105.0,103.0
2787,2018-01-29,105.0,102.0
2788,2018-01-30,104.0,101.0
2789,2018-01-31,104.0,102.0
2790,2018-02-01,104.0,102.0
2791,2018-02-02,104.0,99.0
2792,2018-02-05,101.0,95.0
2793,2018-02-06,95.0,96.0
2794,2018-02-07,98.0,96.0
2795,2018-02-08,98.0,90.0
2796,2018-02-09,92.0,90.0
2797,2018-02-12,93.0,93.0
2798,2018-02-13,95.0,94.0
2799,2018-02-14,95.0,96.0
2800,2018-02-15,98.0,97.0
2801,2018-02-16,98.0,98.0
2802,2018-02-20,99.0,97.0
2803,2018-02-21,98.0,96.0
2804,2018-02-22,98.0,95.0
2805,2018-02-23,97.0,97.0
2806,2018-02-26,99.0,99.0
2807,2018-02-27,101.0,97.0
2808,2018-02-28,100.0,96.0
2809,2018-03-01,98.0,95.0
2810,2018-03-02,96.0,95.0
2811,2018-03-05,96.0,96.0
2812,2018-03-06,98.0,96.0
2813,2018-03-07,97.0,96.0
2814,2018-03-08,98.0,96.0
2815,2018-03-09,99.0,99.0
2816,2018-03-12,101.0,99.0
2817,2018-03-13,101.0,97.0
2818,2018-03-14,99.0,95.0
2819,2018-03-15,98.0,96.0
2820,2018-03-16,98.0,98.0
2821,2018-03-19,99.0,97.0
2822,2018-03-20,99.0,97.0
2823,2018-03-21,99.0,96.0
2824,2018-03-22,97.0,93.0
2825,2018-03-23,95.0,91.0
2826,2018-03-26,94.0,93.0
2827,2018-03-27,96.0,92.0
2828,2018-03-28,94.0,93.0
2829,2018-03-29,95.0,94.0
2830,2018-04-02,96.0,92.0
2831,2018-04-03,94.0,94.0
2832,2018-04-04,94.0,95.0
2833,2018-04-05,97.0,96.0
2834,2018-04-06,97.0,93.0
2835,2018-04-09,95.0,94.0
2836,2018-04-10,97.0,95.0
2837,2018-04-11,96.0,94.0
2838,2018-04-12,96.0,95.0
2839,2018-04-13,98.0,95.0
2840,2018-04-16,97.0,95.0
2841,2018-04-17,98.0,96.0
2842,2018-04-18,98.0,95.0
2843,2018-04-19,97.0,97.0
2844,2018-04-20,99.0,96.0
2845,2018-04-23,98.0,96.0
2846,2018-04-24,98.0,96.0
2847,2018-04-25,94.0,91.0
2848,2018-04-26,93.0,90.0
2849,2018-04-27,92.0,90.0
2850,2018-04-30,92.0,89.0
2851,2018-05-01,90.0,88.0
2852,2018-05-02,90.0,88.0
2853,2018-05-03,89.0,86.0
2854,2018-05-04,87.0,87.0
2855,2018-05-07,89.0,87.0
2856,2018-05-08,90.0,89.0
2857,2018-05-09,91.0,90.0
2858,2018-05-10,92.0,91.0
2859,2018-05-11,92.0,91.0
2860,2018-05-14,93.0,92.0
2861,2018-05-15,93.0,93.0
2862,2018-05-16,95.0,94.0
2863,2018-05-17,96.0,95.0
2864,2018-05-18,97.0,95.0
2865,2018-05-21,97.0,95.0
2866,2018-05-22,97.0,95.0
2867,2018-05-23,96.0,94.0
2868,2018-05-24,95.0,94.0
2869,2018-05-25,95.0,94.0
2870,2018-05-29,93.0,90.0
2871,2018-05-30,92.0,92.0
2872,2018-05-31,93.0,93.0
2873,2018-06-01,95.0,93.0
2874,2018-06-04,95.0,94.0
2875,2018-06-05,95.0,93.0
2876,2018-06-06,95.0,95.0
2877,2018-06-07,97.0,95.0
2878,2018-06-08,97.0,96.0
2879,2018-06-11,97.0,95.0
2880,2018-06-12,97.0,95.0
2881,2018-06-13,96.0,95.0
2882,2018-06-14,98.0,95.0
2883,2018-06-15,97.0,96.0
2884,2018-06-18,96.0,96.0
2885,2018-06-19,96.0,95.0
2886,2018-06-20,97.0,94.0
2887,2018-06-21,95.0,94.0
2888,2018-06-22,96.0,94.0
2889,2018-06-25,95.0,93.0
2890,2018-06-26,95.0,92.0
2891,2018-06-27,94.0,91.0
2892,2018-06-28,92.0,91.0
2893,2018-06-29,93.0,91.0
2894,2018-07-02,92.0,93.0
2895,2018-07-03,94.0,92.0
2896,2018-07-05,93.0,91.0
2897,2018-07-06,93.0,92.0
2898,2018-07-09,95.0,95.0
2899,2018-07-10,97.0,95.0
2900,2018-07-11,95.0,94.0
2901,2018-07-12,96.0,94.0
2902,2018-07-13,95.0,93.0
2903,2018-07-16,95.0,95.0
2904,2018-07-17,96.0,95.0
2905,2018-07-18,96.0,96.0
2906,2018-07-19,96.0,94.0
2907,2018-07-20,98.0,96.0
2908,2018-07-23,97.0,98.0
2909,2018-07-24,100.0,98.0
2910,2018-07-25,99.0,98.0
2911,2018-07-26,99.0,95.0
2912,2018-07-27,97.0,93.0
2913,2018-07-30,94.0,92.0
2914,2018-07-31,94.0,93.0
2915,2018-08-01,95.0,94.0
2916,2018-08-02,95.0,94.0
2917,2018-08-03,96.0,96.0
2918,2018-08-06,97.0,96.0
2919,2018-08-07,97.0,96.0
2920,2018-08-08,97.0,97.0
2921,2018-08-09,98.0,97.0
2922,2018-08-10,97.0,95.0
2923,2018-08-13,96.0,95.0
2924,2018-08-14,96.0,97.0
2925,2018-08-15,97.0,96.0
2926,2018-08-16,98.0,98.0
2927,2018-08-17,99.0,98.0
2928,2018-08-20,99.0,99.0
2929,2018-08-21,100.0,100.0
2930,2018-08-22,100.0,100.0
2931,2018-08-23,101.0,99.0
2932,2018-08-24,100.0,99.0
2933,2018-08-27,100.0,100.0
2934,2018-08-28,101.0,100.0
2935,2018-08-29,101.0,99.0
2936,2018-08-30,100.0,98.0
2937,2018-08-31,99.0,98.0
2938,2018-09-04,99.0,99.0
2939,2018-09-05,100.0,99.0
2940,2018-09-06,100.0,97.0
2941,2018-09-07,98.0,97.0
2942,2018-09-10,99.0,98.0
2943,2018-09-11,98.0,98.0
2944,2018-09-12,99.0,96.0
2945,2018-09-13,98.0,96.0
2946,2018-09-14,97.0,97.0
2947,2018-09-17,98.0,96.0
2948,2018-09-18,98.0,96.0
2949,2018-09-19,97.0,98.0
2950,2018-09-20,100.0,98.0
2951,2018-09-21,99.0,98.0
2952,2018-09-24,99.0,97.0
2953,2018-09-25,98.0,97.0
2954,2018-09-26,98.0,95.0
2955,2018-09-27,96.0,95.0
2956,2018-09-28,95.0,94.0
2957,2018-10-01,96.0,94.0
2958,2018-10-02,95.0,95.0
2959,2018-10-03,96.0,96.0
2960,2018-10-04,97.0,96.0
2961,2018-10-05,97.0,95.0
2962,2018-10-08,96.0,96.0
2963,2018-10-09,96.0,95.0
2964,2018-10-10,96.0,93.0
2965,2018-10-11,93.0,90.0
2966,2018-10-12,93.0,90.0
2967,2018-10-15,91.0,90.0
2968,2018-10-16,91.0,91.0
2969,2018-10-17,92.0,91.0
2970,2018-10-18,91.0,89.0
2971,2018-10-19,90.0,91.0
2972,2018-10-22,91.0,88.0
2973,2018-10-23,87.0,86.0
2974,2018-10-24,88.0,85.0
2975,2018-10-25,87.0,87.0
2976,2018-10-26,87.0,85.0
2977,2018-10-29,87.0,86.0
2978,2018-10-30,87.0,87.0
2979,2018-10-31,89.0,88.0
2980,2018-11-01,89.0,88.0
2981,2018-11-02,89.0,86.0
2982,2018-11-05,88.0,87.0
2983,2018-11-06,88.0,88.0
2984,2018-11-07,90.0,90.0
2985,2018-11-08,90.0,90.0
2986,2018-11-09,90.0,90.0
2987,2018-11-12,90.0,89.0
2988,2018-11-13,90.0,89.0
2989,2018-11-14,91.0,88.0
2990,2018-11-15,88.0,89.0
2991,2018-11-16,89.0,87.0
2992,2018-11-19,88.0,87.0
2993,2018-11-20,87.0,86.0
2994,2018-11-21,86.0,86.0
2995,2018-11-23,86.0,85.0
2996,2018-11-26,87.0,88.0
2997,2018-11-27,88.0,88.0
2998,2018-11-28,89.0,90.0
2999,2018-11-29,90.0,88.0
3000,2018-11-30,89.0,89.0
3001,2018-12-03,91.0,90.0
3002,2018-12-04,90.0,84.0
3003,2018-12-06,83.0,84.0
3004,2018-12-07,85.0,82.0
3005,2018-12-10,83.0,82.0
3006,2018-12-11,84.0,81.0
3007,2018-12-12,83.0,82.0
3008,2018-12-13,82.0,80.0
3009,2018-12-14,80.0,78.0
3010,2018-12-17,78.0,77.0
3011,2018-12-18,78.0,76.0
3012,2018-12-19,76.0,74.0
3013,2018-12-20,74.0,74.0
3014,2018-12-21,74.0,72.0
3015,2018-12-24,71.0,70.0
3016,2018-12-26,71.0,74.0
3017,2018-12-27,73.0,75.0
3018,2018-12-28,75.0,74.0
3019,2018-12-31,75.0,75.0
3020,2019-01-02,74.0,77.0
3021,2019-01-03,77.0,76.0
3022,2019-01-04,78.0,79.0
3023,2019-01-07,79.0,80.0
3024,2019-01-08,81.0,80.0
3025,2019-01-09,81.0,80.0
3026,2019-01-10,80.0,80.0
3027,2019-01-11,79.0,81.0
3028,2019-01-14,80.0,81.0
3029,2019-01-15,81.0,81.0
3030,2019-01-16,82.0,83.0
3031,2019-01-17,83.0,83.0
3032,2019-01-18,84.0,85.0
3033,2019-01-22,84.0,83.0
3034,2019-01-23,80.0,78.0
3035,2019-01-24,78.0,80.0
3036,2019-01-25,81.0,79.0
3037,2019-01-28,79.0,79.0
3038,2019-01-29,80.0,79.0
3039,2019-01-30,80.0,80.0
3040,2019-01-31,80.0,80.0
3041,2019-02-01,81.0,80.0
3042,2019-02-04,81.0,81.0
3043,2019-02-05,82.0,80.0
3044,2019-02-06,81.0,80.0
3045,2019-02-07,80.0,79.0
3046,2019-02-08,78.0,78.0
3047,2019-02-11,78.0,78.0
3048,2019-02-12,79.0,80.0
3049,2019-02-13,80.0,80.0
3050,2019-02-14,79.0,80.0
3051,2019-02-15,80.0,82.0
3052,2019-02-19,82.0,82.0
3053,2019-02-20,82.0,83.0
3054,2019-02-21,83.0,82.0
3055,2019-02-22,82.0,81.0
