,Date,Open,Close
0,2007-01-03,56.0,55.0
1,2007-01-04,55.0,56.0
2,2007-01-05,56.0,56.0
3,2007-01-08,56.0,56.0
4,2007-01-09,56.0,57.0
5,2007-01-10,57.0,58.0
6,2007-01-11,58.0,59.0
7,2007-01-12,59.0,59.0
8,2007-01-16,59.0,59.0
9,2007-01-17,59.0,58.0
10,2007-01-18,59.0,59.0
11,2007-01-19,59.0,59.0
12,2007-01-22,59.0,58.0
13,2007-01-23,58.0,58.0
14,2007-01-24,58.0,59.0
15,2007-01-25,59.0,59.0
16,2007-01-26,59.0,61.0
17,2007-01-29,61.0,62.0
18,2007-01-30,61.0,62.0
19,2007-01-31,62.0,62.0
20,2007-02-01,64.0,62.0
21,2007-02-02,63.0,62.0
22,2007-02-05,62.0,62.0
23,2007-02-06,62.0,62.0
24,2007-02-07,62.0,62.0
25,2007-02-08,62.0,63.0
26,2007-02-09,62.0,62.0
27,2007-02-12,62.0,62.0
28,2007-02-13,62.0,63.0
29,2007-02-14,63.0,62.0
30,2007-02-15,62.0,62.0
31,2007-02-16,63.0,62.0
32,2007-02-20,62.0,62.0
33,2007-02-21,62.0,62.0
34,2007-02-22,62.0,63.0
35,2007-02-23,64.0,64.0
36,2007-02-26,63.0,62.0
37,2007-02-27,62.0,61.0
38,2007-02-28,60.0,62.0
39,2007-03-01,60.0,61.0
40,2007-03-02,61.0,61.0
41,2007-03-05,60.0,61.0
42,2007-03-06,61.0,62.0
43,2007-03-07,62.0,62.0
44,2007-03-08,62.0,63.0
45,2007-03-09,63.0,63.0
46,2007-03-12,63.0,64.0
47,2007-03-13,64.0,64.0
48,2007-03-14,64.0,64.0
49,2007-03-15,64.0,65.0
50,2007-03-16,65.0,65.0
51,2007-03-19,66.0,66.0
52,2007-03-20,65.0,67.0
53,2007-03-21,67.0,67.0
54,2007-03-22,67.0,66.0
55,2007-03-23,66.0,65.0
56,2007-03-26,65.0,66.0
57,2007-03-27,65.0,66.0
58,2007-03-28,65.0,66.0
59,2007-03-29,66.0,66.0
60,2007-03-30,66.0,66.0
61,2007-04-02,66.0,67.0
62,2007-04-03,68.0,68.0
63,2007-04-04,68.0,68.0
64,2007-04-05,68.0,68.0
65,2007-04-09,68.0,68.0
66,2007-04-10,68.0,68.0
67,2007-04-11,68.0,68.0
68,2007-04-12,68.0,68.0
69,2007-04-13,68.0,68.0
70,2007-04-16,68.0,69.0
71,2007-04-17,69.0,70.0
72,2007-04-18,70.0,69.0
73,2007-04-19,68.0,66.0
74,2007-04-20,67.0,67.0
75,2007-04-23,67.0,67.0
76,2007-04-24,67.0,67.0
77,2007-04-25,67.0,67.0
78,2007-04-26,67.0,66.0
79,2007-04-27,66.0,65.0
80,2007-04-30,66.0,65.0
81,2007-05-01,65.0,65.0
82,2007-05-02,65.0,65.0
83,2007-05-03,65.0,65.0
84,2007-05-04,66.0,66.0
85,2007-05-07,66.0,66.0
86,2007-05-08,66.0,66.0
87,2007-05-09,65.0,65.0
88,2007-05-10,65.0,65.0
89,2007-05-11,65.0,65.0
90,2007-05-14,64.0,64.0
91,2007-05-15,64.0,64.0
92,2007-05-16,64.0,66.0
93,2007-05-17,66.0,67.0
94,2007-05-18,67.0,67.0
95,2007-05-21,68.0,67.0
96,2007-05-22,67.0,67.0
97,2007-05-23,68.0,67.0
98,2007-05-24,67.0,67.0
99,2007-05-25,67.0,67.0
100,2007-05-29,67.0,67.0
101,2007-05-30,66.0,67.0
102,2007-05-31,67.0,67.0
103,2007-06-01,67.0,67.0
104,2007-06-04,67.0,68.0
105,2007-06-05,68.0,67.0
106,2007-06-06,67.0,67.0
107,2007-06-07,66.0,65.0
108,2007-06-08,65.0,65.0
109,2007-06-11,65.0,65.0
110,2007-06-12,65.0,64.0
111,2007-06-13,64.0,65.0
112,2007-06-14,65.0,65.0
113,2007-06-15,65.0,66.0
114,2007-06-18,66.0,66.0
115,2007-06-19,66.0,66.0
116,2007-06-20,66.0,65.0
117,2007-06-21,65.0,65.0
118,2007-06-22,65.0,64.0
119,2007-06-25,63.0,63.0
120,2007-06-26,63.0,64.0
121,2007-06-27,64.0,64.0
122,2007-06-28,61.0,64.0
123,2007-06-29,64.0,63.0
124,2007-07-02,63.0,63.0
125,2007-07-03,64.0,64.0
126,2007-07-05,63.0,64.0
127,2007-07-06,64.0,65.0
128,2007-07-09,65.0,65.0
129,2007-07-10,65.0,64.0
130,2007-07-11,64.0,65.0
131,2007-07-12,65.0,67.0
132,2007-07-13,66.0,67.0
133,2007-07-16,67.0,67.0
134,2007-07-17,67.0,68.0
135,2007-07-18,68.0,67.0
136,2007-07-19,67.0,68.0
137,2007-07-20,68.0,67.0
138,2007-07-23,67.0,67.0
139,2007-07-24,67.0,67.0
140,2007-07-25,67.0,66.0
141,2007-07-26,65.0,64.0
142,2007-07-27,64.0,63.0
143,2007-07-30,63.0,64.0
144,2007-07-31,64.0,62.0
145,2007-08-01,63.0,63.0
146,2007-08-02,63.0,64.0
147,2007-08-03,64.0,62.0
148,2007-08-06,63.0,65.0
149,2007-08-07,65.0,67.0
150,2007-08-08,66.0,69.0
151,2007-08-09,69.0,68.0
152,2007-08-10,68.0,66.0
153,2007-08-13,66.0,65.0
154,2007-08-14,65.0,64.0
155,2007-08-15,64.0,64.0
156,2007-08-16,64.0,65.0
157,2007-08-17,66.0,67.0
158,2007-08-20,67.0,67.0
159,2007-08-21,67.0,66.0
160,2007-08-22,67.0,67.0
161,2007-08-23,68.0,67.0
162,2007-08-24,67.0,67.0
163,2007-08-27,67.0,67.0
164,2007-08-28,67.0,66.0
165,2007-08-29,66.0,67.0
166,2007-08-30,66.0,67.0
167,2007-08-31,67.0,67.0
168,2007-09-04,67.0,67.0
169,2007-09-05,67.0,67.0
170,2007-09-06,66.0,68.0
171,2007-09-07,68.0,67.0
172,2007-09-10,68.0,68.0
173,2007-09-11,68.0,69.0
174,2007-09-12,69.0,69.0
175,2007-09-13,69.0,69.0
176,2007-09-14,69.0,70.0
177,2007-09-17,70.0,67.0
178,2007-09-18,68.0,68.0
179,2007-09-19,68.0,69.0
180,2007-09-20,68.0,68.0
181,2007-09-21,68.0,68.0
182,2007-09-24,68.0,67.0
183,2007-09-25,67.0,68.0
184,2007-09-26,68.0,68.0
185,2007-09-27,68.0,69.0
186,2007-09-28,69.0,69.0
187,2007-10-01,69.0,70.0
188,2007-10-02,70.0,71.0
189,2007-10-03,70.0,72.0
190,2007-10-04,72.0,73.0
191,2007-10-05,73.0,73.0
192,2007-10-08,73.0,72.0
193,2007-10-09,73.0,73.0
194,2007-10-10,73.0,73.0
195,2007-10-11,75.0,73.0
196,2007-10-12,73.0,74.0
197,2007-10-15,74.0,73.0
198,2007-10-16,72.0,72.0
199,2007-10-17,73.0,72.0
200,2007-10-18,73.0,74.0
201,2007-10-19,74.0,72.0
202,2007-10-22,72.0,71.0
203,2007-10-23,72.0,72.0
204,2007-10-24,71.0,72.0
205,2007-10-25,70.0,71.0
206,2007-10-26,71.0,71.0
207,2007-10-29,72.0,71.0
208,2007-10-30,71.0,71.0
209,2007-10-31,71.0,71.0
210,2007-11-01,71.0,70.0
211,2007-11-02,73.0,70.0
212,2007-11-05,69.0,70.0
213,2007-11-06,70.0,70.0
214,2007-11-07,69.0,68.0
215,2007-11-08,68.0,69.0
216,2007-11-09,68.0,70.0
217,2007-11-12,70.0,70.0
218,2007-11-13,71.0,71.0
219,2007-11-14,71.0,71.0
220,2007-11-15,70.0,71.0
221,2007-11-16,71.0,70.0
222,2007-11-19,69.0,70.0
223,2007-11-20,70.0,72.0
224,2007-11-21,71.0,70.0
225,2007-11-23,71.0,71.0
226,2007-11-26,71.0,70.0
227,2007-11-27,70.0,72.0
228,2007-11-28,72.0,73.0
229,2007-11-29,72.0,72.0
230,2007-11-30,73.0,73.0
231,2007-12-03,72.0,73.0
232,2007-12-04,72.0,73.0
233,2007-12-05,74.0,74.0
234,2007-12-06,74.0,75.0
235,2007-12-07,75.0,75.0
236,2007-12-10,75.0,75.0
237,2007-12-11,75.0,74.0
238,2007-12-12,75.0,75.0
239,2007-12-13,74.0,75.0
240,2007-12-14,75.0,74.0
241,2007-12-17,75.0,73.0
242,2007-12-18,74.0,74.0
243,2007-12-19,74.0,75.0
244,2007-12-20,75.0,75.0
245,2007-12-21,76.0,76.0
246,2007-12-24,77.0,76.0
247,2007-12-26,77.0,76.0
248,2007-12-27,76.0,75.0
249,2007-12-28,76.0,76.0
250,2007-12-31,76.0,75.0
251,2008-01-02,75.0,74.0
252,2008-01-03,74.0,74.0
253,2008-01-04,73.0,72.0
254,2008-01-07,73.0,73.0
255,2008-01-08,73.0,72.0
256,2008-01-09,72.0,71.0
257,2008-01-10,70.0,70.0
258,2008-01-11,69.0,72.0
259,2008-01-14,73.0,72.0
260,2008-01-15,70.0,71.0
261,2008-01-16,71.0,70.0
262,2008-01-17,71.0,69.0
263,2008-01-18,69.0,66.0
264,2008-01-22,62.0,65.0
265,2008-01-23,64.0,67.0
266,2008-01-24,69.0,68.0
267,2008-01-25,69.0,66.0
268,2008-01-28,66.0,66.0
269,2008-01-29,68.0,67.0
270,2008-01-30,67.0,67.0
271,2008-01-31,66.0,67.0
272,2008-02-01,67.0,68.0
273,2008-02-04,68.0,68.0
274,2008-02-05,67.0,66.0
275,2008-02-06,66.0,66.0
276,2008-02-07,66.0,68.0
277,2008-02-08,68.0,68.0
278,2008-02-11,68.0,68.0
279,2008-02-12,68.0,69.0
280,2008-02-13,69.0,70.0
281,2008-02-14,70.0,69.0
282,2008-02-15,69.0,68.0
283,2008-02-19,69.0,69.0
284,2008-02-20,68.0,67.0
285,2008-02-21,67.0,67.0
286,2008-02-22,67.0,67.0
287,2008-02-25,66.0,68.0
288,2008-02-26,67.0,68.0
289,2008-02-27,67.0,66.0
290,2008-02-28,66.0,66.0
291,2008-02-29,65.0,65.0
292,2008-03-03,65.0,65.0
293,2008-03-04,65.0,66.0
294,2008-03-05,66.0,66.0
295,2008-03-06,65.0,65.0
296,2008-03-07,64.0,63.0
297,2008-03-10,63.0,60.0
298,2008-03-11,61.0,61.0
299,2008-03-12,61.0,61.0
300,2008-03-13,60.0,60.0
301,2008-03-14,60.0,61.0
302,2008-03-17,60.0,60.0
303,2008-03-18,61.0,63.0
304,2008-03-19,63.0,62.0
305,2008-03-20,62.0,64.0
306,2008-03-24,65.0,65.0
307,2008-03-25,65.0,66.0
308,2008-03-26,65.0,64.0
309,2008-03-27,65.0,65.0
310,2008-03-28,65.0,65.0
311,2008-03-31,65.0,65.0
312,2008-04-01,65.0,67.0
313,2008-04-02,67.0,67.0
314,2008-04-03,66.0,66.0
315,2008-04-04,66.0,66.0
316,2008-04-07,66.0,66.0
317,2008-04-08,66.0,66.0
318,2008-04-09,66.0,66.0
319,2008-04-10,66.0,66.0
320,2008-04-11,65.0,64.0
321,2008-04-14,64.0,64.0
322,2008-04-15,64.0,63.0
323,2008-04-16,64.0,63.0
324,2008-04-17,63.0,64.0
325,2008-04-18,66.0,65.0
326,2008-04-21,65.0,65.0
327,2008-04-22,64.0,64.0
328,2008-04-23,64.0,65.0
329,2008-04-24,65.0,64.0
330,2008-04-25,64.0,64.0
331,2008-04-28,64.0,64.0
332,2008-04-29,64.0,65.0
333,2008-04-30,66.0,65.0
334,2008-05-01,64.0,66.0
335,2008-05-02,66.0,64.0
336,2008-05-05,64.0,62.0
337,2008-05-06,62.0,63.0
338,2008-05-07,63.0,62.0
339,2008-05-08,62.0,65.0
340,2008-05-09,64.0,64.0
341,2008-05-12,64.0,64.0
342,2008-05-13,64.0,64.0
343,2008-05-14,64.0,64.0
344,2008-05-15,64.0,63.0
345,2008-05-16,63.0,63.0
346,2008-05-19,63.0,63.0
347,2008-05-20,62.0,62.0
348,2008-05-21,62.0,62.0
349,2008-05-22,62.0,63.0
350,2008-05-23,63.0,62.0
351,2008-05-27,62.0,63.0
352,2008-05-28,63.0,63.0
353,2008-05-29,63.0,64.0
354,2008-05-30,64.0,65.0
355,2008-06-02,64.0,63.0
356,2008-06-03,63.0,64.0
357,2008-06-04,63.0,65.0
358,2008-06-05,65.0,66.0
359,2008-06-06,65.0,64.0
360,2008-06-09,64.0,64.0
361,2008-06-10,63.0,64.0
362,2008-06-11,63.0,63.0
363,2008-06-12,63.0,63.0
364,2008-06-13,64.0,65.0
365,2008-06-16,64.0,65.0
366,2008-06-17,65.0,64.0
367,2008-06-18,64.0,63.0
368,2008-06-19,63.0,64.0
369,2008-06-20,64.0,63.0
370,2008-06-23,63.0,63.0
371,2008-06-24,62.0,62.0
372,2008-06-25,62.0,63.0
373,2008-06-26,62.0,62.0
374,2008-06-27,61.0,62.0
375,2008-06-30,62.0,63.0
376,2008-07-01,62.0,62.0
377,2008-07-02,63.0,63.0
378,2008-07-03,63.0,62.0
379,2008-07-07,63.0,62.0
380,2008-07-08,62.0,63.0
381,2008-07-09,63.0,64.0
382,2008-07-10,64.0,66.0
383,2008-07-11,65.0,66.0
384,2008-07-14,66.0,65.0
385,2008-07-15,66.0,67.0
386,2008-07-16,67.0,68.0
387,2008-07-17,69.0,68.0
388,2008-07-18,66.0,65.0
389,2008-07-21,66.0,65.0
390,2008-07-22,65.0,66.0
391,2008-07-23,65.0,64.0
392,2008-07-24,65.0,65.0
393,2008-07-25,65.0,65.0
394,2008-07-28,65.0,64.0
395,2008-07-29,64.0,64.0
396,2008-07-30,64.0,65.0
397,2008-07-31,64.0,64.0
398,2008-08-01,64.0,63.0
399,2008-08-04,63.0,64.0
400,2008-08-05,65.0,66.0
401,2008-08-06,66.0,66.0
402,2008-08-07,66.0,65.0
403,2008-08-08,65.0,67.0
404,2008-08-11,67.0,67.0
405,2008-08-12,67.0,67.0
406,2008-08-13,66.0,67.0
407,2008-08-14,66.0,67.0
408,2008-08-15,67.0,67.0
409,2008-08-18,67.0,67.0
410,2008-08-19,67.0,67.0
411,2008-08-20,68.0,67.0
412,2008-08-21,66.0,67.0
413,2008-08-22,67.0,68.0
414,2008-08-25,68.0,67.0
415,2008-08-26,67.0,67.0
416,2008-08-27,67.0,67.0
417,2008-08-28,67.0,68.0
418,2008-08-29,68.0,67.0
419,2008-09-02,68.0,67.0
420,2008-09-03,67.0,67.0
421,2008-09-04,67.0,66.0
422,2008-09-05,66.0,65.0
423,2008-09-08,66.0,67.0
424,2008-09-09,67.0,67.0
425,2008-09-10,67.0,65.0
426,2008-09-11,65.0,65.0
427,2008-09-12,65.0,64.0
428,2008-09-15,63.0,63.0
429,2008-09-16,63.0,63.0
430,2008-09-17,62.0,62.0
431,2008-09-18,62.0,63.0
432,2008-09-19,64.0,64.0
433,2008-09-22,63.0,64.0
434,2008-09-23,64.0,64.0
435,2008-09-24,64.0,64.0
436,2008-09-25,64.0,64.0
437,2008-09-26,64.0,64.0
438,2008-09-29,64.0,61.0
439,2008-09-30,62.0,62.0
440,2008-10-01,62.0,63.0
441,2008-10-02,63.0,62.0
442,2008-10-03,62.0,61.0
443,2008-10-06,60.0,57.0
444,2008-10-07,58.0,57.0
445,2008-10-08,55.0,55.0
446,2008-10-09,56.0,52.0
447,2008-10-10,50.0,51.0
448,2008-10-13,53.0,59.0
449,2008-10-14,60.0,60.0
450,2008-10-15,59.0,53.0
451,2008-10-16,54.0,55.0
452,2008-10-17,53.0,52.0
453,2008-10-20,53.0,54.0
454,2008-10-21,53.0,51.0
455,2008-10-22,51.0,49.0
456,2008-10-23,48.0,48.0
457,2008-10-24,46.0,48.0
458,2008-10-27,47.0,48.0
459,2008-10-28,49.0,51.0
460,2008-10-29,51.0,51.0
461,2008-10-30,52.0,53.0
462,2008-10-31,52.0,53.0
463,2008-11-03,54.0,54.0
464,2008-11-04,55.0,55.0
465,2008-11-05,55.0,53.0
466,2008-11-06,53.0,51.0
467,2008-11-07,51.0,51.0
468,2008-11-10,52.0,50.0
469,2008-11-11,49.0,49.0
470,2008-11-12,48.0,48.0
471,2008-11-13,48.0,48.0
472,2008-11-14,47.0,45.0
473,2008-11-17,44.0,44.0
474,2008-11-18,44.0,41.0
475,2008-11-19,41.0,39.0
476,2008-11-20,39.0,36.0
477,2008-11-21,36.0,37.0
478,2008-11-24,38.0,39.0
479,2008-11-25,40.0,38.0
480,2008-11-26,37.0,39.0
481,2008-11-28,38.0,39.0
482,2008-12-01,39.0,37.0
483,2008-12-02,37.0,38.0
484,2008-12-03,37.0,38.0
485,2008-12-04,37.0,37.0
486,2008-12-05,37.0,39.0
487,2008-12-08,40.0,42.0
488,2008-12-09,41.0,40.0
489,2008-12-10,40.0,41.0
490,2008-12-11,40.0,40.0
491,2008-12-12,39.0,40.0
492,2008-12-15,40.0,39.0
493,2008-12-16,40.0,41.0
494,2008-12-17,40.0,40.0
495,2008-12-18,40.0,40.0
496,2008-12-19,39.0,39.0
497,2008-12-22,41.0,40.0
498,2008-12-23,41.0,40.0
499,2008-12-24,40.0,40.0
500,2008-12-26,40.0,40.0
501,2008-12-29,40.0,39.0
502,2008-12-30,39.0,39.0
503,2008-12-31,40.0,40.0
504,2009-01-02,40.0,41.0
505,2009-01-05,41.0,41.0
506,2009-01-06,40.0,39.0
507,2009-01-07,38.0,38.0
508,2009-01-08,38.0,39.0
509,2009-01-09,40.0,41.0
510,2009-01-12,41.0,40.0
511,2009-01-13,40.0,40.0
512,2009-01-14,40.0,41.0
513,2009-01-15,41.0,41.0
514,2009-01-16,41.0,41.0
515,2009-01-20,41.0,40.0
516,2009-01-21,40.0,41.0
517,2009-01-22,40.0,41.0
518,2009-01-23,40.0,39.0
519,2009-01-26,39.0,40.0
520,2009-01-27,40.0,41.0
521,2009-01-28,43.0,43.0
522,2009-01-29,42.0,42.0
523,2009-01-30,42.0,42.0
524,2009-02-02,42.0,42.0
525,2009-02-03,42.0,42.0
526,2009-02-04,42.0,42.0
527,2009-02-05,42.0,42.0
528,2009-02-06,42.0,43.0
529,2009-02-09,43.0,42.0
530,2009-02-10,42.0,41.0
531,2009-02-11,42.0,42.0
532,2009-02-12,41.0,43.0
533,2009-02-13,43.0,43.0
534,2009-02-17,42.0,42.0
535,2009-02-18,42.0,42.0
536,2009-02-19,42.0,41.0
537,2009-02-20,40.0,40.0
538,2009-02-23,40.0,39.0
539,2009-02-24,39.0,39.0
540,2009-02-25,38.0,39.0
541,2009-02-26,40.0,36.0
542,2009-02-27,36.0,34.0
543,2009-03-02,33.0,33.0
544,2009-03-03,33.0,33.0
545,2009-03-04,34.0,34.0
546,2009-03-05,34.0,32.0
547,2009-03-06,32.0,32.0
548,2009-03-09,32.0,31.0
549,2009-03-10,32.0,32.0
550,2009-03-11,31.0,31.0
551,2009-03-12,31.0,33.0
552,2009-03-13,33.0,34.0
553,2009-03-16,34.0,34.0
554,2009-03-17,33.0,34.0
555,2009-03-18,33.0,33.0
556,2009-03-19,34.0,32.0
557,2009-03-20,31.0,32.0
558,2009-03-23,32.0,33.0
559,2009-03-24,32.0,33.0
560,2009-03-25,33.0,34.0
561,2009-03-26,34.0,35.0
562,2009-03-27,35.0,34.0
563,2009-03-30,34.0,33.0
564,2009-03-31,34.0,34.0
565,2009-04-01,34.0,33.0
566,2009-04-02,34.0,34.0
567,2009-04-03,34.0,33.0
568,2009-04-06,33.0,34.0
569,2009-04-07,33.0,33.0
570,2009-04-08,33.0,34.0
571,2009-04-09,35.0,35.0
572,2009-04-13,35.0,35.0
573,2009-04-14,35.0,36.0
574,2009-04-15,36.0,36.0
575,2009-04-16,37.0,37.0
576,2009-04-17,37.0,38.0
577,2009-04-20,39.0,37.0
578,2009-04-21,37.0,37.0
579,2009-04-22,37.0,37.0
580,2009-04-23,38.0,37.0
581,2009-04-24,37.0,39.0
582,2009-04-27,38.0,39.0
583,2009-04-28,38.0,38.0
584,2009-04-29,38.0,39.0
585,2009-04-30,39.0,39.0
586,2009-05-01,39.0,38.0
587,2009-05-04,39.0,40.0
588,2009-05-05,40.0,40.0
589,2009-05-06,40.0,40.0
590,2009-05-07,41.0,41.0
591,2009-05-08,41.0,42.0
592,2009-05-11,41.0,41.0
593,2009-05-12,40.0,40.0
594,2009-05-13,40.0,39.0
595,2009-05-14,39.0,39.0
596,2009-05-15,39.0,39.0
597,2009-05-18,39.0,39.0
598,2009-05-19,39.0,39.0
599,2009-05-20,40.0,40.0
600,2009-05-21,39.0,39.0
601,2009-05-22,39.0,38.0
602,2009-05-26,38.0,39.0
603,2009-05-27,39.0,38.0
604,2009-05-28,38.0,38.0
605,2009-05-29,38.0,38.0
606,2009-06-01,39.0,39.0
607,2009-06-02,39.0,41.0
608,2009-06-03,41.0,41.0
609,2009-06-04,41.0,40.0
610,2009-06-05,41.0,40.0
611,2009-06-08,40.0,40.0
612,2009-06-09,40.0,41.0
613,2009-06-10,41.0,40.0
614,2009-06-11,40.0,41.0
615,2009-06-12,40.0,41.0
616,2009-06-15,41.0,39.0
617,2009-06-16,39.0,39.0
618,2009-06-17,39.0,39.0
619,2009-06-18,39.0,40.0
620,2009-06-19,41.0,40.0
621,2009-06-22,40.0,40.0
622,2009-06-23,40.0,40.0
623,2009-06-24,40.0,40.0
624,2009-06-25,40.0,41.0
625,2009-06-26,41.0,41.0
626,2009-06-29,41.0,40.0
627,2009-06-30,40.0,40.0
628,2009-07-01,40.0,40.0
629,2009-07-02,39.0,38.0
630,2009-07-06,38.0,39.0
631,2009-07-07,39.0,38.0
632,2009-07-08,38.0,38.0
633,2009-07-09,39.0,37.0
634,2009-07-10,37.0,37.0
635,2009-07-13,38.0,39.0
636,2009-07-14,39.0,38.0
637,2009-07-15,39.0,39.0
638,2009-07-16,39.0,40.0
639,2009-07-17,40.0,39.0
640,2009-07-20,40.0,40.0
641,2009-07-21,40.0,40.0
642,2009-07-22,39.0,39.0
643,2009-07-23,39.0,39.0
644,2009-07-24,39.0,40.0
645,2009-07-27,40.0,39.0
646,2009-07-28,39.0,39.0
647,2009-07-29,39.0,39.0
648,2009-07-30,39.0,39.0
649,2009-07-31,39.0,39.0
650,2009-08-03,39.0,39.0
651,2009-08-04,39.0,41.0
652,2009-08-05,41.0,40.0
653,2009-08-06,40.0,40.0
654,2009-08-07,40.0,40.0
655,2009-08-10,40.0,41.0
656,2009-08-11,41.0,41.0
657,2009-08-12,41.0,41.0
658,2009-08-13,41.0,40.0
659,2009-08-14,40.0,40.0
660,2009-08-17,40.0,40.0
661,2009-08-18,40.0,40.0
662,2009-08-19,40.0,40.0
663,2009-08-20,40.0,41.0
664,2009-08-21,41.0,42.0
665,2009-08-24,42.0,42.0
666,2009-08-25,42.0,41.0
667,2009-08-26,41.0,41.0
668,2009-08-27,41.0,41.0
669,2009-08-28,41.0,41.0
670,2009-08-31,41.0,41.0
671,2009-09-01,41.0,41.0
672,2009-09-02,41.0,41.0
673,2009-09-03,41.0,42.0
674,2009-09-04,42.0,43.0
675,2009-09-08,44.0,43.0
676,2009-09-09,44.0,45.0
677,2009-09-10,45.0,46.0
678,2009-09-11,46.0,46.0
679,2009-09-14,46.0,47.0
680,2009-09-15,47.0,48.0
681,2009-09-16,48.0,48.0
682,2009-09-17,47.0,48.0
683,2009-09-18,48.0,47.0
684,2009-09-21,47.0,47.0
685,2009-09-22,47.0,47.0
686,2009-09-23,46.0,46.0
687,2009-09-24,46.0,46.0
688,2009-09-25,45.0,45.0
689,2009-09-28,45.0,46.0
690,2009-09-29,46.0,46.0
691,2009-09-30,46.0,45.0
692,2009-10-01,45.0,44.0
693,2009-10-02,44.0,44.0
694,2009-10-05,44.0,45.0
695,2009-10-06,44.0,45.0
696,2009-10-07,44.0,45.0
697,2009-10-08,44.0,45.0
698,2009-10-09,45.0,46.0
699,2009-10-12,45.0,45.0
700,2009-10-13,45.0,45.0
701,2009-10-14,46.0,46.0
702,2009-10-15,46.0,46.0
703,2009-10-16,46.0,45.0
704,2009-10-19,46.0,46.0
705,2009-10-20,46.0,45.0
706,2009-10-21,47.0,48.0
707,2009-10-22,48.0,49.0
708,2009-10-23,49.0,48.0
709,2009-10-26,48.0,48.0
710,2009-10-27,48.0,48.0
711,2009-10-28,48.0,46.0
712,2009-10-29,46.0,47.0
713,2009-10-30,47.0,46.0
714,2009-11-02,46.0,47.0
715,2009-11-03,47.0,47.0
716,2009-11-04,47.0,47.0
717,2009-11-05,47.0,48.0
718,2009-11-06,48.0,47.0
719,2009-11-09,48.0,48.0
720,2009-11-10,48.0,49.0
721,2009-11-11,49.0,49.0
722,2009-11-12,50.0,49.0
723,2009-11-13,49.0,49.0
724,2009-11-16,49.0,49.0
725,2009-11-17,49.0,49.0
726,2009-11-18,49.0,49.0
727,2009-11-19,49.0,49.0
728,2009-11-20,49.0,49.0
729,2009-11-23,49.0,50.0
730,2009-11-24,50.0,50.0
731,2009-11-25,50.0,50.0
732,2009-11-27,49.0,50.0
733,2009-11-30,51.0,50.0
734,2009-12-01,51.0,51.0
735,2009-12-02,51.0,51.0
736,2009-12-03,52.0,52.0
737,2009-12-04,52.0,52.0
738,2009-12-07,52.0,52.0
739,2009-12-08,52.0,51.0
740,2009-12-09,51.0,51.0
741,2009-12-10,51.0,51.0
742,2009-12-11,52.0,51.0
743,2009-12-14,51.0,52.0
744,2009-12-15,52.0,52.0
745,2009-12-16,52.0,52.0
746,2009-12-17,52.0,51.0
747,2009-12-18,51.0,50.0
748,2009-12-21,51.0,51.0
749,2009-12-22,51.0,51.0
750,2009-12-23,51.0,51.0
751,2009-12-24,51.0,51.0
752,2009-12-28,51.0,51.0
753,2009-12-29,51.0,51.0
754,2009-12-30,51.0,51.0
755,2009-12-31,51.0,50.0
756,2010-01-04,51.0,52.0
757,2010-01-05,52.0,53.0
758,2010-01-06,53.0,53.0
759,2010-01-07,53.0,55.0
760,2010-01-08,56.0,55.0
761,2010-01-11,56.0,55.0
762,2010-01-12,55.0,55.0
763,2010-01-13,55.0,55.0
764,2010-01-14,56.0,56.0
765,2010-01-15,56.0,56.0
766,2010-01-19,56.0,57.0
767,2010-01-20,57.0,56.0
768,2010-01-21,56.0,55.0
769,2010-01-22,54.0,54.0
770,2010-01-25,54.0,54.0
771,2010-01-26,54.0,55.0
772,2010-01-27,54.0,53.0
773,2010-01-28,53.0,52.0
774,2010-01-29,52.0,52.0
775,2010-02-01,52.0,52.0
776,2010-02-02,52.0,53.0
777,2010-02-03,53.0,53.0
778,2010-02-04,52.0,51.0
779,2010-02-05,51.0,51.0
780,2010-02-08,51.0,51.0
781,2010-02-09,52.0,52.0
782,2010-02-10,52.0,52.0
783,2010-02-11,51.0,52.0
784,2010-02-12,52.0,52.0
785,2010-02-16,52.0,53.0
786,2010-02-17,53.0,53.0
787,2010-02-18,53.0,53.0
788,2010-02-19,53.0,53.0
789,2010-02-22,53.0,53.0
790,2010-02-23,53.0,53.0
791,2010-02-24,53.0,53.0
792,2010-02-25,52.0,53.0
793,2010-02-26,53.0,53.0
794,2010-03-01,53.0,54.0
795,2010-03-02,54.0,54.0
796,2010-03-03,55.0,54.0
797,2010-03-04,54.0,54.0
798,2010-03-05,54.0,55.0
799,2010-03-08,55.0,55.0
800,2010-03-09,55.0,55.0
801,2010-03-10,55.0,55.0
802,2010-03-11,55.0,56.0
803,2010-03-12,56.0,55.0
804,2010-03-15,55.0,55.0
805,2010-03-16,56.0,55.0
806,2010-03-17,55.0,56.0
807,2010-03-18,56.0,57.0
808,2010-03-19,57.0,57.0
809,2010-03-22,56.0,57.0
810,2010-03-23,57.0,57.0
811,2010-03-24,58.0,58.0
812,2010-03-25,58.0,58.0
813,2010-03-26,58.0,57.0
814,2010-03-29,57.0,57.0
815,2010-03-30,57.0,58.0
816,2010-03-31,57.0,57.0
817,2010-04-01,58.0,58.0
818,2010-04-05,58.0,58.0
819,2010-04-06,58.0,58.0
820,2010-04-07,58.0,57.0
821,2010-04-08,57.0,57.0
822,2010-04-09,57.0,58.0
823,2010-04-12,58.0,58.0
824,2010-04-13,57.0,57.0
825,2010-04-14,57.0,58.0
826,2010-04-15,58.0,58.0
827,2010-04-16,58.0,57.0
828,2010-04-19,57.0,57.0
829,2010-04-20,58.0,58.0
830,2010-04-21,58.0,58.0
831,2010-04-22,57.0,58.0
832,2010-04-23,58.0,59.0
833,2010-04-26,59.0,59.0
834,2010-04-27,59.0,58.0
835,2010-04-28,58.0,58.0
836,2010-04-29,58.0,59.0
837,2010-04-30,59.0,57.0
838,2010-05-03,58.0,58.0
839,2010-05-04,59.0,57.0
840,2010-05-05,57.0,57.0
841,2010-05-06,57.0,56.0
842,2010-05-07,56.0,54.0
843,2010-05-10,56.0,57.0
844,2010-05-11,56.0,57.0
845,2010-05-12,57.0,57.0
846,2010-05-13,57.0,57.0
847,2010-05-14,58.0,56.0
848,2010-05-17,56.0,57.0
849,2010-05-18,57.0,56.0
850,2010-05-19,56.0,56.0
851,2010-05-20,55.0,54.0
852,2010-05-21,53.0,53.0
853,2010-05-24,53.0,53.0
854,2010-05-25,52.0,53.0
855,2010-05-26,53.0,52.0
856,2010-05-27,53.0,53.0
857,2010-05-28,53.0,53.0
858,2010-06-01,53.0,52.0
859,2010-06-02,53.0,54.0
860,2010-06-03,54.0,54.0
861,2010-06-04,53.0,52.0
862,2010-06-07,52.0,51.0
863,2010-06-08,51.0,51.0
864,2010-06-09,51.0,49.0
865,2010-06-10,50.0,49.0
866,2010-06-11,49.0,51.0
867,2010-06-14,51.0,50.0
868,2010-06-15,51.0,52.0
869,2010-06-16,51.0,52.0
870,2010-06-17,52.0,52.0
871,2010-06-18,52.0,52.0
872,2010-06-21,52.0,52.0
873,2010-06-22,52.0,51.0
874,2010-06-23,51.0,51.0
875,2010-06-24,51.0,50.0
876,2010-06-25,50.0,50.0
877,2010-06-28,50.0,51.0
878,2010-06-29,51.0,50.0
879,2010-06-30,50.0,50.0
880,2010-07-01,50.0,50.0
881,2010-07-02,50.0,50.0
882,2010-07-06,50.0,50.0
883,2010-07-07,51.0,52.0
884,2010-07-08,53.0,52.0
885,2010-07-09,52.0,52.0
886,2010-07-12,52.0,52.0
887,2010-07-13,52.0,53.0
888,2010-07-14,53.0,53.0
889,2010-07-15,53.0,53.0
890,2010-07-16,52.0,51.0
891,2010-07-19,51.0,52.0
892,2010-07-20,51.0,51.0
893,2010-07-21,49.0,47.0
894,2010-07-22,47.0,47.0
895,2010-07-23,47.0,48.0
896,2010-07-26,48.0,47.0
897,2010-07-27,47.0,47.0
898,2010-07-28,47.0,47.0
899,2010-07-29,47.0,46.0
900,2010-07-30,46.0,47.0
901,2010-08-02,47.0,48.0
902,2010-08-03,47.0,48.0
903,2010-08-04,48.0,48.0
904,2010-08-05,48.0,48.0
905,2010-08-06,47.0,48.0
906,2010-08-09,48.0,48.0
907,2010-08-10,48.0,48.0
908,2010-08-11,47.0,47.0
909,2010-08-12,46.0,47.0
910,2010-08-13,47.0,47.0
911,2010-08-16,46.0,46.0
912,2010-08-17,47.0,47.0
913,2010-08-18,47.0,47.0
914,2010-08-19,47.0,46.0
915,2010-08-20,46.0,46.0
916,2010-08-23,46.0,46.0
917,2010-08-24,46.0,43.0
918,2010-08-25,43.0,43.0
919,2010-08-26,43.0,43.0
920,2010-08-27,43.0,44.0
921,2010-08-30,44.0,44.0
922,2010-08-31,43.0,43.0
923,2010-09-01,44.0,45.0
924,2010-09-02,45.0,46.0
925,2010-09-03,46.0,46.0
926,2010-09-07,46.0,46.0
927,2010-09-08,46.0,45.0
928,2010-09-09,46.0,46.0
929,2010-09-10,46.0,47.0
930,2010-09-13,47.0,47.0
931,2010-09-14,47.0,48.0
932,2010-09-15,48.0,49.0
933,2010-09-16,49.0,49.0
934,2010-09-17,49.0,48.0
935,2010-09-20,48.0,49.0
936,2010-09-21,49.0,49.0
937,2010-09-22,48.0,48.0
938,2010-09-23,48.0,48.0
939,2010-09-24,48.0,50.0
940,2010-09-27,50.0,49.0
941,2010-09-28,49.0,50.0
942,2010-09-29,50.0,50.0
943,2010-09-30,50.0,50.0
944,2010-10-01,50.0,50.0
945,2010-10-04,50.0,49.0
946,2010-10-05,50.0,51.0
947,2010-10-06,51.0,50.0
948,2010-10-07,51.0,50.0
949,2010-10-08,50.0,50.0
950,2010-10-11,50.0,50.0
951,2010-10-12,50.0,49.0
952,2010-10-13,49.0,49.0
953,2010-10-14,49.0,49.0
954,2010-10-15,49.0,49.0
955,2010-10-18,49.0,51.0
956,2010-10-19,49.0,50.0
957,2010-10-20,53.0,51.0
958,2010-10-21,51.0,51.0
959,2010-10-22,51.0,51.0
960,2010-10-25,51.0,51.0
961,2010-10-26,51.0,51.0
962,2010-10-27,51.0,51.0
963,2010-10-28,49.0,50.0
964,2010-10-29,50.0,49.0
965,2010-11-01,50.0,49.0
966,2010-11-02,50.0,50.0
967,2010-11-03,50.0,51.0
968,2010-11-04,52.0,52.0
969,2010-11-05,52.0,52.0
970,2010-11-08,52.0,52.0
971,2010-11-09,52.0,52.0
972,2010-11-10,52.0,52.0
973,2010-11-11,51.0,52.0
974,2010-11-12,52.0,52.0
975,2010-11-15,52.0,51.0
976,2010-11-16,51.0,51.0
977,2010-11-17,51.0,51.0
978,2010-11-18,51.0,51.0
979,2010-11-19,51.0,52.0
980,2010-11-22,51.0,51.0
981,2010-11-23,51.0,51.0
982,2010-11-24,51.0,51.0
983,2010-11-26,51.0,51.0
984,2010-11-29,51.0,51.0
985,2010-11-30,50.0,50.0
986,2010-12-01,51.0,51.0
987,2010-12-02,51.0,51.0
988,2010-12-03,51.0,52.0
989,2010-12-06,52.0,52.0
990,2010-12-07,52.0,51.0
991,2010-12-08,51.0,52.0
992,2010-12-09,52.0,53.0
993,2010-12-10,53.0,53.0
994,2010-12-13,53.0,53.0
995,2010-12-14,53.0,54.0
996,2010-12-15,54.0,54.0
997,2010-12-16,54.0,54.0
998,2010-12-17,54.0,55.0
999,2010-12-20,55.0,55.0
1000,2010-12-21,55.0,54.0
1001,2010-12-22,54.0,54.0
1002,2010-12-23,54.0,54.0
1003,2010-12-27,54.0,54.0
1004,2010-12-28,54.0,54.0
1005,2010-12-29,54.0,54.0
1006,2010-12-30,54.0,54.0
1007,2010-12-31,54.0,54.0
1008,2011-01-03,54.0,55.0
1009,2011-01-04,54.0,54.0
1010,2011-01-05,54.0,55.0
1011,2011-01-06,54.0,55.0
1012,2011-01-07,55.0,54.0
1013,2011-01-10,54.0,55.0
1014,2011-01-11,57.0,58.0
1015,2011-01-12,58.0,58.0
1016,2011-01-13,58.0,58.0
1017,2011-01-14,58.0,58.0
1018,2011-01-18,58.0,58.0
1019,2011-01-19,58.0,58.0
1020,2011-01-20,58.0,57.0
1021,2011-01-21,58.0,58.0
1022,2011-01-24,58.0,58.0
1023,2011-01-25,58.0,58.0
1024,2011-01-26,58.0,57.0
1025,2011-01-27,58.0,58.0
1026,2011-01-28,58.0,57.0
1027,2011-01-31,57.0,58.0
1028,2011-02-01,58.0,59.0
1029,2011-02-02,58.0,58.0
1030,2011-02-03,58.0,58.0
1031,2011-02-04,59.0,59.0
1032,2011-02-07,59.0,59.0
1033,2011-02-08,60.0,60.0
1034,2011-02-09,60.0,60.0
1035,2011-02-10,60.0,60.0
1036,2011-02-11,60.0,60.0
1037,2011-02-14,60.0,60.0
1038,2011-02-15,60.0,60.0
1039,2011-02-16,61.0,61.0
1040,2011-02-17,61.0,61.0
1041,2011-02-18,61.0,63.0
1042,2011-02-22,62.0,62.0
1043,2011-02-23,63.0,62.0
1044,2011-02-24,62.0,62.0
1045,2011-02-25,62.0,63.0
1046,2011-02-28,63.0,63.0
1047,2011-03-01,63.0,62.0
1048,2011-03-02,63.0,63.0
1049,2011-03-03,63.0,65.0
1050,2011-03-04,64.0,64.0
1051,2011-03-07,64.0,63.0
1052,2011-03-08,64.0,65.0
1053,2011-03-09,65.0,64.0
1054,2011-03-10,64.0,63.0
1055,2011-03-11,63.0,63.0
1056,2011-03-14,63.0,62.0
1057,2011-03-15,61.0,61.0
1058,2011-03-16,61.0,60.0
1059,2011-03-17,61.0,61.0
1060,2011-03-18,61.0,62.0
1061,2011-03-21,62.0,62.0
1062,2011-03-22,62.0,62.0
1063,2011-03-23,62.0,61.0
1064,2011-03-24,61.0,61.0
1065,2011-03-25,61.0,61.0
1066,2011-03-28,61.0,61.0
1067,2011-03-29,61.0,61.0
1068,2011-03-30,61.0,61.0
1069,2011-03-31,61.0,61.0
1070,2011-04-01,61.0,61.0
1071,2011-04-04,61.0,61.0
1072,2011-04-05,61.0,61.0
1073,2011-04-06,61.0,60.0
1074,2011-04-07,60.0,60.0
1075,2011-04-08,60.0,60.0
1076,2011-04-11,60.0,60.0
1077,2011-04-12,59.0,60.0
1078,2011-04-13,60.0,60.0
1079,2011-04-14,60.0,60.0
1080,2011-04-15,60.0,61.0
1081,2011-04-18,60.0,60.0
1082,2011-04-19,60.0,61.0
1083,2011-04-20,60.0,58.0
1084,2011-04-21,59.0,59.0
1085,2011-04-25,58.0,58.0
1086,2011-04-26,58.0,58.0
1087,2011-04-27,59.0,58.0
1088,2011-04-28,58.0,59.0
1089,2011-04-29,59.0,59.0
1090,2011-05-02,59.0,59.0
1091,2011-05-03,59.0,59.0
1092,2011-05-04,59.0,59.0
1093,2011-05-05,59.0,60.0
1094,2011-05-06,60.0,60.0
1095,2011-05-09,60.0,60.0
1096,2011-05-10,60.0,61.0
1097,2011-05-11,62.0,62.0
1098,2011-05-12,62.0,63.0
1099,2011-05-13,63.0,63.0
1100,2011-05-16,63.0,64.0
1101,2011-05-17,63.0,64.0
1102,2011-05-18,64.0,64.0
1103,2011-05-19,64.0,64.0
1104,2011-05-20,64.0,63.0
1105,2011-05-23,63.0,63.0
1106,2011-05-24,63.0,63.0
1107,2011-05-25,62.0,62.0
1108,2011-05-26,62.0,62.0
1109,2011-05-27,62.0,62.0
1110,2011-05-31,62.0,62.0
1111,2011-06-01,62.0,61.0
1112,2011-06-02,61.0,61.0
1113,2011-06-03,60.0,60.0
1114,2011-06-06,60.0,59.0
1115,2011-06-07,59.0,59.0
1116,2011-06-08,59.0,59.0
1117,2011-06-09,59.0,59.0
1118,2011-06-10,59.0,58.0
1119,2011-06-13,58.0,59.0
1120,2011-06-14,59.0,59.0
1121,2011-06-15,59.0,58.0
1122,2011-06-16,58.0,58.0
1123,2011-06-17,58.0,58.0
1124,2011-06-20,58.0,58.0
1125,2011-06-21,58.0,58.0
1126,2011-06-22,58.0,58.0
1127,2011-06-23,58.0,58.0
1128,2011-06-24,58.0,57.0
1129,2011-06-27,58.0,58.0
1130,2011-06-28,58.0,59.0
1131,2011-06-29,59.0,58.0
1132,2011-06-30,58.0,59.0
1133,2011-07-01,59.0,60.0
1134,2011-07-05,60.0,60.0
1135,2011-07-06,60.0,60.0
1136,2011-07-07,60.0,61.0
1137,2011-07-08,60.0,60.0
1138,2011-07-11,59.0,59.0
1139,2011-07-12,58.0,59.0
1140,2011-07-13,59.0,59.0
1141,2011-07-14,59.0,59.0
1142,2011-07-15,59.0,58.0
1143,2011-07-18,58.0,58.0
1144,2011-07-19,58.0,59.0
1145,2011-07-20,59.0,57.0
1146,2011-07-21,57.0,58.0
1147,2011-07-22,58.0,57.0
1148,2011-07-25,56.0,56.0
1149,2011-07-26,56.0,55.0
1150,2011-07-27,55.0,54.0
1151,2011-07-28,54.0,54.0
1152,2011-07-29,54.0,54.0
1153,2011-08-01,55.0,53.0
1154,2011-08-02,53.0,52.0
1155,2011-08-03,52.0,52.0
1156,2011-08-04,51.0,50.0
1157,2011-08-05,50.0,50.0
1158,2011-08-08,49.0,47.0
1159,2011-08-09,48.0,49.0
1160,2011-08-10,48.0,46.0
1161,2011-08-11,46.0,48.0
1162,2011-08-12,48.0,49.0
1163,2011-08-15,49.0,49.0
1164,2011-08-16,49.0,48.0
1165,2011-08-17,49.0,48.0
1166,2011-08-18,47.0,45.0
1167,2011-08-19,44.0,44.0
1168,2011-08-22,45.0,44.0
1169,2011-08-23,44.0,46.0
1170,2011-08-24,46.0,47.0
1171,2011-08-25,47.0,46.0
1172,2011-08-26,46.0,46.0
1173,2011-08-29,47.0,48.0
1174,2011-08-30,48.0,48.0
1175,2011-08-31,48.0,49.0
1176,2011-09-01,49.0,48.0
1177,2011-09-02,47.0,47.0
1178,2011-09-06,46.0,48.0
1179,2011-09-07,49.0,50.0
1180,2011-09-08,49.0,49.0
1181,2011-09-09,48.0,47.0
1182,2011-09-12,46.0,47.0
1183,2011-09-13,47.0,48.0
1184,2011-09-14,48.0,49.0
1185,2011-09-15,49.0,50.0
1186,2011-09-16,50.0,49.0
1187,2011-09-19,49.0,48.0
1188,2011-09-20,49.0,48.0
1189,2011-09-21,49.0,47.0
1190,2011-09-22,46.0,46.0
1191,2011-09-23,46.0,46.0
1192,2011-09-26,47.0,47.0
1193,2011-09-27,49.0,49.0
1194,2011-09-28,49.0,48.0
1195,2011-09-29,49.0,48.0
1196,2011-09-30,48.0,47.0
1197,2011-10-03,47.0,45.0
1198,2011-10-04,45.0,47.0
1199,2011-10-05,47.0,48.0
1200,2011-10-06,48.0,48.0
1201,2011-10-07,48.0,48.0
1202,2011-10-10,49.0,49.0
1203,2011-10-11,50.0,50.0
1204,2011-10-12,50.0,50.0
1205,2011-10-13,50.0,50.0
1206,2011-10-14,51.0,50.0
1207,2011-10-17,50.0,49.0
1208,2011-10-18,48.0,49.0
1209,2011-10-19,49.0,49.0
1210,2011-10-20,49.0,48.0
1211,2011-10-21,49.0,49.0
1212,2011-10-24,49.0,50.0
1213,2011-10-25,50.0,48.0
1214,2011-10-26,49.0,48.0
1215,2011-10-27,51.0,49.0
1216,2011-10-28,50.0,50.0
1217,2011-10-31,49.0,48.0
1218,2011-11-01,47.0,47.0
1219,2011-11-02,48.0,48.0
1220,2011-11-03,48.0,49.0
1221,2011-11-04,48.0,49.0
1222,2011-11-07,48.0,49.0
1223,2011-11-08,49.0,50.0
1224,2011-11-09,49.0,48.0
1225,2011-11-10,48.0,48.0
1226,2011-11-11,49.0,49.0
1227,2011-11-14,49.0,49.0
1228,2011-11-15,49.0,50.0
1229,2011-11-16,49.0,49.0
1230,2011-11-17,49.0,48.0
1231,2011-11-18,48.0,48.0
1232,2011-11-21,47.0,46.0
1233,2011-11-22,46.0,46.0
1234,2011-11-23,46.0,45.0
1235,2011-11-25,46.0,46.0
1236,2011-11-28,46.0,47.0
1237,2011-11-29,47.0,47.0
1238,2011-11-30,48.0,49.0
1239,2011-12-01,49.0,50.0
1240,2011-12-02,50.0,48.0
1241,2011-12-05,49.0,49.0
1242,2011-12-06,49.0,49.0
1243,2011-12-07,48.0,48.0
1244,2011-12-08,48.0,47.0
1245,2011-12-09,47.0,48.0
1246,2011-12-12,47.0,47.0
1247,2011-12-13,47.0,47.0
1248,2011-12-14,47.0,47.0
1249,2011-12-15,46.0,47.0
1250,2011-12-16,47.0,46.0
1251,2011-12-19,46.0,46.0
1252,2011-12-20,47.0,48.0
1253,2011-12-21,48.0,49.0
1254,2011-12-22,49.0,50.0
1255,2011-12-23,50.0,50.0
1256,2011-12-27,50.0,50.0
1257,2011-12-28,50.0,49.0
1258,2011-12-29,49.0,50.0
1259,2011-12-30,50.0,50.0
1260,2012-01-03,51.0,51.0
1261,2012-01-04,51.0,51.0
1262,2012-01-05,51.0,51.0
1263,2012-01-06,51.0,52.0
1264,2012-01-09,52.0,52.0
1265,2012-01-10,52.0,52.0
1266,2012-01-11,52.0,53.0
1267,2012-01-12,52.0,52.0
1268,2012-01-13,52.0,52.0
1269,2012-01-17,52.0,52.0
1270,2012-01-18,52.0,52.0
1271,2012-01-19,52.0,53.0
1272,2012-01-20,53.0,53.0
1273,2012-01-23,53.0,53.0
1274,2012-01-24,53.0,53.0
1275,2012-01-25,53.0,55.0
1276,2012-01-26,55.0,55.0
1277,2012-01-27,55.0,55.0
1278,2012-01-30,54.0,55.0
1279,2012-01-31,55.0,55.0
1280,2012-02-01,55.0,55.0
1281,2012-02-02,55.0,55.0
1282,2012-02-03,55.0,56.0
1283,2012-02-06,55.0,56.0
1284,2012-02-07,55.0,55.0
1285,2012-02-08,55.0,55.0
1286,2012-02-09,54.0,54.0
1287,2012-02-10,54.0,54.0
1288,2012-02-13,54.0,54.0
1289,2012-02-14,53.0,54.0
1290,2012-02-15,54.0,54.0
1291,2012-02-16,54.0,54.0
1292,2012-02-17,54.0,54.0
1293,2012-02-21,54.0,53.0
1294,2012-02-22,53.0,53.0
1295,2012-02-23,53.0,54.0
1296,2012-02-24,54.0,55.0
1297,2012-02-27,54.0,55.0
1298,2012-02-28,55.0,55.0
1299,2012-02-29,55.0,54.0
1300,2012-03-01,54.0,53.0
1301,2012-03-02,53.0,53.0
1302,2012-03-05,53.0,53.0
1303,2012-03-06,52.0,52.0
1304,2012-03-07,52.0,52.0
1305,2012-03-08,52.0,53.0
1306,2012-03-09,53.0,53.0
1307,2012-03-12,53.0,52.0
1308,2012-03-13,53.0,53.0
1309,2012-03-14,53.0,54.0
1310,2012-03-15,54.0,55.0
1311,2012-03-16,55.0,55.0
1312,2012-03-19,55.0,55.0
1313,2012-03-20,55.0,55.0
1314,2012-03-21,55.0,55.0
1315,2012-03-22,54.0,54.0
1316,2012-03-23,54.0,54.0
1317,2012-03-26,55.0,56.0
1318,2012-03-27,56.0,55.0
1319,2012-03-28,55.0,55.0
1320,2012-03-29,55.0,55.0
1321,2012-03-30,55.0,55.0
1322,2012-04-02,56.0,56.0
1323,2012-04-03,56.0,56.0
1324,2012-04-04,55.0,55.0
1325,2012-04-05,54.0,55.0
1326,2012-04-09,54.0,54.0
1327,2012-04-10,54.0,53.0
1328,2012-04-11,54.0,54.0
1329,2012-04-12,54.0,55.0
1330,2012-04-13,55.0,54.0
1331,2012-04-16,54.0,54.0
1332,2012-04-17,55.0,55.0
1333,2012-04-18,56.0,55.0
1334,2012-04-19,56.0,54.0
1335,2012-04-20,54.0,54.0
1336,2012-04-23,53.0,53.0
1337,2012-04-24,53.0,53.0
1338,2012-04-25,53.0,54.0
1339,2012-04-26,53.0,54.0
1340,2012-04-27,55.0,55.0
1341,2012-04-30,55.0,55.0
1342,2012-05-01,54.0,55.0
1343,2012-05-02,54.0,55.0
1344,2012-05-03,55.0,55.0
1345,2012-05-04,54.0,54.0
1346,2012-05-07,54.0,54.0
1347,2012-05-08,54.0,54.0
1348,2012-05-09,54.0,53.0
1349,2012-05-10,54.0,53.0
1350,2012-05-11,53.0,53.0
1351,2012-05-14,53.0,53.0
1352,2012-05-15,53.0,52.0
1353,2012-05-16,52.0,52.0
1354,2012-05-17,52.0,51.0
1355,2012-05-18,51.0,50.0
1356,2012-05-21,50.0,51.0
1357,2012-05-22,51.0,52.0
1358,2012-05-23,51.0,51.0
1359,2012-05-24,51.0,52.0
1360,2012-05-25,52.0,52.0
1361,2012-05-29,52.0,53.0
1362,2012-05-30,52.0,52.0
1363,2012-05-31,51.0,51.0
1364,2012-06-01,51.0,50.0
1365,2012-06-04,50.0,50.0
1366,2012-06-05,50.0,51.0
1367,2012-06-06,51.0,51.0
1368,2012-06-07,52.0,51.0
1369,2012-06-08,51.0,51.0
1370,2012-06-11,52.0,51.0
1371,2012-06-12,52.0,52.0
1372,2012-06-13,52.0,51.0
1373,2012-06-14,52.0,52.0
1374,2012-06-15,53.0,54.0
1375,2012-06-18,54.0,55.0
1376,2012-06-19,55.0,55.0
1377,2012-06-20,55.0,55.0
1378,2012-06-21,55.0,54.0
1379,2012-06-22,54.0,55.0
1380,2012-06-25,54.0,54.0
1381,2012-06-26,54.0,54.0
1382,2012-06-27,54.0,54.0
1383,2012-06-28,54.0,54.0
1384,2012-06-29,55.0,55.0
1385,2012-07-02,55.0,55.0
1386,2012-07-03,55.0,55.0
1387,2012-07-05,55.0,54.0
1388,2012-07-06,53.0,54.0
1389,2012-07-09,53.0,54.0
1390,2012-07-10,54.0,53.0
1391,2012-07-11,53.0,53.0
1392,2012-07-12,53.0,53.0
1393,2012-07-13,53.0,53.0
1394,2012-07-16,53.0,53.0
1395,2012-07-17,53.0,54.0
1396,2012-07-18,54.0,54.0
1397,2012-07-19,52.0,52.0
1398,2012-07-20,52.0,51.0
1399,2012-07-23,51.0,51.0
1400,2012-07-24,51.0,51.0
1401,2012-07-25,51.0,51.0
1402,2012-07-26,52.0,51.0
1403,2012-07-27,52.0,52.0
1404,2012-07-30,52.0,52.0
1405,2012-07-31,52.0,52.0
1406,2012-08-01,52.0,53.0
1407,2012-08-02,52.0,51.0
1408,2012-08-03,53.0,53.0
1409,2012-08-06,53.0,53.0
1410,2012-08-07,53.0,53.0
1411,2012-08-08,53.0,53.0
1412,2012-08-09,53.0,53.0
1413,2012-08-10,53.0,53.0
1414,2012-08-13,53.0,53.0
1415,2012-08-14,53.0,54.0
1416,2012-08-15,54.0,54.0
1417,2012-08-16,54.0,54.0
1418,2012-08-17,54.0,54.0
1419,2012-08-20,54.0,54.0
1420,2012-08-21,55.0,54.0
1421,2012-08-22,54.0,54.0
1422,2012-08-23,54.0,53.0
1423,2012-08-24,53.0,54.0
1424,2012-08-27,54.0,54.0
1425,2012-08-28,54.0,54.0
1426,2012-08-29,54.0,54.0
1427,2012-08-30,53.0,53.0
1428,2012-08-31,53.0,53.0
1429,2012-09-04,54.0,54.0
1430,2012-09-05,54.0,53.0
1431,2012-09-06,53.0,54.0
1432,2012-09-07,54.0,54.0
1433,2012-09-10,54.0,54.0
1434,2012-09-11,54.0,54.0
1435,2012-09-12,54.0,54.0
1436,2012-09-13,55.0,55.0
1437,2012-09-14,55.0,56.0
1438,2012-09-17,56.0,56.0
1439,2012-09-18,56.0,56.0
1440,2012-09-19,56.0,56.0
1441,2012-09-20,56.0,56.0
1442,2012-09-21,56.0,56.0
1443,2012-09-24,56.0,56.0
1444,2012-09-25,57.0,56.0
1445,2012-09-26,56.0,56.0
1446,2012-09-27,56.0,56.0
1447,2012-09-28,56.0,56.0
1448,2012-10-01,56.0,55.0
1449,2012-10-02,55.0,55.0
1450,2012-10-03,55.0,54.0
1451,2012-10-04,54.0,55.0
1452,2012-10-05,55.0,55.0
1453,2012-10-08,55.0,54.0
1454,2012-10-09,53.0,53.0
1455,2012-10-10,52.0,52.0
1456,2012-10-11,52.0,52.0
1457,2012-10-12,53.0,52.0
1458,2012-10-15,52.0,52.0
1459,2012-10-16,53.0,53.0
1460,2012-10-17,53.0,53.0
1461,2012-10-18,52.0,54.0
1462,2012-10-19,53.0,53.0
1463,2012-10-22,53.0,53.0
1464,2012-10-23,52.0,52.0
1465,2012-10-24,52.0,52.0
1466,2012-10-25,53.0,52.0
1467,2012-10-26,52.0,52.0
1468,2012-10-31,53.0,53.0
1469,2012-11-01,53.0,53.0
1470,2012-11-02,53.0,53.0
1471,2012-11-05,53.0,53.0
1472,2012-11-06,53.0,53.0
1473,2012-11-07,53.0,53.0
1474,2012-11-08,52.0,52.0
1475,2012-11-09,52.0,53.0
1476,2012-11-12,53.0,53.0
1477,2012-11-13,53.0,53.0
1478,2012-11-14,53.0,52.0
1479,2012-11-15,52.0,52.0
1480,2012-11-16,53.0,52.0
1481,2012-11-19,53.0,53.0
1482,2012-11-20,53.0,54.0
1483,2012-11-21,54.0,54.0
1484,2012-11-23,54.0,55.0
1485,2012-11-26,54.0,55.0
1486,2012-11-27,54.0,54.0
1487,2012-11-28,54.0,55.0
1488,2012-11-29,55.0,54.0
1489,2012-11-30,54.0,54.0
1490,2012-12-03,54.0,54.0
1491,2012-12-04,54.0,54.0
1492,2012-12-05,54.0,54.0
1493,2012-12-06,54.0,54.0
1494,2012-12-07,54.0,55.0
1495,2012-12-10,54.0,55.0
1496,2012-12-11,55.0,56.0
1497,2012-12-12,56.0,56.0
1498,2012-12-13,56.0,56.0
1499,2012-12-14,56.0,56.0
1500,2012-12-17,56.0,56.0
1501,2012-12-18,56.0,56.0
1502,2012-12-19,56.0,56.0
1503,2012-12-20,56.0,57.0
1504,2012-12-21,56.0,56.0
1505,2012-12-24,56.0,56.0
1506,2012-12-26,56.0,55.0
1507,2012-12-27,55.0,55.0
1508,2012-12-28,55.0,54.0
1509,2012-12-31,54.0,55.0
1510,2013-01-02,56.0,56.0
1511,2013-01-03,56.0,56.0
1512,2013-01-04,56.0,57.0
1513,2013-01-07,57.0,57.0
1514,2013-01-08,57.0,57.0
1515,2013-01-09,57.0,58.0
1516,2013-01-10,59.0,59.0
1517,2013-01-11,59.0,59.0
1518,2013-01-14,59.0,59.0
1519,2013-01-15,59.0,60.0
1520,2013-01-16,59.0,59.0
1521,2013-01-17,60.0,61.0
1522,2013-01-18,61.0,62.0
1523,2013-01-22,62.0,62.0
1524,2013-01-23,62.0,62.0
1525,2013-01-24,62.0,63.0
1526,2013-01-25,64.0,64.0
1527,2013-01-28,64.0,64.0
1528,2013-01-29,64.0,64.0
1529,2013-01-30,64.0,63.0
1530,2013-01-31,63.0,63.0
1531,2013-02-01,62.0,63.0
1532,2013-02-04,63.0,62.0
1533,2013-02-05,62.0,63.0
1534,2013-02-06,63.0,63.0
1535,2013-02-07,63.0,63.0
1536,2013-02-08,63.0,64.0
1537,2013-02-11,64.0,64.0
1538,2013-02-12,64.0,64.0
1539,2013-02-13,64.0,64.0
1540,2013-02-14,64.0,64.0
1541,2013-02-15,64.0,64.0
1542,2013-02-19,64.0,64.0
1543,2013-02-20,64.0,63.0
1544,2013-02-21,63.0,62.0
1545,2013-02-22,62.0,63.0
1546,2013-02-25,63.0,62.0
1547,2013-02-26,62.0,63.0
1548,2013-02-27,63.0,64.0
1549,2013-02-28,64.0,64.0
1550,2013-03-01,64.0,65.0
1551,2013-03-04,65.0,65.0
1552,2013-03-05,65.0,66.0
1553,2013-03-06,66.0,66.0
1554,2013-03-07,66.0,65.0
1555,2013-03-08,66.0,66.0
1556,2013-03-11,66.0,66.0
1557,2013-03-12,66.0,67.0
1558,2013-03-13,67.0,67.0
1559,2013-03-14,67.0,67.0
1560,2013-03-15,67.0,66.0
1561,2013-03-18,65.0,65.0
1562,2013-03-19,65.0,65.0
1563,2013-03-20,65.0,65.0
1564,2013-03-21,65.0,65.0
1565,2013-03-22,65.0,65.0
1566,2013-03-25,65.0,65.0
1567,2013-03-26,65.0,65.0
1568,2013-03-27,65.0,65.0
1569,2013-03-28,65.0,65.0
1570,2013-04-01,65.0,65.0
1571,2013-04-02,66.0,66.0
1572,2013-04-03,66.0,65.0
1573,2013-04-04,66.0,66.0
1574,2013-04-05,65.0,65.0
1575,2013-04-08,65.0,65.0
1576,2013-04-09,66.0,66.0
1577,2013-04-10,66.0,67.0
1578,2013-04-11,67.0,67.0
1579,2013-04-12,67.0,66.0
1580,2013-04-15,66.0,65.0
1581,2013-04-16,65.0,65.0
1582,2013-04-17,65.0,64.0
1583,2013-04-18,65.0,64.0
1584,2013-04-19,64.0,65.0
1585,2013-04-22,65.0,64.0
1586,2013-04-23,64.0,65.0
1587,2013-04-24,65.0,65.0
1588,2013-04-25,64.0,66.0
1589,2013-04-26,66.0,65.0
1590,2013-04-29,65.0,66.0
1591,2013-04-30,66.0,66.0
1592,2013-05-01,65.0,65.0
1593,2013-05-02,66.0,66.0
1594,2013-05-03,66.0,66.0
1595,2013-05-06,66.0,66.0
1596,2013-05-07,66.0,66.0
1597,2013-05-08,66.0,66.0
1598,2013-05-09,66.0,67.0
1599,2013-05-10,67.0,68.0
1600,2013-05-13,68.0,69.0
1601,2013-05-14,69.0,69.0
1602,2013-05-15,69.0,69.0
1603,2013-05-16,69.0,69.0
1604,2013-05-17,69.0,69.0
1605,2013-05-20,69.0,69.0
1606,2013-05-21,69.0,69.0
1607,2013-05-22,69.0,68.0
1608,2013-05-23,67.0,67.0
1609,2013-05-24,67.0,67.0
1610,2013-05-28,67.0,68.0
1611,2013-05-29,68.0,67.0
1612,2013-05-30,67.0,67.0
1613,2013-05-31,67.0,66.0
1614,2013-06-03,66.0,67.0
1615,2013-06-04,67.0,67.0
1616,2013-06-05,67.0,66.0
1617,2013-06-06,66.0,66.0
1618,2013-06-07,67.0,67.0
1619,2013-06-10,67.0,67.0
1620,2013-06-11,67.0,67.0
1621,2013-06-12,67.0,66.0
1622,2013-06-13,66.0,68.0
1623,2013-06-14,68.0,67.0
1624,2013-06-17,68.0,68.0
1625,2013-06-18,68.0,68.0
1626,2013-06-19,68.0,66.0
1627,2013-06-20,66.0,65.0
1628,2013-06-21,65.0,66.0
1629,2013-06-24,65.0,65.0
1630,2013-06-25,65.0,65.0
1631,2013-06-26,65.0,65.0
1632,2013-06-27,65.0,65.0
1633,2013-06-28,65.0,65.0
1634,2013-07-01,65.0,64.0
1635,2013-07-02,64.0,64.0
1636,2013-07-03,64.0,64.0
1637,2013-07-05,65.0,65.0
1638,2013-07-08,66.0,66.0
1639,2013-07-09,66.0,66.0
1640,2013-07-10,66.0,66.0
1641,2013-07-11,67.0,67.0
1642,2013-07-12,67.0,67.0
1643,2013-07-15,67.0,68.0
1644,2013-07-16,68.0,69.0
1645,2013-07-17,69.0,69.0
1646,2013-07-18,69.0,70.0
1647,2013-07-19,70.0,71.0
1648,2013-07-22,71.0,71.0
1649,2013-07-23,71.0,71.0
1650,2013-07-24,71.0,71.0
1651,2013-07-25,71.0,71.0
1652,2013-07-26,71.0,71.0
1653,2013-07-29,71.0,70.0
1654,2013-07-30,71.0,70.0
1655,2013-07-31,71.0,70.0
1656,2013-08-01,71.0,71.0
1657,2013-08-02,71.0,71.0
1658,2013-08-05,71.0,71.0
1659,2013-08-06,71.0,71.0
1660,2013-08-07,71.0,71.0
1661,2013-08-08,71.0,71.0
1662,2013-08-09,71.0,71.0
1663,2013-08-12,70.0,71.0
1664,2013-08-13,71.0,71.0
1665,2013-08-14,71.0,70.0
1666,2013-08-15,70.0,69.0
1667,2013-08-16,69.0,68.0
1668,2013-08-19,68.0,68.0
1669,2013-08-20,68.0,68.0
1670,2013-08-21,68.0,68.0
1671,2013-08-22,68.0,69.0
1672,2013-08-23,69.0,68.0
1673,2013-08-26,68.0,68.0
1674,2013-08-27,68.0,67.0
1675,2013-08-28,67.0,67.0
1676,2013-08-29,66.0,67.0
1677,2013-08-30,67.0,67.0
1678,2013-09-03,68.0,67.0
1679,2013-09-04,67.0,67.0
1680,2013-09-05,67.0,68.0
1681,2013-09-06,70.0,69.0
1682,2013-09-09,69.0,69.0
1683,2013-09-10,70.0,70.0
1684,2013-09-11,70.0,70.0
1685,2013-09-12,69.0,70.0
1686,2013-09-13,70.0,70.0
1687,2013-09-16,71.0,71.0
1688,2013-09-17,71.0,71.0
1689,2013-09-18,71.0,72.0
1690,2013-09-19,72.0,72.0
1691,2013-09-20,72.0,71.0
1692,2013-09-23,71.0,71.0
1693,2013-09-24,71.0,71.0
1694,2013-09-25,69.0,69.0
1695,2013-09-26,69.0,68.0
1696,2013-09-27,68.0,68.0
1697,2013-09-30,67.0,68.0
1698,2013-10-01,68.0,68.0
1699,2013-10-02,68.0,68.0
1700,2013-10-03,67.0,67.0
1701,2013-10-04,67.0,68.0
1702,2013-10-07,67.0,68.0
1703,2013-10-08,68.0,68.0
1704,2013-10-09,68.0,68.0
1705,2013-10-10,69.0,69.0
1706,2013-10-11,69.0,70.0
1707,2013-10-14,70.0,71.0
1708,2013-10-15,71.0,70.0
1709,2013-10-16,71.0,72.0
1710,2013-10-17,71.0,73.0
1711,2013-10-18,73.0,73.0
1712,2013-10-21,73.0,73.0
1713,2013-10-22,73.0,74.0
1714,2013-10-23,74.0,74.0
1715,2013-10-24,73.0,74.0
1716,2013-10-25,74.0,75.0
1717,2013-10-28,75.0,75.0
1718,2013-10-29,75.0,75.0
1719,2013-10-30,75.0,74.0
1720,2013-10-31,74.0,74.0
1721,2013-11-01,74.0,74.0
1722,2013-11-04,74.0,74.0
1723,2013-11-05,74.0,74.0
1724,2013-11-06,74.0,74.0
1725,2013-11-07,74.0,73.0
1726,2013-11-08,73.0,73.0
1727,2013-11-11,73.0,73.0
1728,2013-11-12,73.0,73.0
1729,2013-11-13,73.0,74.0
1730,2013-11-14,74.0,74.0
1731,2013-11-15,75.0,74.0
1732,2013-11-18,74.0,74.0
1733,2013-11-19,73.0,74.0
1734,2013-11-20,74.0,74.0
1735,2013-11-21,74.0,74.0
1736,2013-11-22,74.0,74.0
1737,2013-11-25,75.0,75.0
1738,2013-11-26,75.0,75.0
1739,2013-11-27,75.0,75.0
1740,2013-11-29,75.0,74.0
1741,2013-12-02,74.0,74.0
1742,2013-12-03,74.0,74.0
1743,2013-12-04,74.0,73.0
1744,2013-12-05,73.0,73.0
1745,2013-12-06,74.0,75.0
1746,2013-12-09,74.0,75.0
1747,2013-12-10,74.0,74.0
1748,2013-12-11,74.0,73.0
1749,2013-12-12,73.0,72.0
1750,2013-12-13,72.0,72.0
1751,2013-12-16,72.0,72.0
1752,2013-12-17,72.0,72.0
1753,2013-12-18,72.0,74.0
1754,2013-12-19,74.0,74.0
1755,2013-12-20,74.0,75.0
1756,2013-12-23,75.0,75.0
1757,2013-12-24,75.0,75.0
1758,2013-12-26,75.0,75.0
1759,2013-12-27,75.0,75.0
1760,2013-12-30,75.0,75.0
1761,2013-12-31,75.0,75.0
1762,2014-01-02,75.0,75.0
1763,2014-01-03,74.0,75.0
1764,2014-01-06,75.0,75.0
1765,2014-01-07,75.0,76.0
1766,2014-01-08,76.0,77.0
1767,2014-01-09,77.0,77.0
1768,2014-01-10,77.0,78.0
1769,2014-01-13,78.0,77.0
1770,2014-01-14,78.0,78.0
1771,2014-01-15,78.0,78.0
1772,2014-01-16,78.0,79.0
1773,2014-01-17,79.0,78.0
1774,2014-01-21,79.0,79.0
1775,2014-01-22,79.0,79.0
1776,2014-01-23,78.0,78.0
1777,2014-01-24,78.0,76.0
1778,2014-01-27,76.0,76.0
1779,2014-01-28,77.0,77.0
1780,2014-01-29,77.0,77.0
1781,2014-01-30,77.0,78.0
1782,2014-01-31,77.0,78.0
1783,2014-02-03,78.0,76.0
1784,2014-02-04,77.0,77.0
1785,2014-02-05,76.0,77.0
1786,2014-02-06,77.0,78.0
1787,2014-02-07,78.0,79.0
1788,2014-02-10,79.0,80.0
1789,2014-02-11,80.0,81.0
1790,2014-02-12,81.0,81.0
1791,2014-02-13,81.0,83.0
1792,2014-02-14,83.0,83.0
1793,2014-02-18,84.0,83.0
1794,2014-02-19,82.0,82.0
1795,2014-02-20,82.0,83.0
1796,2014-02-21,83.0,82.0
1797,2014-02-24,82.0,83.0
1798,2014-02-25,82.0,82.0
1799,2014-02-26,82.0,81.0
1800,2014-02-27,81.0,81.0
1801,2014-02-28,81.0,80.0
1802,2014-03-03,79.0,80.0
1803,2014-03-04,81.0,82.0
1804,2014-03-05,82.0,81.0
1805,2014-03-06,81.0,81.0
1806,2014-03-07,81.0,82.0
1807,2014-03-10,81.0,82.0
1808,2014-03-11,82.0,82.0
1809,2014-03-12,81.0,82.0
1810,2014-03-13,82.0,81.0
1811,2014-03-14,81.0,80.0
1812,2014-03-17,81.0,81.0
1813,2014-03-18,81.0,82.0
1814,2014-03-19,82.0,81.0
1815,2014-03-20,81.0,81.0
1816,2014-03-21,82.0,81.0
1817,2014-03-24,81.0,79.0
1818,2014-03-25,80.0,80.0
1819,2014-03-26,80.0,80.0
1820,2014-03-27,79.0,80.0
1821,2014-03-28,80.0,81.0
1822,2014-03-31,81.0,81.0
1823,2014-04-01,82.0,82.0
1824,2014-04-02,82.0,82.0
1825,2014-04-03,83.0,84.0
1826,2014-04-04,84.0,83.0
1827,2014-04-07,82.0,81.0
1828,2014-04-08,81.0,81.0
1829,2014-04-09,81.0,82.0
1830,2014-04-10,82.0,80.0
1831,2014-04-11,79.0,79.0
1832,2014-04-14,80.0,80.0
1833,2014-04-15,80.0,80.0
1834,2014-04-16,80.0,79.0
1835,2014-04-17,79.0,79.0
1836,2014-04-21,79.0,79.0
1837,2014-04-22,80.0,79.0
1838,2014-04-23,79.0,78.0
1839,2014-04-24,80.0,78.0
1840,2014-04-25,78.0,77.0
1841,2014-04-28,77.0,77.0
1842,2014-04-29,77.0,78.0
1843,2014-04-30,78.0,78.0
1844,2014-05-01,78.0,77.0
1845,2014-05-02,77.0,78.0
1846,2014-05-05,78.0,79.0
1847,2014-05-06,79.0,79.0
1848,2014-05-07,79.0,79.0
1849,2014-05-08,79.0,80.0
1850,2014-05-09,80.0,81.0
1851,2014-05-12,81.0,81.0
1852,2014-05-13,81.0,80.0
1853,2014-05-14,80.0,80.0
1854,2014-05-15,80.0,79.0
1855,2014-05-16,79.0,80.0
1856,2014-05-19,80.0,80.0
1857,2014-05-20,80.0,80.0
1858,2014-05-21,80.0,80.0
1859,2014-05-22,80.0,81.0
1860,2014-05-23,80.0,80.0
1861,2014-05-27,80.0,80.0
1862,2014-05-28,84.0,83.0
1863,2014-05-29,83.0,84.0
1864,2014-05-30,85.0,84.0
1865,2014-06-02,85.0,85.0
1866,2014-06-03,85.0,85.0
1867,2014-06-04,85.0,86.0
1868,2014-06-05,85.0,86.0
1869,2014-06-06,86.0,86.0
1870,2014-06-09,85.0,86.0
1871,2014-06-10,86.0,85.0
1872,2014-06-11,85.0,85.0
1873,2014-06-12,85.0,84.0
1874,2014-06-13,84.0,83.0
1875,2014-06-16,84.0,85.0
1876,2014-06-17,84.0,84.0
1877,2014-06-18,84.0,84.0
1878,2014-06-19,85.0,86.0
1879,2014-06-20,86.0,86.0
1880,2014-06-23,86.0,85.0
1881,2014-06-24,85.0,85.0
1882,2014-06-25,86.0,86.0
1883,2014-06-26,85.0,85.0
1884,2014-06-27,84.0,84.0
1885,2014-06-30,84.0,84.0
1886,2014-07-01,85.0,86.0
1887,2014-07-02,85.0,85.0
1888,2014-07-03,86.0,86.0
1889,2014-07-07,86.0,86.0
1890,2014-07-08,85.0,84.0
1891,2014-07-09,84.0,84.0
1892,2014-07-10,83.0,84.0
1893,2014-07-11,84.0,84.0
1894,2014-07-14,84.0,83.0
1895,2014-07-15,82.0,83.0
1896,2014-07-16,83.0,82.0
1897,2014-07-17,82.0,82.0
1898,2014-07-18,82.0,82.0
1899,2014-07-21,82.0,82.0
1900,2014-07-22,82.0,82.0
1901,2014-07-23,82.0,82.0
1902,2014-07-24,82.0,81.0
1903,2014-07-25,81.0,80.0
1904,2014-07-28,81.0,80.0
1905,2014-07-29,80.0,80.0
1906,2014-07-30,80.0,80.0
1907,2014-07-31,80.0,80.0
1908,2014-08-01,80.0,80.0
1909,2014-08-04,80.0,81.0
1910,2014-08-05,80.0,80.0
1911,2014-08-06,79.0,80.0
1912,2014-08-07,80.0,79.0
1913,2014-08-08,80.0,80.0
1914,2014-08-11,80.0,80.0
1915,2014-08-12,80.0,80.0
1916,2014-08-13,80.0,81.0
1917,2014-08-14,81.0,81.0
1918,2014-08-15,81.0,80.0
1919,2014-08-18,81.0,81.0
1920,2014-08-19,81.0,82.0
1921,2014-08-20,82.0,82.0
1922,2014-08-21,82.0,83.0
1923,2014-08-22,83.0,82.0
1924,2014-08-25,82.0,83.0
1925,2014-08-26,83.0,83.0
1926,2014-08-27,83.0,82.0
1927,2014-08-28,82.0,83.0
1928,2014-08-29,83.0,83.0
1929,2014-09-02,84.0,83.0
1930,2014-09-03,84.0,84.0
1931,2014-09-04,84.0,83.0
1932,2014-09-05,83.0,84.0
1933,2014-09-08,84.0,84.0
1934,2014-09-09,84.0,84.0
1935,2014-09-10,84.0,84.0
1936,2014-09-11,84.0,84.0
1937,2014-09-12,84.0,83.0
1938,2014-09-15,83.0,83.0
1939,2014-09-16,84.0,84.0
1940,2014-09-17,84.0,84.0
1941,2014-09-18,84.0,84.0
1942,2014-09-19,84.0,83.0
1943,2014-09-22,83.0,82.0
1944,2014-09-23,81.0,82.0
1945,2014-09-24,82.0,82.0
1946,2014-09-25,82.0,81.0
1947,2014-09-26,81.0,82.0
1948,2014-09-29,81.0,82.0
1949,2014-09-30,81.0,81.0
1950,2014-10-01,81.0,81.0
1951,2014-10-02,81.0,82.0
1952,2014-10-03,82.0,83.0
1953,2014-10-06,83.0,84.0
1954,2014-10-07,83.0,82.0
1955,2014-10-08,83.0,84.0
1956,2014-10-09,84.0,83.0
1957,2014-10-10,83.0,82.0
1958,2014-10-13,82.0,81.0
1959,2014-10-14,82.0,81.0
1960,2014-10-15,80.0,79.0
1961,2014-10-16,79.0,79.0
1962,2014-10-17,79.0,80.0
1963,2014-10-20,80.0,81.0
1964,2014-10-21,82.0,82.0
1965,2014-10-22,82.0,83.0
1966,2014-10-23,83.0,84.0
1967,2014-10-24,83.0,84.0
1968,2014-10-27,84.0,84.0
1969,2014-10-28,85.0,86.0
1970,2014-10-29,86.0,87.0
1971,2014-10-30,86.0,87.0
1972,2014-10-31,88.0,88.0
1973,2014-11-03,87.0,87.0
1974,2014-11-04,87.0,88.0
1975,2014-11-05,88.0,88.0
1976,2014-11-06,88.0,89.0
1977,2014-11-07,88.0,87.0
1978,2014-11-10,87.0,88.0
1979,2014-11-11,88.0,89.0
1980,2014-11-12,88.0,89.0
1981,2014-11-13,89.0,89.0
1982,2014-11-14,89.0,88.0
1983,2014-11-17,88.0,89.0
1984,2014-11-18,89.0,90.0
1985,2014-11-19,90.0,90.0
1986,2014-11-20,89.0,90.0
1987,2014-11-21,91.0,90.0
1988,2014-11-24,91.0,91.0
1989,2014-11-25,91.0,92.0
1990,2014-11-26,92.0,92.0
1991,2014-11-28,93.0,93.0
1992,2014-12-01,93.0,93.0
1993,2014-12-02,93.0,95.0
1994,2014-12-03,95.0,95.0
1995,2014-12-04,94.0,94.0
1996,2014-12-05,94.0,95.0
1997,2014-12-08,95.0,95.0
1998,2014-12-09,94.0,94.0
1999,2014-12-10,94.0,93.0
2000,2014-12-11,93.0,93.0
2001,2014-12-12,93.0,92.0
2002,2014-12-15,93.0,91.0
2003,2014-12-16,91.0,91.0
2004,2014-12-17,91.0,93.0
2005,2014-12-18,94.0,96.0
2006,2014-12-19,96.0,95.0
2007,2014-12-22,95.0,95.0
2008,2014-12-23,95.0,97.0
2009,2014-12-24,97.0,96.0
2010,2014-12-26,96.0,96.0
2011,2014-12-29,95.0,95.0
2012,2014-12-30,95.0,96.0
2013,2014-12-31,96.0,94.0
2014,2015-01-02,95.0,94.0
2015,2015-01-05,91.0,93.0
2016,2015-01-06,93.0,92.0
2017,2015-01-07,93.0,94.0
2018,2015-01-08,95.0,96.0
2019,2015-01-09,95.0,95.0
2020,2015-01-12,95.0,94.0
2021,2015-01-13,95.0,94.0
2022,2015-01-14,93.0,93.0
2023,2015-01-15,94.0,92.0
2024,2015-01-16,91.0,92.0
2025,2015-01-20,93.0,92.0
2026,2015-01-21,91.0,92.0
2027,2015-01-22,92.0,93.0
2028,2015-01-23,93.0,93.0
2029,2015-01-26,92.0,93.0
2030,2015-01-27,92.0,92.0
2031,2015-01-28,93.0,93.0
2032,2015-01-29,93.0,94.0
2033,2015-01-30,93.0,91.0
2034,2015-02-02,91.0,92.0
2035,2015-02-03,92.0,93.0
2036,2015-02-04,93.0,92.0
2037,2015-02-05,93.0,94.0
2038,2015-02-06,94.0,93.0
2039,2015-02-09,92.0,92.0
2040,2015-02-10,92.0,93.0
2041,2015-02-11,93.0,93.0
2042,2015-02-12,93.0,93.0
2043,2015-02-13,93.0,95.0
2044,2015-02-17,95.0,95.0
2045,2015-02-18,95.0,95.0
2046,2015-02-19,95.0,95.0
2047,2015-02-20,94.0,95.0
2048,2015-02-23,95.0,96.0
2049,2015-02-24,95.0,95.0
2050,2015-02-25,95.0,95.0
2051,2015-02-26,95.0,94.0
2052,2015-02-27,94.0,95.0
2053,2015-03-02,95.0,96.0
2054,2015-03-03,96.0,92.0
2055,2015-03-04,92.0,92.0
2056,2015-03-05,92.0,93.0
2057,2015-03-06,92.0,90.0
2058,2015-03-09,90.0,91.0
2059,2015-03-10,90.0,90.0
2060,2015-03-11,90.0,90.0
2061,2015-03-12,91.0,92.0
2062,2015-03-13,92.0,91.0
2063,2015-03-16,92.0,93.0
2064,2015-03-17,92.0,92.0
2065,2015-03-18,92.0,93.0
2066,2015-03-19,93.0,94.0
2067,2015-03-20,94.0,94.0
2068,2015-03-23,93.0,94.0
2069,2015-03-24,94.0,93.0
2070,2015-03-25,94.0,92.0
2071,2015-03-26,92.0,92.0
2072,2015-03-27,91.0,93.0
2073,2015-03-30,93.0,94.0
2074,2015-03-31,93.0,92.0
2075,2015-04-01,92.0,91.0
2076,2015-04-02,90.0,91.0
2077,2015-04-06,90.0,92.0
2078,2015-04-07,92.0,91.0
2079,2015-04-08,92.0,92.0
2080,2015-04-09,92.0,93.0
2081,2015-04-10,93.0,94.0
2082,2015-04-13,93.0,93.0
2083,2015-04-14,93.0,93.0
2084,2015-04-15,93.0,92.0
2085,2015-04-16,92.0,92.0
2086,2015-04-17,92.0,92.0
2087,2015-04-20,93.0,93.0
2088,2015-04-21,94.0,95.0
2089,2015-04-22,95.0,96.0
2090,2015-04-23,96.0,97.0
2091,2015-04-24,97.0,97.0
2092,2015-04-27,97.0,95.0
2093,2015-04-28,95.0,95.0
2094,2015-04-29,95.0,94.0
2095,2015-04-30,94.0,92.0
2096,2015-05-01,93.0,93.0
2097,2015-05-04,94.0,94.0
2098,2015-05-05,93.0,93.0
2099,2015-05-06,93.0,93.0
2100,2015-05-07,92.0,93.0
2101,2015-05-08,94.0,95.0
2102,2015-05-11,95.0,94.0
2103,2015-05-12,94.0,93.0
2104,2015-05-13,93.0,93.0
2105,2015-05-14,94.0,95.0
2106,2015-05-15,95.0,96.0
2107,2015-05-18,96.0,97.0
2108,2015-05-19,96.0,97.0
2109,2015-05-20,97.0,97.0
2110,2015-05-21,97.0,96.0
2111,2015-05-22,96.0,96.0
2112,2015-05-26,96.0,96.0
2113,2015-05-27,96.0,97.0
2114,2015-05-28,96.0,96.0
2115,2015-05-29,96.0,96.0
2116,2015-06-01,97.0,96.0
2117,2015-06-02,96.0,96.0
2118,2015-06-03,96.0,96.0
2119,2015-06-04,96.0,95.0
2120,2015-06-05,95.0,95.0
2121,2015-06-08,95.0,95.0
2122,2015-06-09,94.0,94.0
2123,2015-06-10,94.0,96.0
2124,2015-06-11,96.0,97.0
2125,2015-06-12,96.0,96.0
2126,2015-06-15,95.0,95.0
2127,2015-06-16,95.0,95.0
2128,2015-06-17,95.0,95.0
2129,2015-06-18,95.0,97.0
2130,2015-06-19,97.0,97.0
2131,2015-06-22,98.0,97.0
2132,2015-06-23,97.0,97.0
2133,2015-06-24,96.0,97.0
2134,2015-06-25,97.0,96.0
2135,2015-06-26,96.0,97.0
2136,2015-06-29,97.0,95.0
2137,2015-06-30,96.0,96.0
2138,2015-07-01,96.0,96.0
2139,2015-07-02,96.0,96.0
2140,2015-07-06,95.0,96.0
2141,2015-07-07,96.0,97.0
2142,2015-07-08,96.0,95.0
2143,2015-07-09,97.0,96.0
2144,2015-07-10,97.0,96.0
2145,2015-07-13,97.0,98.0
2146,2015-07-14,98.0,98.0
2147,2015-07-15,98.0,98.0
2148,2015-07-16,98.0,98.0
2149,2015-07-17,98.0,98.0
2150,2015-07-20,98.0,98.0
2151,2015-07-21,98.0,99.0
2152,2015-07-22,99.0,99.0
2153,2015-07-23,99.0,98.0
2154,2015-07-24,100.0,101.0
2155,2015-07-27,101.0,100.0
2156,2015-07-28,101.0,102.0
2157,2015-07-29,102.0,102.0
2158,2015-07-30,102.0,102.0
2159,2015-07-31,102.0,102.0
2160,2015-08-03,102.0,102.0
2161,2015-08-04,102.0,101.0
2162,2015-08-05,102.0,103.0
2163,2015-08-06,103.0,101.0
2164,2015-08-07,101.0,101.0
2165,2015-08-10,102.0,102.0
2166,2015-08-11,101.0,102.0
2167,2015-08-12,102.0,103.0
2168,2015-08-13,103.0,103.0
2169,2015-08-14,103.0,104.0
2170,2015-08-17,103.0,104.0
2171,2015-08-18,104.0,104.0
2172,2015-08-19,104.0,105.0
2173,2015-08-20,104.0,103.0
2174,2015-08-21,102.0,99.0
2175,2015-08-24,95.0,96.0
2176,2015-08-25,98.0,95.0
2177,2015-08-26,98.0,99.0
2178,2015-08-27,100.0,101.0
2179,2015-08-28,100.0,100.0
2180,2015-08-31,99.0,99.0
2181,2015-09-01,96.0,95.0
2182,2015-09-02,97.0,97.0
2183,2015-09-03,98.0,97.0
2184,2015-09-04,96.0,95.0
2185,2015-09-08,97.0,99.0
2186,2015-09-09,99.0,97.0
2187,2015-09-10,97.0,98.0
2188,2015-09-11,98.0,100.0
2189,2015-09-14,100.0,99.0
2190,2015-09-15,99.0,100.0
2191,2015-09-16,100.0,101.0
2192,2015-09-17,101.0,101.0
2193,2015-09-18,100.0,99.0
2194,2015-09-21,100.0,100.0
2195,2015-09-22,98.0,99.0
2196,2015-09-23,98.0,99.0
2197,2015-09-24,98.0,98.0
2198,2015-09-25,99.0,97.0
2199,2015-09-28,95.0,92.0
2200,2015-09-29,93.0,93.0
2201,2015-09-30,94.0,94.0
2202,2015-10-01,94.0,95.0
2203,2015-10-02,94.0,96.0
2204,2015-10-05,96.0,97.0
2205,2015-10-06,97.0,95.0
2206,2015-10-07,95.0,96.0
2207,2015-10-08,96.0,97.0
2208,2015-10-09,97.0,98.0
2209,2015-10-12,98.0,99.0
2210,2015-10-13,98.0,98.0
2211,2015-10-14,98.0,97.0
2212,2015-10-15,97.0,99.0
2213,2015-10-16,99.0,100.0
2214,2015-10-19,100.0,100.0
2215,2015-10-20,100.0,99.0
2216,2015-10-21,100.0,100.0
2217,2015-10-22,100.0,99.0
2218,2015-10-23,98.0,94.0
2219,2015-10-26,94.0,94.0
2220,2015-10-27,94.0,94.0
2221,2015-10-28,94.0,96.0
2222,2015-10-29,95.0,96.0
2223,2015-10-30,96.0,96.0
2224,2015-11-02,96.0,97.0
2225,2015-11-03,97.0,97.0
2226,2015-11-04,97.0,98.0
2227,2015-11-05,98.0,98.0
2228,2015-11-06,97.0,98.0
2229,2015-11-09,97.0,97.0
2230,2015-11-10,97.0,98.0
2231,2015-11-11,98.0,98.0
2232,2015-11-12,96.0,96.0
2233,2015-11-13,95.0,96.0
2234,2015-11-16,96.0,97.0
2235,2015-11-17,97.0,97.0
2236,2015-11-18,97.0,97.0
2237,2015-11-19,97.0,95.0
2238,2015-11-20,96.0,96.0
2239,2015-11-23,97.0,96.0
2240,2015-11-24,95.0,97.0
2241,2015-11-25,97.0,97.0
2242,2015-11-27,98.0,98.0
2243,2015-11-30,98.0,96.0
2244,2015-12-01,97.0,97.0
2245,2015-12-02,97.0,96.0
2246,2015-12-03,96.0,93.0
2247,2015-12-04,93.0,94.0
2248,2015-12-07,94.0,94.0
2249,2015-12-08,94.0,94.0
2250,2015-12-09,93.0,92.0
2251,2015-12-10,92.0,93.0
2252,2015-12-11,92.0,92.0
2253,2015-12-14,90.0,91.0
2254,2015-12-15,92.0,92.0
2255,2015-12-16,93.0,94.0
2256,2015-12-17,94.0,93.0
2257,2015-12-18,92.0,91.0
2258,2015-12-21,92.0,91.0
2259,2015-12-22,92.0,93.0
2260,2015-12-23,93.0,94.0
2261,2015-12-24,94.0,94.0
2262,2015-12-28,94.0,94.0
2263,2015-12-29,94.0,95.0
2264,2015-12-30,95.0,94.0
2265,2015-12-31,94.0,93.0
2266,2016-01-04,91.0,90.0
2267,2016-01-05,90.0,91.0
2268,2016-01-06,90.0,91.0
2269,2016-01-07,90.0,88.0
2270,2016-01-08,89.0,88.0
2271,2016-01-11,88.0,88.0
2272,2016-01-12,88.0,89.0
2273,2016-01-13,90.0,89.0
2274,2016-01-14,89.0,91.0
2275,2016-01-15,89.0,91.0
2276,2016-01-19,92.0,92.0
2277,2016-01-20,90.0,91.0
2278,2016-01-21,91.0,92.0
2279,2016-01-22,93.0,94.0
2280,2016-01-25,94.0,94.0
2281,2016-01-26,94.0,96.0
2282,2016-01-27,98.0,99.0
2283,2016-01-28,99.0,97.0
2284,2016-01-29,98.0,99.0
2285,2016-02-01,97.0,99.0
2286,2016-02-02,98.0,99.0
2287,2016-02-03,100.0,99.0
2288,2016-02-04,99.0,100.0
2289,2016-02-05,99.0,97.0
2290,2016-02-08,96.0,96.0
2291,2016-02-09,95.0,97.0
2292,2016-02-10,97.0,98.0
2293,2016-02-11,96.0,96.0
2294,2016-02-12,97.0,97.0
2295,2016-02-16,98.0,97.0
2296,2016-02-17,98.0,96.0
2297,2016-02-18,96.0,97.0
2298,2016-02-19,97.0,98.0
2299,2016-02-22,98.0,99.0
2300,2016-02-23,99.0,99.0
2301,2016-02-24,98.0,100.0
2302,2016-02-25,100.0,102.0
2303,2016-02-26,102.0,101.0
2304,2016-02-29,101.0,100.0
2305,2016-03-01,100.0,101.0
2306,2016-03-02,101.0,102.0
2307,2016-03-03,102.0,103.0
2308,2016-03-04,103.0,103.0
2309,2016-03-07,103.0,103.0
2310,2016-03-08,102.0,103.0
2311,2016-03-09,103.0,103.0
2312,2016-03-10,103.0,104.0
2313,2016-03-11,105.0,105.0
2314,2016-03-14,105.0,105.0
2315,2016-03-15,104.0,105.0
2316,2016-03-16,104.0,105.0
2317,2016-03-17,105.0,103.0
2318,2016-03-18,104.0,105.0
2319,2016-03-21,105.0,105.0
2320,2016-03-22,105.0,105.0
2321,2016-03-23,105.0,106.0
2322,2016-03-24,106.0,105.0
2323,2016-03-28,105.0,105.0
2324,2016-03-29,105.0,107.0
2325,2016-03-30,107.0,107.0
2326,2016-03-31,107.0,107.0
2327,2016-04-01,107.0,109.0
2328,2016-04-04,109.0,109.0
2329,2016-04-05,109.0,107.0
2330,2016-04-06,107.0,108.0
2331,2016-04-07,108.0,108.0
2332,2016-04-08,108.0,109.0
2333,2016-04-11,108.0,108.0
2334,2016-04-12,108.0,109.0
2335,2016-04-13,109.0,110.0
2336,2016-04-14,110.0,110.0
2337,2016-04-15,110.0,110.0
2338,2016-04-18,110.0,110.0
2339,2016-04-19,110.0,110.0
2340,2016-04-20,110.0,111.0
2341,2016-04-21,112.0,109.0
2342,2016-04-22,109.0,109.0
2343,2016-04-25,109.0,109.0
2344,2016-04-26,110.0,110.0
2345,2016-04-27,110.0,110.0
2346,2016-04-28,110.0,110.0
2347,2016-04-29,107.0,109.0
2348,2016-05-02,109.0,110.0
2349,2016-05-03,109.0,109.0
2350,2016-05-04,109.0,109.0
2351,2016-05-05,109.0,110.0
2352,2016-05-06,110.0,111.0
2353,2016-05-09,111.0,111.0
2354,2016-05-10,111.0,112.0
2355,2016-05-11,112.0,111.0
2356,2016-05-12,112.0,112.0
2357,2016-05-13,112.0,111.0
2358,2016-05-16,111.0,112.0
2359,2016-05-17,112.0,110.0
2360,2016-05-18,110.0,110.0
2361,2016-05-19,109.0,109.0
2362,2016-05-20,110.0,110.0
2363,2016-05-23,110.0,110.0
2364,2016-05-24,111.0,112.0
2365,2016-05-25,112.0,112.0
2366,2016-05-26,112.0,112.0
2367,2016-05-27,112.0,112.0
2368,2016-05-31,111.0,111.0
2369,2016-06-01,111.0,112.0
2370,2016-06-02,112.0,113.0
2371,2016-06-03,112.0,114.0
2372,2016-06-06,113.0,114.0
2373,2016-06-07,114.0,113.0
2374,2016-06-08,112.0,114.0
2375,2016-06-09,114.0,115.0
2376,2016-06-10,115.0,115.0
2377,2016-06-13,115.0,114.0
2378,2016-06-14,114.0,115.0
2379,2016-06-15,115.0,114.0
2380,2016-06-16,114.0,115.0
2381,2016-06-17,115.0,114.0
2382,2016-06-20,116.0,116.0
2383,2016-06-21,117.0,116.0
2384,2016-06-22,117.0,117.0
2385,2016-06-23,117.0,118.0
2386,2016-06-24,115.0,117.0
2387,2016-06-27,116.0,115.0
2388,2016-06-28,115.0,116.0
2389,2016-06-29,117.0,119.0
2390,2016-06-30,119.0,120.0
2391,2016-07-01,120.0,120.0
2392,2016-07-05,120.0,121.0
2393,2016-07-06,121.0,121.0
2394,2016-07-07,121.0,121.0
2395,2016-07-08,122.0,122.0
2396,2016-07-11,123.0,123.0
2397,2016-07-12,123.0,123.0
2398,2016-07-13,123.0,123.0
2399,2016-07-14,123.0,122.0
2400,2016-07-15,123.0,122.0
2401,2016-07-18,122.0,122.0
2402,2016-07-19,121.0,122.0
2403,2016-07-20,122.0,122.0
2404,2016-07-21,122.0,123.0
2405,2016-07-22,118.0,117.0
2406,2016-07-25,117.0,116.0
2407,2016-07-26,116.0,116.0
2408,2016-07-27,116.0,115.0
2409,2016-07-28,115.0,115.0
2410,2016-07-29,115.0,116.0
2411,2016-08-01,116.0,117.0
2412,2016-08-02,117.0,116.0
2413,2016-08-03,116.0,115.0
2414,2016-08-04,115.0,115.0
2415,2016-08-05,115.0,115.0
2416,2016-08-08,115.0,115.0
2417,2016-08-09,115.0,115.0
2418,2016-08-10,115.0,116.0
2419,2016-08-11,116.0,116.0
2420,2016-08-12,115.0,116.0
2421,2016-08-15,116.0,115.0
2422,2016-08-16,115.0,113.0
2423,2016-08-17,114.0,113.0
2424,2016-08-18,113.0,114.0
2425,2016-08-19,113.0,114.0
2426,2016-08-22,114.0,114.0
2427,2016-08-23,114.0,114.0
2428,2016-08-24,114.0,113.0
2429,2016-08-25,112.0,113.0
2430,2016-08-26,114.0,114.0
2431,2016-08-29,114.0,116.0
2432,2016-08-30,116.0,116.0
2433,2016-08-31,116.0,116.0
2434,2016-09-01,116.0,115.0
2435,2016-09-02,116.0,116.0
2436,2016-09-06,116.0,117.0
2437,2016-09-07,116.0,115.0
2438,2016-09-08,115.0,115.0
2439,2016-09-09,114.0,111.0
2440,2016-09-12,110.0,113.0
2441,2016-09-13,112.0,111.0
2442,2016-09-14,110.0,111.0
2443,2016-09-15,111.0,114.0
2444,2016-09-16,114.0,114.0
2445,2016-09-19,114.0,114.0
2446,2016-09-20,115.0,115.0
2447,2016-09-21,115.0,116.0
2448,2016-09-22,117.0,118.0
2449,2016-09-23,118.0,118.0
2450,2016-09-26,117.0,116.0
2451,2016-09-27,117.0,118.0
2452,2016-09-28,117.0,117.0
2453,2016-09-29,117.0,116.0
2454,2016-09-30,116.0,116.0
2455,2016-10-03,116.0,116.0
2456,2016-10-04,116.0,116.0
2457,2016-10-05,116.0,117.0
2458,2016-10-06,117.0,117.0
2459,2016-10-07,117.0,116.0
2460,2016-10-10,117.0,118.0
2461,2016-10-11,118.0,114.0
2462,2016-10-12,114.0,114.0
2463,2016-10-13,113.0,114.0
2464,2016-10-14,116.0,114.0
2465,2016-10-17,114.0,114.0
2466,2016-10-18,115.0,115.0
2467,2016-10-19,115.0,114.0
2468,2016-10-20,114.0,115.0
2469,2016-10-21,114.0,114.0
2470,2016-10-24,114.0,115.0
2471,2016-10-25,115.0,113.0
2472,2016-10-26,112.0,110.0
2473,2016-10-27,110.0,110.0
2474,2016-10-28,112.0,114.0
2475,2016-10-31,114.0,115.0
2476,2016-11-01,116.0,115.0
2477,2016-11-02,115.0,116.0
2478,2016-11-03,116.0,116.0
2479,2016-11-04,116.0,117.0
2480,2016-11-07,119.0,120.0
2481,2016-11-08,120.0,121.0
2482,2016-11-09,120.0,116.0
2483,2016-11-10,117.0,114.0
2484,2016-11-11,113.0,110.0
2485,2016-11-14,110.0,107.0
2486,2016-11-15,107.0,110.0
2487,2016-11-16,110.0,109.0
2488,2016-11-17,109.0,111.0
2489,2016-11-18,111.0,111.0
2490,2016-11-21,111.0,111.0
2491,2016-11-22,110.0,111.0
2492,2016-11-23,110.0,112.0
2493,2016-11-25,112.0,113.0
2494,2016-11-28,112.0,113.0
2495,2016-11-29,114.0,115.0
2496,2016-11-30,115.0,114.0
2497,2016-12-01,113.0,112.0
2498,2016-12-02,112.0,112.0
2499,2016-12-05,113.0,112.0
2500,2016-12-06,113.0,113.0
2501,2016-12-07,112.0,114.0
2502,2016-12-08,113.0,116.0
2503,2016-12-09,116.0,116.0
2504,2016-12-12,116.0,118.0
2505,2016-12-13,118.0,118.0
2506,2016-12-14,118.0,117.0
2507,2016-12-15,118.0,119.0
2508,2016-12-16,119.0,119.0
2509,2016-12-19,119.0,119.0
2510,2016-12-20,119.0,120.0
2511,2016-12-21,119.0,119.0
2512,2016-12-22,119.0,120.0
2513,2016-12-23,120.0,121.0
2514,2016-12-27,121.0,121.0
2515,2016-12-28,120.0,120.0
2516,2016-12-29,120.0,121.0
2517,2016-12-30,121.0,120.0
2518,2017-01-03,120.0,119.0
2519,2017-01-04,120.0,120.0
2520,2017-01-05,120.0,119.0
2521,2017-01-06,118.0,118.0
2522,2017-01-09,118.0,119.0
2523,2017-01-10,120.0,122.0
2524,2017-01-11,122.0,124.0
2525,2017-01-12,123.0,123.0
2526,2017-01-13,123.0,123.0
2527,2017-01-17,122.0,123.0
2528,2017-01-18,123.0,122.0
2529,2017-01-19,122.0,122.0
2530,2017-01-20,123.0,122.0
2531,2017-01-23,122.0,121.0
2532,2017-01-24,122.0,122.0
2533,2017-01-25,122.0,121.0
2534,2017-01-26,121.0,121.0
2535,2017-01-27,121.0,123.0
2536,2017-01-30,123.0,123.0
2537,2017-01-31,122.0,124.0
2538,2017-02-01,123.0,123.0
2539,2017-02-02,123.0,123.0
2540,2017-02-03,124.0,123.0
2541,2017-02-06,123.0,122.0
2542,2017-02-07,122.0,123.0
2543,2017-02-08,122.0,122.0
2544,2017-02-09,122.0,123.0
2545,2017-02-10,123.0,123.0
2546,2017-02-13,123.0,124.0
2547,2017-02-14,124.0,125.0
2548,2017-02-15,125.0,126.0
2549,2017-02-16,126.0,126.0
2550,2017-02-17,126.0,126.0
2551,2017-02-21,126.0,127.0
2552,2017-02-22,127.0,127.0
2553,2017-02-23,128.0,129.0
2554,2017-02-24,129.0,129.0
2555,2017-02-27,129.0,129.0
2556,2017-02-28,129.0,129.0
2557,2017-03-01,129.0,131.0
2558,2017-03-02,131.0,131.0
2559,2017-03-03,131.0,130.0
2560,2017-03-06,130.0,130.0
2561,2017-03-07,129.0,129.0
2562,2017-03-08,130.0,129.0
2563,2017-03-09,129.0,130.0
2564,2017-03-10,130.0,130.0
2565,2017-03-13,130.0,131.0
2566,2017-03-14,131.0,131.0
2567,2017-03-15,131.0,133.0
2568,2017-03-16,133.0,132.0
2569,2017-03-17,132.0,133.0
2570,2017-03-20,133.0,133.0
2571,2017-03-21,133.0,132.0
2572,2017-03-22,133.0,132.0
2573,2017-03-23,132.0,132.0
2574,2017-03-24,132.0,133.0
2575,2017-03-27,132.0,132.0
2576,2017-03-28,132.0,133.0
2577,2017-03-29,132.0,132.0
2578,2017-03-30,132.0,132.0
2579,2017-03-31,132.0,132.0
2580,2017-04-03,132.0,132.0
2581,2017-04-04,132.0,131.0
2582,2017-04-05,131.0,131.0
2583,2017-04-06,131.0,131.0
2584,2017-04-07,131.0,131.0
2585,2017-04-10,131.0,131.0
2586,2017-04-11,130.0,131.0
2587,2017-04-12,130.0,130.0
2588,2017-04-13,130.0,130.0
2589,2017-04-17,130.0,131.0
2590,2017-04-18,131.0,131.0
2591,2017-04-19,132.0,132.0
2592,2017-04-20,132.0,133.0
2593,2017-04-21,133.0,133.0
2594,2017-04-24,134.0,134.0
2595,2017-04-25,135.0,136.0
2596,2017-04-26,135.0,136.0
2597,2017-04-27,136.0,135.0
2598,2017-04-28,135.0,136.0
2599,2017-05-01,136.0,136.0
2600,2017-05-02,136.0,136.0
2601,2017-05-03,136.0,136.0
2602,2017-05-04,136.0,135.0
2603,2017-05-05,135.0,136.0
2604,2017-05-08,136.0,135.0
2605,2017-05-09,135.0,135.0
2606,2017-05-10,135.0,134.0
2607,2017-05-11,134.0,135.0
2608,2017-05-12,135.0,135.0
2609,2017-05-15,135.0,136.0
2610,2017-05-16,136.0,135.0
2611,2017-05-17,135.0,134.0
2612,2017-05-18,134.0,135.0
2613,2017-05-19,135.0,137.0
2614,2017-05-22,137.0,139.0
2615,2017-05-23,139.0,140.0
2616,2017-05-24,140.0,140.0
2617,2017-05-25,140.0,141.0
2618,2017-05-26,141.0,141.0
2619,2017-05-30,141.0,142.0
2620,2017-05-31,143.0,143.0
2621,2017-06-01,143.0,145.0
2622,2017-06-02,145.0,144.0
2623,2017-06-05,145.0,144.0
2624,2017-06-06,144.0,144.0
2625,2017-06-07,145.0,144.0
2626,2017-06-08,144.0,142.0
2627,2017-06-09,143.0,142.0
2628,2017-06-12,142.0,141.0
2629,2017-06-13,141.0,141.0
2630,2017-06-14,142.0,142.0
2631,2017-06-15,141.0,141.0
2632,2017-06-16,142.0,142.0
2633,2017-06-19,143.0,141.0
2634,2017-06-20,141.0,141.0
2635,2017-06-21,141.0,141.0
2636,2017-06-22,140.0,141.0
2637,2017-06-23,141.0,141.0
2638,2017-06-26,141.0,140.0
2639,2017-06-27,140.0,140.0
2640,2017-06-28,140.0,140.0
2641,2017-06-29,140.0,139.0
2642,2017-06-30,139.0,139.0
2643,2017-07-03,139.0,138.0
2644,2017-07-05,139.0,140.0
2645,2017-07-06,139.0,139.0
2646,2017-07-07,140.0,141.0
2647,2017-07-10,141.0,141.0
2648,2017-07-11,141.0,140.0
2649,2017-07-12,141.0,144.0
2650,2017-07-13,144.0,143.0
2651,2017-07-14,143.0,145.0
2652,2017-07-17,145.0,145.0
2653,2017-07-18,145.0,145.0
2654,2017-07-19,146.0,146.0
2655,2017-07-20,146.0,147.0
2656,2017-07-21,147.0,146.0
2657,2017-07-24,146.0,147.0
2658,2017-07-25,147.0,146.0
2659,2017-07-26,146.0,146.0
2660,2017-07-27,146.0,144.0
2661,2017-07-28,145.0,148.0
2662,2017-07-31,148.0,147.0
2663,2017-08-01,148.0,148.0
2664,2017-08-02,148.0,145.0
2665,2017-08-03,145.0,146.0
2666,2017-08-04,147.0,147.0
2667,2017-08-07,147.0,147.0
2668,2017-08-08,146.0,146.0
2669,2017-08-09,146.0,145.0
2670,2017-08-10,145.0,144.0
2671,2017-08-11,145.0,144.0
2672,2017-08-14,145.0,146.0
2673,2017-08-15,146.0,147.0
2674,2017-08-16,148.0,147.0
2675,2017-08-17,147.0,145.0
2676,2017-08-18,145.0,144.0
2677,2017-08-21,144.0,145.0
2678,2017-08-22,145.0,146.0
2679,2017-08-23,141.0,138.0
2680,2017-08-24,138.0,139.0
2681,2017-08-25,140.0,140.0
2682,2017-08-28,141.0,140.0
2683,2017-08-29,139.0,139.0
2684,2017-08-30,139.0,139.0
2685,2017-08-31,139.0,141.0
2686,2017-09-01,142.0,141.0
2687,2017-09-05,140.0,142.0
2688,2017-09-06,142.0,141.0
2689,2017-09-07,141.0,142.0
2690,2017-09-08,142.0,142.0
2691,2017-09-11,143.0,144.0
2692,2017-09-12,144.0,144.0
2693,2017-09-13,144.0,143.0
2694,2017-09-14,143.0,144.0
2695,2017-09-15,145.0,144.0
2696,2017-09-18,144.0,145.0
2697,2017-09-19,145.0,143.0
2698,2017-09-20,143.0,143.0
2699,2017-09-21,142.0,141.0
2700,2017-09-22,141.0,141.0
2701,2017-09-25,141.0,140.0
2702,2017-09-26,141.0,141.0
2703,2017-09-27,141.0,141.0
2704,2017-09-28,141.0,140.0
2705,2017-09-29,140.0,142.0
2706,2017-10-02,142.0,144.0
2707,2017-10-03,144.0,144.0
2708,2017-10-04,144.0,146.0
2709,2017-10-05,146.0,148.0
2710,2017-10-06,148.0,149.0
2711,2017-10-09,149.0,146.0
2712,2017-10-10,146.0,145.0
2713,2017-10-11,145.0,146.0
2714,2017-10-12,146.0,147.0
2715,2017-10-13,146.0,147.0
2716,2017-10-16,146.0,147.0
2717,2017-10-17,147.0,149.0
2718,2017-10-18,149.0,149.0
2719,2017-10-19,149.0,149.0
2720,2017-10-20,150.0,150.0
2721,2017-10-23,150.0,150.0
2722,2017-10-24,150.0,150.0
2723,2017-10-25,149.0,150.0
2724,2017-10-26,150.0,149.0
2725,2017-10-27,155.0,160.0
2726,2017-10-30,159.0,155.0
2727,2017-10-31,155.0,155.0
2728,2017-11-01,155.0,154.0
2729,2017-11-02,154.0,155.0
2730,2017-11-03,155.0,156.0
2731,2017-11-06,156.0,156.0
2732,2017-11-07,156.0,156.0
2733,2017-11-08,156.0,156.0
2734,2017-11-09,156.0,157.0
2735,2017-11-10,156.0,154.0
2736,2017-11-13,154.0,156.0
2737,2017-11-14,155.0,156.0
2738,2017-11-15,156.0,155.0
2739,2017-11-16,157.0,156.0
2740,2017-11-17,156.0,155.0
2741,2017-11-20,155.0,155.0
2742,2017-11-21,156.0,156.0
2743,2017-11-22,156.0,155.0
2744,2017-11-24,155.0,155.0
2745,2017-11-27,155.0,155.0
2746,2017-11-28,156.0,156.0
2747,2017-11-29,156.0,154.0
2748,2017-11-30,154.0,156.0
2749,2017-12-01,156.0,156.0
2750,2017-12-04,156.0,152.0
2751,2017-12-05,152.0,152.0
2752,2017-12-06,152.0,152.0
2753,2017-12-07,152.0,151.0
2754,2017-12-08,152.0,152.0
2755,2017-12-11,152.0,153.0
2756,2017-12-12,153.0,154.0
2757,2017-12-13,154.0,153.0
2758,2017-12-14,153.0,151.0
2759,2017-12-15,153.0,154.0
2760,2017-12-18,155.0,155.0
2761,2017-12-19,156.0,155.0
2762,2017-12-20,156.0,155.0
2763,2017-12-21,155.0,154.0
2764,2017-12-22,154.0,154.0
2765,2017-12-26,154.0,154.0
2766,2017-12-27,155.0,156.0
2767,2017-12-28,155.0,156.0
2768,2017-12-29,156.0,155.0
2769,2018-01-02,157.0,158.0
2770,2018-01-03,158.0,159.0
2771,2018-01-04,159.0,159.0
2772,2018-01-05,159.0,161.0
2773,2018-01-08,161.0,163.0
2774,2018-01-09,164.0,161.0
2775,2018-01-10,160.0,160.0
2776,2018-01-11,160.0,159.0
2777,2018-01-12,159.0,158.0
2778,2018-01-16,159.0,159.0
2779,2018-01-17,160.0,160.0
2780,2018-01-18,160.0,160.0
2781,2018-01-19,161.0,161.0
2782,2018-01-22,161.0,163.0
2783,2018-01-23,163.0,162.0
2784,2018-01-24,163.0,164.0
2785,2018-01-25,165.0,166.0
2786,2018-01-26,166.0,169.0
2787,2018-01-29,169.0,169.0
2788,2018-01-30,167.0,168.0
2789,2018-01-31,168.0,164.0
2790,2018-02-01,164.0,165.0
2791,2018-02-02,164.0,162.0
2792,2018-02-05,161.0,154.0
2793,2018-02-06,151.0,154.0
2794,2018-02-07,154.0,154.0
2795,2018-02-08,154.0,148.0
2796,2018-02-09,149.0,151.0
2797,2018-02-12,152.0,154.0
2798,2018-02-13,153.0,155.0
2799,2018-02-14,154.0,156.0
2800,2018-02-15,157.0,159.0
2801,2018-02-16,158.0,160.0
2802,2018-02-20,159.0,159.0
2803,2018-02-21,159.0,158.0
2804,2018-02-22,159.0,159.0
2805,2018-02-23,160.0,162.0
2806,2018-02-26,163.0,166.0
2807,2018-02-27,166.0,164.0
2808,2018-02-28,165.0,162.0
2809,2018-03-01,162.0,159.0
2810,2018-03-02,158.0,161.0
2811,2018-03-05,160.0,163.0
2812,2018-03-06,163.0,163.0
2813,2018-03-07,161.0,163.0
2814,2018-03-08,163.0,163.0
2815,2018-03-09,164.0,166.0
2816,2018-03-12,166.0,168.0
2817,2018-03-13,169.0,167.0
2818,2018-03-14,168.0,166.0
2819,2018-03-15,167.0,166.0
2820,2018-03-16,167.0,168.0
2821,2018-03-19,167.0,166.0
2822,2018-03-20,167.0,167.0
2823,2018-03-21,167.0,165.0
2824,2018-03-22,164.0,161.0
2825,2018-03-23,160.0,158.0
2826,2018-03-26,160.0,160.0
2827,2018-03-27,161.0,159.0
2828,2018-03-28,158.0,158.0
2829,2018-03-29,159.0,161.0
2830,2018-04-02,161.0,156.0
2831,2018-04-03,157.0,159.0
2832,2018-04-04,156.0,159.0
2833,2018-04-05,160.0,160.0
2834,2018-04-06,159.0,155.0
2835,2018-04-09,156.0,157.0
2836,2018-04-10,159.0,160.0
2837,2018-04-11,159.0,158.0
2838,2018-04-12,159.0,159.0
2839,2018-04-13,160.0,158.0
2840,2018-04-16,160.0,162.0
2841,2018-04-17,163.0,164.0
2842,2018-04-18,164.0,165.0
2843,2018-04-19,164.0,164.0
2844,2018-04-20,164.0,164.0
2845,2018-04-23,165.0,167.0
2846,2018-04-24,167.0,165.0
2847,2018-04-25,164.0,165.0
2848,2018-04-26,166.0,168.0
2849,2018-04-27,170.0,171.0
2850,2018-04-30,172.0,169.0
2851,2018-05-01,169.0,169.0
2852,2018-05-02,168.0,167.0
2853,2018-05-03,167.0,167.0
2854,2018-05-04,166.0,168.0
2855,2018-05-07,168.0,167.0
2856,2018-05-08,167.0,167.0
2857,2018-05-09,167.0,167.0
2858,2018-05-10,168.0,169.0
2859,2018-05-11,169.0,169.0
2860,2018-05-14,170.0,169.0
2861,2018-05-15,168.0,168.0
2862,2018-05-16,168.0,172.0
2863,2018-05-17,171.0,171.0
2864,2018-05-18,171.0,173.0
2865,2018-05-21,174.0,174.0
2866,2018-05-22,174.0,173.0
2867,2018-05-23,172.0,175.0
2868,2018-05-24,175.0,175.0
2869,2018-05-25,175.0,174.0
2870,2018-05-29,173.0,172.0
2871,2018-05-30,173.0,175.0
2872,2018-05-31,176.0,174.0
2873,2018-06-01,175.0,175.0
2874,2018-06-04,176.0,176.0
2875,2018-06-05,177.0,177.0
2876,2018-06-06,177.0,180.0
2877,2018-06-07,180.0,178.0
2878,2018-06-08,178.0,179.0
2879,2018-06-11,179.0,170.0
2880,2018-06-12,169.0,163.0
2881,2018-06-13,173.0,167.0
2882,2018-06-14,168.0,169.0
2883,2018-06-15,169.0,168.0
2884,2018-06-18,167.0,170.0
2885,2018-06-19,169.0,170.0
2886,2018-06-20,170.0,170.0
2887,2018-06-21,170.0,170.0
2888,2018-06-22,170.0,172.0
2889,2018-06-25,171.0,170.0
2890,2018-06-26,170.0,172.0
2891,2018-06-27,172.0,169.0
2892,2018-06-28,169.0,169.0
2893,2018-06-29,170.0,169.0
2894,2018-07-02,168.0,170.0
2895,2018-07-03,170.0,170.0
2896,2018-07-05,171.0,171.0
2897,2018-07-06,172.0,173.0
2898,2018-07-09,173.0,174.0
2899,2018-07-10,174.0,174.0
2900,2018-07-11,174.0,173.0
2901,2018-07-12,174.0,174.0
2902,2018-07-13,175.0,174.0
2903,2018-07-16,174.0,173.0
2904,2018-07-17,174.0,176.0
2905,2018-07-18,176.0,174.0
2906,2018-07-19,173.0,173.0
2907,2018-07-20,172.0,174.0
2908,2018-07-23,174.0,175.0
2909,2018-07-24,175.0,173.0
2910,2018-07-25,168.0,170.0
2911,2018-07-26,170.0,171.0
2912,2018-07-27,171.0,169.0
2913,2018-07-30,169.0,165.0
2914,2018-07-31,166.0,163.0
2915,2018-08-01,163.0,165.0
2916,2018-08-02,165.0,166.0
2917,2018-08-03,167.0,165.0
2918,2018-08-06,165.0,166.0
2919,2018-08-07,166.0,165.0
2920,2018-08-08,166.0,166.0
2921,2018-08-09,167.0,167.0
2922,2018-08-10,166.0,166.0
2923,2018-08-13,166.0,166.0
2924,2018-08-14,166.0,166.0
2925,2018-08-15,166.0,167.0
2926,2018-08-16,168.0,169.0
2927,2018-08-17,169.0,170.0
2928,2018-08-20,170.0,169.0
2929,2018-08-21,169.0,168.0
2930,2018-08-22,168.0,170.0
2931,2018-08-23,170.0,169.0
2932,2018-08-24,169.0,170.0
2933,2018-08-27,171.0,170.0
2934,2018-08-28,171.0,170.0
2935,2018-08-29,170.0,171.0
2936,2018-08-30,171.0,169.0
2937,2018-08-31,168.0,169.0
2938,2018-09-04,170.0,169.0
2939,2018-09-05,168.0,168.0
2940,2018-09-06,168.0,171.0
2941,2018-09-07,171.0,170.0
2942,2018-09-10,170.0,170.0
2943,2018-09-11,170.0,172.0
2944,2018-09-12,172.0,173.0
2945,2018-09-13,172.0,173.0
2946,2018-09-14,173.0,170.0
2947,2018-09-17,171.0,170.0
2948,2018-09-18,170.0,174.0
2949,2018-09-19,174.0,174.0
2950,2018-09-20,174.0,173.0
2951,2018-09-21,174.0,174.0
2952,2018-09-24,174.0,176.0
2953,2018-09-25,176.0,176.0
2954,2018-09-26,176.0,176.0
2955,2018-09-27,176.0,175.0
2956,2018-09-28,175.0,178.0
2957,2018-10-01,178.0,179.0
2958,2018-10-02,179.0,177.0
2959,2018-10-03,177.0,175.0
2960,2018-10-04,175.0,174.0
2961,2018-10-05,174.0,174.0
2962,2018-10-08,174.0,175.0
2963,2018-10-09,175.0,176.0
2964,2018-10-10,176.0,171.0
2965,2018-10-11,171.0,169.0
2966,2018-10-12,171.0,171.0
2967,2018-10-15,171.0,169.0
2968,2018-10-16,171.0,175.0
2969,2018-10-17,174.0,176.0
2970,2018-10-18,176.0,173.0
2971,2018-10-19,173.0,169.0
2972,2018-10-22,169.0,168.0
2973,2018-10-23,166.0,167.0
2974,2018-10-24,166.0,163.0
2975,2018-10-25,164.0,165.0
2976,2018-10-26,164.0,160.0
2977,2018-10-29,163.0,162.0
2978,2018-10-30,162.0,162.0
2979,2018-10-31,164.0,162.0
2980,2018-11-01,163.0,167.0
2981,2018-11-02,167.0,165.0
2982,2018-11-05,166.0,166.0
2983,2018-11-06,166.0,167.0
2984,2018-11-07,168.0,170.0
2985,2018-11-08,170.0,171.0
2986,2018-11-09,171.0,171.0
2987,2018-11-12,171.0,170.0
2988,2018-11-13,170.0,168.0
2989,2018-11-14,168.0,166.0
2990,2018-11-15,165.0,169.0
2991,2018-11-16,168.0,172.0
2992,2018-11-19,172.0,168.0
2993,2018-11-20,167.0,166.0
2994,2018-11-21,166.0,164.0
2995,2018-11-23,164.0,165.0
2996,2018-11-26,165.0,166.0
2997,2018-11-27,166.0,167.0
2998,2018-11-28,167.0,172.0
2999,2018-11-29,171.0,171.0
3000,2018-11-30,171.0,175.0
3001,2018-12-03,176.0,174.0
3002,2018-12-04,174.0,172.0
3003,2018-12-06,170.0,172.0
3004,2018-12-07,172.0,169.0
3005,2018-12-10,169.0,171.0
3006,2018-12-11,173.0,172.0
3007,2018-12-12,173.0,173.0
3008,2018-12-13,173.0,173.0
3009,2018-12-14,172.0,167.0
3010,2018-12-17,166.0,160.0
3011,2018-12-18,164.0,161.0
3012,2018-12-19,162.0,158.0
3013,2018-12-20,157.0,154.0
3014,2018-12-21,154.0,151.0
3015,2018-12-24,150.0,145.0
3016,2018-12-26,145.0,151.0
3017,2018-12-27,149.0,155.0
3018,2018-12-28,155.0,155.0
3019,2018-12-31,155.0,157.0
3020,2019-01-02,156.0,154.0
3021,2019-01-03,155.0,152.0
3022,2019-01-04,154.0,157.0
3023,2019-01-07,157.0,157.0
3024,2019-01-08,158.0,159.0
3025,2019-01-09,160.0,160.0
3026,2019-01-10,159.0,161.0
3027,2019-01-11,160.0,159.0
3028,2019-01-14,158.0,158.0
3029,2019-01-15,158.0,162.0
3030,2019-01-16,162.0,163.0
3031,2019-01-17,163.0,164.0
3032,2019-01-18,166.0,168.0
3033,2019-01-22,167.0,166.0
3034,2019-01-23,166.0,166.0
3035,2019-01-24,166.0,167.0
3036,2019-01-25,168.0,166.0
3037,2019-01-28,165.0,162.0
3038,2019-01-29,162.0,161.0
3039,2019-01-30,176.0,179.0
3040,2019-01-31,178.0,178.0
3041,2019-02-01,178.0,177.0
3042,2019-02-04,177.0,177.0
3043,2019-02-05,178.0,179.0
3044,2019-02-06,179.0,181.0
3045,2019-02-07,179.0,181.0
3046,2019-02-08,180.0,183.0
3047,2019-02-11,184.0,184.0
3048,2019-02-12,185.0,186.0
3049,2019-02-13,186.0,185.0
3050,2019-02-14,185.0,186.0
3051,2019-02-15,187.0,187.0
3052,2019-02-19,187.0,186.0
3053,2019-02-20,186.0,188.0
3054,2019-02-21,187.0,188.0
3055,2019-02-22,188.0,189.0
